Player,Age,Tm,Pos,G,GS,MP,FG,FGA,FG%,3P,3PA,3P%,2P,2PA,2P%,eFG%,FT,FTA,FT%,ORB,DRB,TRB,AST,STL,BLK,TOV,PF,PTS,Trp-Dbl,Awards
Luka Dončić,26,LAL,PG,60,60,2153,647,1366,.474,238,653,.364,409,713,.574,.561,473,613,.772,38,434,472,501,98,33,239,139,2005,,AS
Shai Gilgeous-Alexander,27,OKC,PG,60,60,2003,655,1181,.555,102,263,.388,553,918,.602,.598,477,537,.888,32,235,267,395,86,48,130,124,1889,,AS
Jaylen Brown,29,BOS,SF,64,64,2189,662,1389,.477,124,362,.343,538,1027,.524,.521,377,471,.800,74,376,450,329,63,26,228,170,1825,,AS
Donovan Mitchell,29,CLE,SG,63,63,2116,616,1283,.480,210,575,.365,406,708,.573,.562,338,394,.858,45,237,282,364,96,18,179,146,1780,,AS
Tyrese Maxey,25,PHI,PG,61,61,2334,616,1336,.461,202,542,.373,414,794,.521,.537,333,373,.893,18,233,251,407,124,50,149,132,1767,,AS
Kevin Durant,37,HOU,SF,68,68,2480,626,1205,.520,161,392,.411,465,813,.572,.586,350,398,.879,37,334,371,302,57,60,217,126,1763,,AS
Jalen Brunson,29,NYK,PG,67,67,2339,622,1340,.464,182,486,.374,440,854,.515,.532,330,391,.844,29,197,226,442,51,8,157,151,1756,,AS
Anthony Edwards,24,MIN,SG,58,58,2061,585,1189,.492,200,497,.402,385,692,.556,.576,340,427,.796,35,261,296,216,81,48,165,109,1710,,AS
Jamal Murray,28,DEN,PG,68,68,2381,589,1231,.478,208,495,.420,381,736,.518,.563,317,360,.881,28,267,295,483,62,24,155,118,1703,,AS
Nikola Jokić,30,DEN,C,57,57,1983,568,991,.573,102,266,.383,466,725,.643,.625,353,426,.829,167,555,722,609,82,47,220,157,1591,,AS
Kawhi Leonard,34,LAC,SF,56,56,1803,550,1091,.504,149,387,.385,401,704,.570,.572,338,375,.901,57,294,351,204,112,25,118,70,1587,,AS
Julius Randle,31,MIN,PF,72,72,2375,526,1094,.481,99,316,.313,427,778,.549,.526,364,447,.814,120,372,492,367,81,17,195,206,1515,,
James Harden,36,2TM,PG,62,62,2170,442,1016,.435,193,515,.375,249,501,.497,.530,422,478,.883,38,267,305,498,71,25,222,124,1499,,
James Harden,36,LAC,PG,44,44,1559,323,771,.419,135,389,.347,188,382,.492,.506,337,374,.901,27,185,212,358,57,16,162,83,1118,,
James Harden,36,CLE,PG,18,18,611,119,245,.486,58,126,.460,61,119,.513,.604,85,104,.817,11,82,93,140,14,9,60,41,381,,
Cade Cunningham,24,DET,PG,61,61,2096,532,1153,.461,123,355,.346,409,798,.513,.515,310,381,.814,53,287,340,603,90,52,226,192,1497,,AS
Brandon Ingram,28,TOR,SF,68,68,2314,545,1154,.472,121,322,.376,424,832,.510,.525,257,314,.818,55,326,381,251,52,50,172,134,1468,,AS
Desmond Bane,27,ORL,SG,72,72,2463,525,1081,.486,146,377,.387,379,704,.538,.553,269,291,.924,88,216,304,302,75,31,143,227,1465,,
Devin Booker,29,PHO,SG,57,57,1911,476,1057,.450,105,326,.322,371,731,.508,.500,395,455,.868,43,180,223,339,47,17,183,150,1452,,AS
Jalen Johnson,24,ATL,SF,63,63,2219,532,1079,.493,102,292,.349,430,787,.546,.540,266,341,.780,91,562,653,507,83,29,212,134,1432,,AS
Paolo Banchero,23,ORL,PF,62,62,2170,466,1010,.461,78,246,.317,388,764,.508,.500,399,511,.781,71,447,518,314,42,39,187,119,1409,,
Nickeil Alexander-Walker,27,ATL,SG,69,62,2276,472,1051,.449,216,551,.392,256,500,.512,.552,247,274,.901,45,191,236,254,89,36,145,152,1407,,
Trey Murphy III,25,NOP,SF,64,64,2272,482,1024,.471,212,554,.383,270,470,.574,.574,212,240,.883,63,302,365,244,98,22,116,134,1388,,
Victor Wembanyama,22,SAS,C,57,48,1667,476,944,.504,111,316,.351,365,628,.581,.563,322,393,.819,109,527,636,170,58,173,143,147,1385,,AS
Karl-Anthony Towns,30,NYK,C,68,68,2110,469,950,.494,106,290,.366,363,660,.550,.549,331,387,.855,213,602,815,193,60,38,169,238,1375,,AS
Deni Avdija,25,POR,SF,57,57,1892,418,916,.456,112,347,.323,306,569,.538,.517,423,525,.806,68,327,395,381,44,35,219,149,1371,,AS
Pascal Siakam,31,IND,PF,57,57,1907,513,1060,.484,98,272,.360,415,788,.527,.530,245,355,.690,83,292,375,219,64,25,123,135,1369,,AS
Kon Knueppel,20,CHO,SF,71,70,2231,462,949,.487,247,567,.436,215,382,.563,.617,181,208,.870,84,289,373,242,51,17,140,157,1352,,
DeMar DeRozan,36,SAC,PF,72,72,2268,460,929,.495,43,139,.309,417,790,.528,.518,350,406,.862,32,181,213,293,78,22,91,140,1313,,
Scottie Barnes,24,TOR,PF,69,69,2346,502,996,.504,61,206,.296,441,790,.558,.535,218,261,.835,138,400,538,375,95,105,183,194,1283,,AS
Bam Adebayo,28,MIA,C,63,63,2022,444,999,.444,110,341,.323,334,658,.508,.499,282,364,.775,132,486,618,182,73,43,106,111,1280,,
Keyonte George,22,UTA,PG,54,54,1786,402,881,.456,134,361,.371,268,520,.515,.532,337,378,.892,23,176,199,332,58,14,166,120,1275,,
Alperen Şengün,23,HOU,C,62,62,2077,503,974,.516,31,109,.284,472,865,.546,.532,226,333,.679,185,372,557,384,77,64,206,198,1263,,AS
Michael Porter Jr.,27,BRK,SF,52,52,1689,444,958,.463,176,485,.363,268,473,.567,.555,195,227,.859,69,298,367,158,55,13,122,116,1259,,
CJ McCollum,34,2TM,PG,67,51,1985,456,1003,.455,165,445,.371,291,558,.522,.537,171,219,.781,54,173,227,251,52,28,120,123,1248,,
CJ McCollum,34,WAS,SG,35,35,1082,240,529,.454,96,244,.393,144,285,.505,.544,82,102,.804,23,101,124,126,24,9,58,73,658,,
CJ McCollum,34,ATL,PG,32,16,903,216,474,.456,69,201,.343,147,273,.538,.528,89,117,.761,31,72,103,125,28,19,62,50,590,,
Amen Thompson,23,HOU,PG,69,69,2564,479,913,.525,24,107,.224,455,806,.565,.538,262,338,.775,204,337,541,358,101,42,171,155,1244,,
LaMelo Ball,24,CHO,PG,62,59,1706,430,1060,.406,226,612,.369,204,448,.455,.512,134,150,.893,55,245,300,440,76,15,172,165,1220,,
Cooper Flagg,19,DAL,SF,60,60,2028,466,988,.472,59,205,.288,407,783,.520,.502,226,279,.810,73,324,397,277,68,56,145,128,1217,,
Zion Williamson,25,NOP,PF,56,49,1669,447,744,.601,1,4,.250,446,740,.603,.601,301,423,.712,117,205,322,182,57,31,114,128,1196,,
De'Aaron Fox,28,SAS,PG,63,63,1971,449,924,.486,119,348,.342,330,576,.573,.550,173,226,.765,38,200,238,394,75,17,145,142,1190,,AS
Norman Powell,32,MIA,SG,53,50,1594,395,839,.471,146,381,.383,249,458,.544,.558,245,298,.822,20,171,191,137,61,13,106,119,1181,,AS
Derrick White,31,BOS,SG,68,68,2331,406,1026,.396,192,590,.325,214,436,.491,.489,172,191,.901,76,231,307,375,83,95,122,107,1176,,
Jalen Duren,22,DET,C,61,61,1692,451,704,.641,0,0,,451,704,.641,.641,269,365,.737,234,409,643,102,53,50,104,171,1171,,AS
Ryan Rollins,23,MIL,PG,69,62,2218,442,940,.470,169,412,.410,273,528,.517,.560,109,141,.773,51,269,320,388,103,29,183,183,1162,,
Miles Bridges,27,CHO,PF,67,67,2107,417,927,.450,133,404,.329,284,523,.543,.522,187,227,.824,63,330,393,219,41,30,99,116,1154,,
Saddiq Bey,26,NOP,SF,66,58,2051,393,874,.450,134,376,.356,259,498,.520,.526,230,271,.849,112,264,376,171,61,5,61,83,1150,,
Payton Pritchard,28,BOS,PG,69,49,2243,432,950,.455,177,493,.359,255,457,.558,.548,107,122,.877,58,220,278,365,53,8,93,100,1148,,
Matas Buzelis,21,CHI,PF,70,70,2039,404,865,.467,160,441,.363,244,424,.575,.560,168,215,.781,73,319,392,142,50,105,140,161,1136,,
Immanuel Quickley,26,TOR,PG,67,67,2174,394,886,.445,174,465,.374,220,421,.523,.543,170,207,.821,36,237,273,402,87,5,101,136,1132,,
Lauri Markkanen,28,UTA,PF,42,42,1443,384,805,.477,115,324,.355,269,481,.559,.548,240,268,.896,84,205,289,89,42,21,63,77,1123,,
Brandon Miller,23,CHO,SF,55,55,1654,386,895,.431,173,448,.386,213,447,.477,.528,171,192,.891,57,217,274,193,59,41,153,154,1116,,
Austin Reaves,27,LAL,SG,46,40,1593,344,697,.494,108,298,.362,236,399,.591,.571,287,331,.867,31,187,218,253,50,19,133,101,1083,,
Mikal Bridges,29,NYK,SF,73,73,2437,428,882,.485,144,384,.375,284,498,.570,.567,71,86,.826,73,223,296,285,97,60,75,144,1071,,
Chet Holmgren,23,OKC,PF,62,62,1816,393,710,.554,77,219,.352,316,491,.644,.608,206,258,.798,118,439,557,106,34,118,96,138,1069,,AS
LeBron James,41,LAL,SF,51,51,1708,405,790,.513,68,215,.316,337,575,.586,.556,191,257,.743,41,260,301,351,58,31,154,74,1069,,AS
Stephen Curry,37,GSW,PG,39,39,1222,348,744,.468,175,448,.391,173,296,.584,.585,190,204,.931,16,122,138,189,44,16,111,74,1061,,AS
Naji Marshall,28,DAL,SF,69,42,2046,394,759,.519,60,199,.302,334,560,.596,.559,211,277,.762,64,265,329,226,71,6,114,131,1059,,
Dillon Brooks,30,PHO,SF,50,50,1530,383,871,.440,117,341,.343,266,530,.502,.507,161,188,.856,39,144,183,88,52,8,89,166,1044,,
VJ Edgecombe,20,PHI,SG,65,65,2276,389,903,.431,131,374,.350,258,529,.488,.503,133,161,.826,107,263,370,260,93,36,119,191,1042,,
Evan Mobley,24,CLE,PF,57,55,1848,411,762,.539,60,199,.302,351,563,.623,.579,159,263,.605,139,370,509,207,45,106,109,144,1041,,
Jabari Smith Jr.,22,HOU,PF,67,67,2347,374,830,.451,147,411,.358,227,419,.542,.539,140,180,.778,96,357,453,125,53,61,87,167,1035,,
Jaden McDaniels,25,MIN,PF,70,70,2225,391,757,.517,99,238,.416,292,519,.563,.582,144,171,.842,74,225,299,195,78,67,128,237,1025,,
Shaedon Sharpe,22,POR,SG,48,42,1439,386,847,.456,101,297,.340,285,550,.518,.515,152,194,.784,48,164,212,126,68,6,144,95,1025,,
Jerami Grant,31,POR,PF,55,36,1642,320,706,.453,130,336,.387,190,370,.514,.545,253,310,.816,51,141,192,122,41,33,115,139,1023,,
Onyeka Okongwu,25,ATL,C,66,55,2045,378,783,.483,129,345,.374,249,438,.568,.565,136,179,.760,122,388,510,214,74,72,115,217,1021,,
Tim Hardaway Jr.,33,DEN,SG,72,5,1939,323,717,.450,204,500,.408,119,217,.548,.593,146,180,.811,15,175,190,98,36,9,41,90,996,,
Giannis Antetokounmpo,31,MIL,PF,36,36,1039,373,598,.624,15,45,.333,358,553,.647,.636,232,357,.650,98,254,352,196,34,24,115,86,993,,AS
Stephon Castle,21,SAS,PG,60,59,1781,335,721,.465,68,214,.318,267,507,.527,.512,253,342,.740,82,222,304,426,73,19,188,199,991,,
OG Anunoby,28,NYK,PF,59,59,1955,349,716,.487,130,345,.377,219,371,.590,.578,162,199,.814,78,229,307,130,98,41,114,146,990,,
Russell Westbrook,37,SAC,SF,64,58,1853,358,839,.427,128,379,.338,230,460,.500,.503,127,183,.694,80,268,348,426,83,12,209,147,971,,
Jaime Jaquez Jr.,24,MIA,SF,65,1,1849,386,774,.499,40,139,.288,346,635,.545,.525,154,201,.766,83,248,331,311,50,19,134,124,966,,
Reed Sheppard,21,HOU,SG,71,13,1867,352,821,.429,191,492,.388,161,329,.489,.545,65,81,.802,24,176,200,242,105,48,114,154,960,,
Collin Gillespie,26,PHO,PG,72,53,2080,332,772,.430,220,525,.419,112,247,.453,.573,73,84,.869,77,221,298,340,92,14,115,118,957,,
Jeremiah Fears,19,NOP,PG,73,44,1812,362,841,.430,85,250,.340,277,591,.469,.481,145,183,.792,50,211,261,234,82,24,162,127,954,,
Toumani Camara,25,POR,PF,73,73,2427,338,776,.436,186,515,.361,152,261,.582,.555,89,128,.695,116,265,381,184,78,30,135,212,951,,
Brice Sensabaugh,22,UTA,SF,67,15,1528,334,736,.454,135,385,.351,199,351,.567,.546,141,169,.834,55,148,203,111,48,9,100,125,944,,
Naz Reid,26,MIN,C,69,2,1795,357,764,.467,149,401,.372,208,363,.573,.565,80,110,.727,80,348,428,160,66,68,111,172,943,,
Nikola Vučević,35,2TM,C,60,49,1740,382,770,.496,95,255,.373,287,515,.557,.558,76,91,.835,120,397,517,203,37,40,80,119,935,,
Nikola Vučević,35,CHI,C,48,48,1480,333,660,.505,82,218,.376,251,442,.568,.567,62,74,.838,100,331,431,181,32,31,69,97,810,,
Nikola Vučević,35,BOS,C,12,1,260,49,110,.445,13,37,.351,36,73,.493,.505,14,17,.824,20,66,86,22,5,9,11,22,125,,
Keldon Johnson,26,SAS,SF,72,0,1670,360,676,.533,87,228,.382,273,448,.609,.597,126,159,.792,117,274,391,95,40,9,62,145,933,,
Brandin Podziemski,22,GSW,SG,72,33,2037,330,743,.444,127,352,.361,203,391,.519,.530,145,191,.759,70,307,377,271,79,14,116,124,932,,
Jaren Jackson Jr.,26,2TM,C,48,48,1454,342,719,.476,84,235,.357,258,484,.533,.534,163,203,.803,42,230,272,94,53,69,107,179,931,,
Jaren Jackson Jr.,26,MEM,C,45,45,1382,318,670,.475,79,220,.359,239,450,.531,.534,149,187,.797,41,218,259,86,47,68,100,170,864,,
Jaren Jackson Jr.,26,UTA,C,3,3,72,24,49,.490,5,15,.333,19,34,.559,.541,14,16,.875,1,12,13,8,6,1,7,9,67,,
Andrew Nembhard,26,IND,PG,54,54,1684,320,719,.445,101,277,.365,219,442,.495,.515,183,224,.817,24,130,154,398,50,7,131,116,924,,
Anthony Black,22,ORL,PG,60,40,1841,332,736,.451,96,283,.339,236,453,.521,.516,157,215,.730,44,188,232,229,86,41,125,159,917,,
Bobby Portis,30,MIL,PF,67,9,1619,366,750,.488,135,296,.456,231,454,.509,.578,48,68,.706,89,339,428,105,41,12,66,110,915,,
Ayo Dosunmu,26,2TM,SG,63,14,1685,345,667,.517,114,256,.445,231,411,.562,.603,111,129,.860,42,161,203,223,49,16,83,120,915,,
Ayo Dosunmu,26,CHI,SG,45,10,1187,250,486,.514,87,193,.451,163,293,.556,.604,90,105,.857,33,103,136,164,34,12,61,78,677,,
Ayo Dosunmu,26,MIN,SG,18,4,498,95,181,.525,27,63,.429,68,118,.576,.599,21,24,.875,9,58,67,59,15,4,22,42,238,,
Andrew Wiggins,30,MIA,SF,58,58,1785,346,728,.475,114,286,.399,232,442,.525,.554,108,137,.788,102,192,294,160,66,60,91,130,914,,
Quentin Grimes,25,PHI,SG,65,18,1956,302,669,.451,114,347,.329,188,322,.584,.537,185,221,.837,41,199,240,223,58,23,123,133,903,,
RJ Barrett,25,TOR,SF,47,47,1410,329,658,.500,83,234,.355,246,424,.580,.563,155,221,.701,43,206,249,155,35,15,80,116,896,,
Donte DiVincenzo,29,MIN,SG,72,72,2221,299,727,.411,212,555,.382,87,172,.506,.557,70,92,.761,64,250,314,291,97,28,107,176,880,,
Joel Embiid,31,PHI,C,33,33,1029,297,600,.495,42,132,.318,255,468,.545,.530,242,282,.858,67,182,249,130,21,35,98,70,878,,
Jaylen Wells,22,MEM,SG,69,69,1821,301,698,.431,129,365,.353,172,333,.517,.524,134,171,.784,61,159,220,111,61,9,74,148,865,,
Josh Giddey,23,CHI,PG,49,46,1572,300,665,.451,97,259,.375,203,406,.500,.524,161,211,.763,60,347,407,446,53,20,176,84,858,,
Kyle Kuzma,30,MIL,PF,65,40,1715,319,651,.490,80,227,.352,239,424,.564,.551,132,182,.725,54,241,295,167,42,25,106,128,850,,
Ace Bailey,19,UTA,SF,63,52,1705,331,741,.447,122,337,.362,209,404,.517,.529,61,78,.782,96,162,258,112,54,39,86,170,845,,
Max Christie,22,DAL,SG,67,58,1974,292,644,.453,159,389,.409,133,255,.522,.577,102,115,.887,15,208,223,135,40,22,87,93,845,,
Donovan Clingan,21,POR,C,68,68,1855,319,610,.523,73,217,.336,246,393,.626,.583,129,190,.679,310,486,796,147,37,113,83,158,840,,
Jaylon Tyson,23,CLE,SG,64,40,1727,317,639,.496,130,286,.455,187,353,.530,.598,75,101,.743,116,212,328,141,50,26,94,161,839,,
Collin Sexton,27,2TM,SG,57,16,1302,284,585,.485,88,225,.391,196,360,.544,.561,182,211,.863,27,89,116,191,56,8,120,112,838,,
Collin Sexton,27,CHO,SG,42,12,938,202,414,.488,57,145,.393,145,269,.539,.557,135,154,.877,18,62,80,157,36,7,89,75,596,,
Collin Sexton,27,CHI,SG,15,4,364,82,171,.480,31,80,.388,51,91,.560,.570,47,57,.825,9,27,36,34,20,1,31,37,242,,
Jarace Walker,22,IND,PF,71,36,1832,285,681,.419,122,329,.371,163,352,.463,.508,130,172,.756,46,319,365,172,58,24,127,118,822,,
Duncan Robinson,31,DET,SF,69,69,1904,276,624,.442,194,484,.401,82,140,.586,.598,73,96,.760,27,156,183,140,40,22,48,153,819,,
Derik Queen,21,NOP,C,72,45,1765,305,637,.479,21,75,.280,284,562,.505,.495,186,232,.802,113,376,489,270,69,64,164,189,817,,
Bennedict Mathurin,23,2TM,SF,44,25,1372,255,589,.433,69,216,.319,186,373,.499,.492,236,270,.874,43,203,246,100,35,11,98,123,815,,
Bennedict Mathurin,23,IND,SF,28,24,891,155,358,.433,58,156,.372,97,202,.480,.514,129,146,.884,22,129,151,63,17,4,64,76,497,,
Bennedict Mathurin,23,LAC,SF,16,1,481,100,231,.433,11,60,.183,89,171,.520,.457,107,124,.863,21,74,95,37,18,7,34,47,318,,
John Collins,28,LAC,PF,59,49,1625,313,565,.554,79,195,.405,234,370,.632,.624,104,134,.776,87,223,310,59,50,47,81,162,809,,
Wendell Carter Jr.,26,ORL,C,68,68,2012,290,567,.511,68,210,.324,222,357,.622,.571,160,201,.796,144,365,509,143,55,43,83,237,808,,
Devin Vassell,25,SAS,SG,57,55,1745,284,649,.438,142,371,.383,142,278,.511,.547,94,115,.817,29,187,216,142,47,22,53,94,804,,
Dyson Daniels,22,ATL,SG,68,68,2246,358,693,.517,16,101,.158,342,592,.578,.528,67,109,.615,155,295,450,404,131,28,121,143,799,,
Julian Champagnie,24,SAS,SF,72,58,1998,260,597,.436,172,450,.382,88,147,.599,.580,106,126,.841,65,348,413,107,56,32,65,119,798,,
Myles Turner,29,MIL,C,66,66,1789,263,598,.440,137,357,.384,126,241,.523,.554,122,163,.748,69,278,347,97,46,100,81,171,785,,
Anfernee Simons,26,2TM,SG,55,5,1372,285,648,.440,146,379,.385,139,269,.517,.552,69,77,.896,31,104,135,134,27,8,68,94,785,,
Anfernee Simons,26,BOS,SG,49,0,1202,250,568,.440,130,329,.395,120,239,.502,.555,64,72,.889,26,92,118,116,27,6,55,82,694,,
Anfernee Simons,26,CHI,SG,6,5,170,35,80,.438,16,50,.320,19,30,.633,.538,5,5,1.000,5,12,17,18,0,2,13,12,91,,
Deandre Ayton,27,LAL,C,63,63,1738,354,527,.672,0,0,,354,527,.672,.672,73,118,.619,165,359,524,54,37,56,78,145,781,,
Jarrett Allen,27,CLE,C,51,51,1405,306,481,.636,1,10,.100,305,471,.648,.637,166,229,.725,133,299,432,97,50,44,69,92,779,,
Grayson Allen,30,PHO,SG,45,26,1335,250,614,.407,149,419,.356,101,195,.518,.529,128,149,.859,31,104,135,185,62,12,72,98,777,,
Maxime Raynaud,22,SAC,C,65,47,1675,329,578,.569,17,59,.288,312,519,.601,.584,100,127,.787,124,350,474,82,30,36,79,153,775,,
Alex Sarr,20,WAS,C,47,47,1282,313,646,.485,49,146,.336,264,500,.528,.522,100,144,.694,103,243,346,127,39,94,81,99,775,,
Noah Clowney,21,BRK,PF,62,56,1695,238,601,.396,125,375,.333,113,226,.500,.500,172,214,.804,52,204,256,104,46,41,96,159,773,,
Brandon Williams,26,DAL,PG,60,15,1320,265,562,.472,35,143,.245,230,419,.549,.503,204,259,.788,28,148,176,226,55,19,112,91,769,,
Jimmy Butler,36,GSW,SF,38,38,1182,240,462,.519,32,85,.376,208,377,.552,.554,248,287,.864,88,123,211,185,55,8,60,46,760,,
Rudy Gobert,33,MIN,C,69,69,2172,304,436,.697,0,4,.000,304,432,.704,.697,151,288,.524,270,521,791,119,54,112,94,176,759,,
Nic Claxton,26,BRK,C,64,63,1807,310,546,.568,3,17,.176,307,529,.580,.571,133,220,.605,162,289,451,240,44,74,88,147,756,,
P.J. Washington,27,DAL,PF,53,50,1648,280,627,.447,71,221,.321,209,406,.515,.503,123,180,.683,79,289,368,97,55,59,91,110,754,,
Cam Spencer,25,MEM,SG,67,17,1595,248,525,.472,136,309,.440,112,216,.519,.602,119,127,.937,37,136,173,361,48,10,86,98,751,,
Zach LaVine,30,SAC,SG,39,37,1224,262,547,.479,99,254,.390,163,293,.556,.569,125,142,.880,8,100,108,89,28,10,74,81,748,,
Sandro Mamukelashvili,26,TOR,C,69,13,1509,277,536,.517,92,250,.368,185,286,.647,.603,102,136,.750,93,238,331,130,55,38,56,134,748,,
Peyton Watson,23,DEN,SF,50,39,1522,270,545,.495,76,185,.411,194,360,.539,.565,129,178,.725,45,201,246,99,50,58,86,124,745,,
Kel'el Ware,21,MIA,C,67,32,1507,302,575,.525,72,198,.364,230,377,.610,.588,66,87,.759,201,417,618,38,55,74,58,105,742,,
Klay Thompson,35,DAL,SF,62,8,1369,261,656,.398,185,476,.389,76,180,.422,.539,31,42,.738,17,118,135,84,32,18,58,64,738,,
Kyle Filipowski,22,UTA,C,70,34,1606,265,549,.483,63,192,.328,202,357,.566,.540,144,193,.746,130,356,486,169,67,36,117,205,737,,
Coby White,25,2TM,SG,41,26,1080,234,528,.443,99,275,.360,135,253,.534,.537,164,201,.816,11,136,147,179,24,5,109,94,731,,
Coby White,25,CHI,SG,29,26,843,172,393,.438,72,208,.346,100,185,.541,.529,124,154,.805,7,101,108,136,20,2,88,71,540,,
Coby White,25,CHO,SG,12,0,237,62,135,.459,27,67,.403,35,68,.515,.559,40,47,.851,4,35,39,43,4,3,21,23,191,,
Moses Moody,23,GSW,SG,60,49,1540,245,557,.440,151,377,.401,94,180,.522,.575,87,113,.770,51,149,200,98,58,34,57,122,728,,
Bub Carrington,20,WAS,PG,71,37,1967,256,615,.416,138,352,.392,118,263,.449,.528,71,99,.717,31,224,255,323,46,15,160,159,721,,
Cedric Coward,22,MEM,SG,54,39,1403,260,560,.464,80,238,.336,180,322,.559,.536,121,143,.846,76,258,334,152,31,23,97,110,721,,
Kyshawn George,22,WAS,SF,48,48,1391,253,577,.438,99,260,.381,154,317,.486,.524,105,131,.802,43,202,245,214,48,43,125,169,710,,
Tobias Harris,33,DET,PF,54,54,1521,261,572,.456,68,197,.345,193,375,.515,.516,119,136,.875,49,234,283,130,48,21,55,94,709,,
Malik Monk,27,SAC,SG,56,1,1240,252,584,.432,114,287,.397,138,297,.465,.529,91,103,.883,14,94,108,166,32,20,81,91,709,,
Josh Hart,30,NYK,SF,58,44,1744,268,531,.505,86,213,.404,182,318,.572,.586,83,115,.722,87,354,441,290,64,17,112,145,705,,
Royce O'Neale,32,PHO,SF,70,65,2035,242,578,.419,195,480,.406,47,98,.480,.587,23,32,.719,52,287,339,195,80,29,97,162,702,,
Tre Jones,26,CHI,PG,54,30,1459,261,480,.544,32,102,.314,229,378,.606,.577,145,175,.829,32,127,159,292,68,10,74,76,699,,
Jrue Holiday,35,POR,PG,44,42,1274,262,574,.456,105,283,.371,157,291,.540,.548,68,84,.810,59,139,198,274,48,5,121,66,697,,
Ajay Mitchell,23,OKC,SG,49,14,1282,257,526,.489,54,155,.348,203,371,.547,.540,128,146,.877,35,135,170,177,66,14,75,99,696,,
Tre Johnson,19,WAS,SG,56,38,1348,253,600,.422,110,300,.367,143,300,.477,.513,76,87,.874,28,128,156,112,31,18,86,110,692,,
Isaiah Collier,21,UTA,PG,59,19,1517,255,515,.495,27,100,.270,228,415,.549,.521,151,209,.722,21,129,150,423,66,20,148,138,688,,
Isaiah Joe,26,OKC,SG,63,9,1384,215,487,.441,155,379,.409,60,108,.556,.601,103,116,.888,31,139,170,90,45,11,40,109,688,,
Harrison Barnes,33,SAS,PF,67,52,1767,234,520,.450,125,324,.386,109,196,.556,.570,93,111,.838,57,139,196,135,45,11,57,75,686,,
Jock Landale,30,2TM,C,65,26,1429,270,528,.511,70,184,.380,200,344,.581,.578,76,119,.639,175,188,363,108,35,34,57,141,686,,
Jock Landale,30,MEM,C,45,25,1060,200,389,.514,49,129,.380,151,260,.581,.577,60,89,.674,141,151,292,75,25,22,46,102,509,,
Jock Landale,30,ATL,C,20,1,369,70,139,.504,21,55,.382,49,84,.583,.579,16,30,.533,34,37,71,33,10,12,11,39,177,,
Dylan Harper,19,SAS,SG,59,1,1317,275,556,.495,48,153,.314,227,403,.563,.538,82,110,.745,42,157,199,227,46,19,82,115,680,,
Dennis Schröder,32,2TM,PG,61,16,1509,229,569,.402,71,214,.332,158,355,.445,.465,151,182,.830,26,139,165,297,49,10,113,95,680,,
Dennis Schröder,32,SAC,PG,40,14,1056,172,422,.408,57,166,.343,115,256,.449,.475,109,133,.820,22,100,122,211,32,6,79,66,510,,
Dennis Schröder,32,CLE,PG,21,2,453,57,147,.388,14,48,.292,43,99,.434,.435,42,49,.857,4,39,43,86,17,4,34,29,170,,
Ivica Zubac,28,2TM,C,48,47,1446,288,482,.598,0,0,,288,482,.598,.598,101,142,.711,162,347,509,105,18,40,86,112,677,,
Ivica Zubac,28,LAC,C,43,42,1328,263,429,.613,0,0,,263,429,.613,.613,93,132,.705,148,325,473,96,16,36,82,104,619,,
Ivica Zubac,28,IND,C,5,5,118,25,53,.472,0,0,,25,53,.472,.472,8,10,.800,14,22,36,9,2,4,4,8,58,,
Darius Garland,26,2TM,PG,36,34,1067,246,529,.465,97,239,.406,149,290,.514,.557,86,100,.860,16,70,86,249,32,4,104,61,675,,
Darius Garland,26,CLE,PG,26,26,792,170,377,.451,59,164,.360,111,213,.521,.529,68,79,.861,12,51,63,180,21,3,73,48,467,,
Darius Garland,26,LAC,PG,10,8,275,76,152,.500,38,75,.507,38,77,.494,.625,18,21,.857,4,19,23,69,11,1,31,13,208,,
Jay Huff,27,IND,C,72,42,1494,248,528,.470,103,329,.313,145,199,.729,.567,75,90,.833,64,210,274,96,38,134,61,172,674,,
Pelle Larsson,24,MIA,SG,61,48,1571,230,470,.489,55,165,.333,175,305,.574,.548,151,189,.799,57,147,204,204,42,14,81,127,666,,
Kevin Porter Jr.,25,MIL,PG,38,36,1261,239,514,.465,46,143,.322,193,371,.520,.510,137,156,.878,34,164,198,280,83,19,110,88,661,,
Tristan Da Silva,24,ORL,SF,67,30,1650,244,544,.449,110,287,.383,134,257,.521,.550,61,68,.897,49,202,251,102,62,23,55,101,659,,
Neemias Queta,26,BOS,C,67,66,1682,276,433,.637,0,6,.000,276,427,.646,.637,107,153,.699,201,358,559,102,57,84,71,186,659,,
Rui Hachimura,27,LAL,PF,59,35,1684,257,509,.505,102,233,.438,155,276,.562,.605,41,54,.759,35,154,189,50,32,18,38,96,657,,
Jalen Suggs,24,ORL,PG,47,46,1268,233,533,.437,94,289,.325,139,244,.570,.525,90,107,.841,30,148,178,247,87,35,120,121,650,,
Mark Williams,24,PHO,C,56,52,1322,261,412,.633,1,1,1.000,260,411,.633,.635,125,163,.767,174,278,452,56,51,50,59,123,648,,
A.J. Green,26,MIL,SG,67,60,1904,210,501,.419,185,453,.408,25,48,.521,.604,37,46,.804,19,148,167,123,31,5,58,152,642,,
Ausar Thompson,23,DET,SF,62,61,1596,256,505,.507,6,23,.261,250,482,.519,.513,97,170,.571,131,228,359,182,119,54,92,168,615,,
De'Andre Hunter,28,2TM,SF,45,25,1176,208,501,.415,75,246,.305,133,255,.522,.490,124,143,.867,30,155,185,90,30,6,75,112,615,,
De'Andre Hunter,28,CLE,SF,43,23,1125,204,482,.423,73,237,.308,131,245,.535,.499,119,137,.869,29,153,182,89,30,6,71,107,600,,
De'Andre Hunter,28,SAC,SF,2,2,51,4,19,.211,2,9,.222,2,10,.200,.263,5,6,.833,1,2,3,1,0,0,4,5,15,,
Jake LaRavia,24,LAL,PF,72,34,1775,215,471,.456,71,222,.320,144,249,.578,.532,107,140,.764,104,171,275,130,84,31,72,166,608,,
Sam Hauser,28,BOS,PF,68,40,1665,212,525,.404,170,446,.381,42,79,.532,.566,13,14,.929,51,211,262,99,37,22,32,98,607,,
Santi Aldama,25,MEM,PF,43,11,1198,228,476,.479,70,200,.350,158,276,.572,.553,76,114,.667,67,220,287,126,37,31,55,69,602,,
Kelly Oubre Jr.,30,PHI,SF,41,36,1330,212,458,.463,74,205,.361,138,253,.545,.544,104,137,.759,41,158,199,71,54,22,59,103,602,,
Precious Achiuwa,26,SAC,C,64,48,1480,255,482,.529,26,81,.321,229,401,.571,.556,61,106,.575,140,275,415,81,56,44,48,108,597,,
Sam Merrill,29,CLE,SG,46,34,1210,200,423,.473,145,330,.439,55,93,.591,.644,51,60,.850,27,93,120,104,27,7,37,116,596,,
Franz Wagner,24,ORL,SF,28,26,891,205,428,.479,42,115,.365,163,313,.521,.528,144,174,.828,41,120,161,101,30,9,48,63,596,,
Zaccharie Risacher,20,ATL,SF,58,45,1370,224,494,.453,88,236,.373,136,258,.527,.543,51,81,.630,62,167,229,71,54,33,54,127,587,,
Cason Wallace,22,OKC,SG,69,56,1863,225,528,.426,86,254,.339,139,274,.507,.508,50,62,.806,58,156,214,189,139,25,69,139,586,,
Aaron Nesmith,26,IND,SF,43,40,1267,196,485,.404,99,264,.375,97,221,.439,.506,90,107,.841,47,130,177,83,24,23,55,114,581,,
Khris Middleton,34,2TM,SF,54,44,1278,205,481,.426,58,164,.354,147,317,.464,.486,108,124,.871,48,157,205,158,40,9,93,128,576,,
Khris Middleton,34,WAS,SF,34,34,827,130,300,.433,33,99,.333,97,201,.483,.488,58,69,.841,30,104,134,111,26,9,57,86,351,,
Khris Middleton,34,DAL,SF,20,10,451,75,181,.414,25,65,.385,50,116,.431,.483,50,55,.909,18,53,71,47,14,0,36,42,225,,
Kevin Huerter,27,2TM,SF,59,11,1298,222,496,.448,80,273,.293,142,223,.637,.528,49,64,.766,31,177,208,145,49,32,55,103,573,,
Kevin Huerter,27,CHI,SF,44,11,1037,184,404,.455,70,223,.314,114,181,.630,.542,41,56,.732,23,146,169,116,35,26,49,85,479,,
Kevin Huerter,27,DET,SG,15,0,261,38,92,.413,10,50,.200,28,42,.667,.467,8,8,1.000,8,31,39,29,14,6,6,18,94,,
Marcus Smart,31,LAL,SG,60,53,1725,185,464,.399,96,286,.336,89,178,.500,.502,102,125,.816,36,129,165,168,84,22,87,157,568,,
Jordan Clarkson,33,NYK,SG,63,1,1144,213,474,.449,70,208,.337,143,266,.538,.523,71,87,.816,51,57,108,86,26,9,59,108,567,,
GG Jackson II,21,MEM,PF,48,21,1006,213,427,.499,52,161,.323,161,266,.605,.560,89,124,.718,42,161,203,66,28,37,71,70,567,,
Cam Thomas,24,2TM,SG,42,8,881,189,461,.410,52,168,.310,137,293,.468,.466,137,169,.811,11,60,71,108,9,4,74,43,567,,
Cam Thomas,24,BRK,SG,24,8,582,123,308,.399,38,117,.325,85,191,.445,.461,91,108,.843,9,34,43,74,4,2,48,31,375,,
Cam Thomas,24,MIL,SG,18,0,299,66,153,.431,14,51,.275,52,102,.510,.477,46,61,.754,2,26,28,34,5,2,26,12,192,,
Will Riley,19,WAS,SF,63,12,1285,198,456,.434,62,186,.333,136,270,.504,.502,105,134,.784,50,111,161,108,38,6,74,67,563,,
Bruce Brown,29,DEN,SG,73,2,1796,214,457,.468,49,128,.383,165,329,.502,.522,85,111,.766,79,204,283,155,73,18,81,170,562,,
Ron Holland,20,DET,SF,67,5,1344,205,469,.437,38,170,.224,167,299,.559,.478,112,137,.818,77,204,281,84,79,21,85,155,560,,
Cameron Johnson,29,DEN,SF,47,47,1431,190,406,.468,92,215,.428,98,191,.513,.581,87,104,.837,35,140,175,110,33,17,40,110,559,,
Aaron Wiggins,27,OKC,SG,57,19,1289,210,489,.429,87,244,.357,123,245,.502,.518,50,68,.735,38,149,187,98,54,26,76,76,557,,
Bilal Coulibaly,21,WAS,SG,49,49,1315,190,453,.419,57,179,.318,133,274,.485,.482,116,154,.753,41,176,217,130,68,47,73,125,553,,
Isaiah Stewart,24,DET,C,55,13,1273,209,386,.541,39,117,.333,170,269,.632,.592,95,125,.760,92,189,281,66,15,90,63,156,552,,
Kris Dunn,31,LAC,PG,72,63,1983,209,434,.482,73,192,.380,136,242,.562,.566,60,77,.779,52,186,238,262,115,11,97,171,551,,
Davion Mitchell,27,MIA,PG,61,61,1727,218,455,.479,76,190,.400,142,265,.536,.563,39,57,.684,26,135,161,402,64,10,92,160,551,,
Luke Kennard,29,2TM,SG,68,1,1421,199,367,.542,105,219,.479,94,148,.635,.685,47,51,.922,27,121,148,133,44,8,50,85,550,,
Luke Kennard,29,ATL,SG,46,0,944,129,240,.538,74,149,.497,55,91,.604,.692,32,35,.914,19,80,99,96,33,5,32,53,364,,
Luke Kennard,29,LAL,SG,22,1,477,70,127,.551,31,70,.443,39,57,.684,.673,15,16,.938,8,41,49,37,11,3,18,32,186,,
Jordan Goodwin,27,PHO,PG,63,7,1417,208,510,.408,96,273,.352,112,237,.473,.502,36,51,.706,122,186,308,136,93,12,61,124,548,,
Vít Krejčí,25,2TM,PG,64,8,1387,191,426,.448,128,327,.391,63,99,.636,.599,38,51,.745,31,117,148,100,47,18,41,137,548,,
Vít Krejčí,25,ATL,PG,46,8,1028,143,308,.464,101,239,.423,42,69,.609,.628,27,36,.750,19,78,97,68,37,13,30,108,414,,
Vít Krejčí,25,POR,PG,18,0,359,48,118,.407,27,88,.307,21,30,.700,.521,11,15,.733,12,39,51,32,10,5,11,29,134,,
Simone Fontecchio,30,MIA,SF,64,7,1099,177,439,.403,111,306,.363,66,133,.496,.530,79,94,.840,52,146,198,94,34,9,47,96,544,,
Marvin Bagley III,26,2TM,PF,54,10,1075,219,356,.615,16,35,.457,203,321,.632,.638,88,132,.667,135,197,332,75,25,38,58,109,542,,
Marvin Bagley III,26,WAS,PF,38,8,731,154,246,.626,8,19,.421,146,227,.643,.642,69,97,.711,97,119,216,56,20,27,44,78,385,,
Marvin Bagley III,26,DAL,PF,16,2,344,65,110,.591,8,16,.500,57,94,.606,.627,19,35,.543,38,78,116,19,5,11,14,31,157,,
Jalen Smith,25,CHI,C,52,20,1089,195,403,.484,82,219,.374,113,184,.614,.586,69,93,.742,98,256,354,65,24,41,53,111,541,,
Day'Ron Sharpe,24,BRK,C,62,7,1160,214,356,.601,9,39,.231,205,317,.647,.614,103,152,.678,171,242,413,145,67,26,106,147,540,,
Egor Dёmin,19,BRK,PG,52,45,1308,179,449,.399,124,322,.385,55,127,.433,.537,54,65,.831,21,144,165,173,42,17,86,93,536,,
Tyler Herro,26,MIA,SG,25,20,772,195,401,.486,62,162,.383,133,239,.556,.564,83,89,.933,12,112,124,95,18,9,50,42,535,,
De'Anthony Melton,27,GSW,PG,41,17,933,192,463,.415,61,210,.290,131,253,.518,.481,88,106,.830,32,95,127,100,64,17,76,86,533,,
Moussa Diabaté,24,CHO,C,64,38,1660,207,330,.627,1,2,.500,206,328,.628,.629,108,161,.671,241,321,562,120,48,66,64,152,523,,
Ziaire Williams,24,BRK,SF,52,10,1187,166,388,.428,82,240,.342,84,148,.568,.534,106,121,.876,29,99,128,53,65,20,53,108,520,,
Nique Clifford,23,SAC,SG,67,21,1600,200,489,.409,65,194,.335,135,295,.458,.475,54,78,.692,60,180,240,145,63,21,90,140,519,,
Aaron Gordon,30,DEN,PF,31,28,852,174,347,.501,55,134,.410,119,213,.559,.581,112,147,.762,45,138,183,79,18,8,33,50,515,,
Quinten Post,25,GSW,PF,66,35,1155,193,438,.441,93,277,.336,100,161,.621,.547,34,43,.791,67,200,267,94,26,34,56,125,513,,
Brook Lopez,37,LAC,C,65,30,1358,186,442,.421,95,266,.357,91,176,.517,.528,43,57,.754,32,174,206,80,39,70,52,124,510,,
Danny Wolf,21,BRK,PF,57,15,1187,178,440,.405,68,211,.322,110,229,.480,.482,84,109,.771,57,224,281,127,30,32,73,126,508,,
Daniss Jenkins,24,DET,PG,61,11,1118,179,438,.409,57,152,.375,122,286,.427,.474,92,115,.800,37,85,122,202,55,12,82,85,507,,
Caleb Love,24,POR,SG,45,1,999,189,485,.390,93,290,.321,96,195,.492,.486,36,49,.735,25,89,114,122,27,4,61,47,507,,
Tari Eason,24,HOU,PF,49,32,1276,195,473,.412,78,212,.368,117,261,.448,.495,38,52,.731,98,210,308,78,60,26,73,114,506,,
Justin Champagnie,24,WAS,SF,61,17,1181,194,381,.509,45,136,.331,149,245,.608,.568,72,92,.783,129,208,337,69,52,38,39,97,505,,
Draymond Green,35,GSW,PF,59,59,1611,184,443,.415,89,276,.322,95,167,.569,.516,48,69,.696,49,281,330,314,51,34,160,168,505,,
Bones Hyland,25,MIN,PG,63,3,977,179,383,.467,94,238,.395,85,145,.586,.590,53,68,.779,21,82,103,159,35,14,58,109,505,,
Gui Santos,23,GSW,PF,61,24,1188,188,378,.497,65,190,.342,123,188,.654,.583,63,89,.708,66,165,231,138,52,21,85,120,504,,
Jordan Miller,26,LAC,SF,51,1,1106,175,334,.524,29,89,.326,146,245,.596,.567,119,152,.783,47,111,158,110,37,8,54,48,498,,
Isaac Okoro,25,CHI,SG,55,55,1480,178,396,.449,62,190,.326,116,206,.563,.528,78,98,.796,61,89,150,87,37,24,41,138,496,,
Luguentz Dort,26,OKC,SF,59,59,1634,172,462,.372,107,327,.327,65,135,.481,.488,42,56,.750,50,172,222,74,48,24,47,166,493,,
Dominick Barlow,22,PHI,PF,61,54,1472,194,362,.536,21,79,.266,173,283,.611,.565,82,115,.713,118,174,292,75,56,42,52,126,491,,
T.J. McConnell,33,IND,PG,53,4,916,227,431,.527,14,47,.298,213,384,.555,.543,23,27,.852,22,95,117,272,55,8,63,62,491,,
Jared McCain,21,2TM,SG,57,1,1012,176,417,.422,92,226,.407,84,191,.440,.532,47,54,.870,20,101,121,80,32,5,47,73,491,,
Jared McCain,21,PHI,SG,37,1,620,89,231,.385,45,119,.378,44,112,.393,.483,22,25,.880,6,69,75,62,22,2,30,43,245,,
Jared McCain,21,OKC,SG,20,0,392,87,186,.468,47,107,.439,40,79,.506,.594,25,29,.862,14,32,46,18,10,3,17,30,246,,
Daniel Gafford,27,DAL,C,51,40,1119,192,292,.658,0,0,,192,292,.658,.658,98,137,.715,126,230,356,55,38,63,62,130,482,,
Javonte Green,32,DET,SG,71,5,1259,157,356,.441,75,205,.366,82,151,.543,.546,93,112,.830,55,138,193,47,89,22,42,94,482,,
Jonas Valančiūnas,33,DEN,C,58,5,773,192,335,.573,6,20,.300,186,315,.590,.582,90,117,.769,86,198,284,68,14,31,65,120,480,,
Corey Kispert,26,2TM,SF,51,9,986,167,359,.465,75,211,.355,92,148,.622,.570,69,83,.831,24,98,122,86,15,7,40,55,478,,
Corey Kispert,26,WAS,SF,19,2,370,59,119,.496,30,76,.395,29,43,.674,.622,26,34,.765,6,38,44,32,8,3,14,20,174,,
Corey Kispert,26,ATL,SF,32,7,616,108,240,.450,45,135,.333,63,105,.600,.544,43,49,.878,18,60,78,54,7,4,26,35,304,,
Jalen Williams,24,OKC,SG,27,27,776,183,379,.483,21,67,.313,162,312,.519,.511,86,104,.827,19,106,125,147,33,9,53,57,473,,
Ryan Kalkbrenner,24,CHO,C,59,30,1290,198,265,.747,0,5,.000,198,260,.762,.747,73,106,.689,148,187,335,45,30,86,56,90,469,,
Oso Ighodaro,23,PHO,PF,73,19,1603,210,324,.648,0,1,.000,210,323,.650,.648,48,103,.466,121,239,360,159,70,46,90,195,468,,
Jordan Poole,26,NOP,PG,35,6,843,147,397,.370,85,257,.331,62,140,.443,.477,88,101,.871,8,62,70,106,20,14,60,82,467,,
Jamal Shead,23,TOR,PG,71,8,1565,158,436,.362,72,231,.312,86,205,.420,.445,75,98,.765,25,110,135,372,63,12,95,145,463,,
Luka Garza,27,BOS,C,61,4,968,168,295,.569,46,107,.430,122,188,.649,.647,80,105,.762,139,102,241,57,25,24,42,141,462,,
Herbert Jones,27,NOP,SF,50,50,1456,169,434,.389,71,233,.305,98,201,.488,.471,47,58,.810,45,132,177,142,84,24,65,161,456,,
Gary Trent Jr.,27,MIL,SG,59,17,1246,156,409,.381,108,301,.359,48,108,.444,.513,35,45,.778,7,54,61,71,28,3,31,72,455,,
Miles McBride,25,NYK,SG,35,14,981,157,362,.434,102,243,.420,55,119,.462,.575,35,43,.814,22,69,91,97,30,6,28,64,451,,
Gary Payton II,33,GSW,SG,64,1,954,198,352,.563,36,117,.308,162,235,.689,.614,18,30,.600,86,137,223,110,56,19,56,112,450,,
Walter Clayton,22,2TM,PG,61,4,1212,148,392,.378,61,211,.289,87,181,.481,.455,91,100,.910,17,105,122,236,41,16,95,107,448,,
Walter Clayton,22,UTA,PG,45,0,811,102,256,.398,44,143,.308,58,113,.513,.484,58,62,.935,15,73,88,143,24,12,57,78,306,,
Walter Clayton,22,MEM,PG,16,4,401,46,136,.338,17,68,.250,29,68,.426,.401,33,38,.868,2,32,34,93,17,4,38,29,142,,
Jusuf Nurkić,31,UTA,C,41,36,1083,180,358,.503,25,71,.352,155,287,.540,.538,62,113,.549,106,319,425,196,52,22,101,134,447,,
Jose Alvarado,27,2TM,PG,62,1,1240,162,394,.411,91,262,.347,71,132,.538,.527,30,38,.789,22,130,152,211,59,6,65,114,445,,
Jose Alvarado,27,NOP,PG,41,0,896,117,280,.418,70,193,.363,47,87,.540,.543,20,24,.833,16,98,114,128,37,4,47,80,324,,
Jose Alvarado,27,NYK,PG,21,1,344,45,114,.395,21,69,.304,24,45,.533,.487,10,14,.714,6,32,38,83,22,2,18,34,121,,
Jalen Green,23,PHO,SG,25,20,656,165,406,.406,58,186,.312,107,220,.486,.478,55,74,.743,11,80,91,73,27,3,55,29,443,,
Derrick Jones Jr.,28,LAC,SF,40,35,1099,164,319,.514,49,135,.363,115,184,.625,.591,65,85,.765,45,83,128,58,40,42,32,83,442,,
Landry Shamet,28,NYK,SG,46,12,1059,147,335,.439,95,245,.388,52,90,.578,.581,53,73,.726,19,66,85,67,27,9,28,75,442,,
Svi Mykhailiuk,28,UTA,SF,48,41,1123,162,339,.478,89,221,.403,73,118,.619,.609,25,28,.893,34,84,118,91,24,3,39,62,438,,
Jaden Hardy,23,2TM,SG,50,4,757,152,357,.426,84,213,.394,68,144,.472,.543,49,63,.778,15,61,76,45,14,5,53,71,437,,
Jaden Hardy,23,DAL,SG,34,4,428,78,194,.402,46,124,.371,32,70,.457,.521,31,40,.775,11,36,47,29,9,2,27,39,233,,
Jaden Hardy,23,WAS,SG,16,0,329,74,163,.454,38,89,.427,36,74,.486,.571,18,23,.783,4,25,29,16,5,3,26,32,204,,
Christian Braun,24,DEN,SG,37,37,1183,165,321,.514,35,115,.304,130,206,.631,.569,70,90,.778,53,128,181,106,26,10,40,89,435,,
Paul George,35,PHI,PF,27,27,824,150,354,.424,66,173,.382,84,181,.464,.517,65,76,.855,14,125,139,100,40,13,44,60,431,,
Ja'Kobe Walter,21,TOR,SG,61,12,1173,143,324,.441,83,211,.393,60,113,.531,.569,62,74,.838,46,101,147,66,59,12,31,132,431,,
Terance Mann,29,BRK,SG,59,48,1439,159,349,.456,51,143,.357,108,206,.524,.529,61,78,.782,68,119,187,183,36,14,66,144,430,,
Jaylin Williams,23,OKC,PF,57,11,1147,137,323,.424,89,234,.380,48,89,.539,.562,66,83,.795,32,281,313,144,28,37,63,114,429,,
Kentavious Caldwell-Pope,32,MEM,SG,51,14,1088,150,366,.410,55,174,.316,95,192,.495,.485,73,80,.913,20,105,125,139,43,8,61,57,428,,
Will Richard,23,GSW,SG,62,19,1262,157,330,.476,68,199,.342,89,131,.679,.579,46,54,.852,62,96,158,86,77,7,52,122,428,,
Gradey Dick,22,TOR,SG,66,1,1002,148,351,.422,54,179,.302,94,172,.547,.499,73,83,.880,38,101,139,49,43,7,39,93,423,,
Cody Williams,21,UTA,SG,57,31,1278,172,359,.479,25,104,.240,147,255,.576,.514,54,78,.692,52,107,159,89,38,24,51,103,423,,
Ben Sheppard,24,IND,SG,60,19,1285,153,356,.430,77,215,.358,76,141,.539,.538,36,48,.750,41,142,183,104,35,5,38,106,419,,
Kobe Sanders,23,LAC,SG,59,16,1217,154,336,.458,67,167,.401,87,169,.515,.558,43,53,.811,27,115,142,100,40,8,75,128,418,,
Patrick Williams,24,CHI,PF,61,4,1199,148,388,.381,81,220,.368,67,168,.399,.486,40,55,.727,43,129,172,81,38,20,62,81,417,,
Kristaps Porziņģis,30,2TM,C,25,16,584,136,306,.444,43,127,.339,93,179,.520,.515,102,123,.829,30,91,121,67,16,36,27,70,417,,
Kristaps Porziņģis,30,ATL,C,17,12,413,96,210,.457,31,86,.360,65,124,.524,.531,68,81,.840,21,66,87,46,9,22,16,54,291,,
Kristaps Porziņģis,30,GSW,C,8,4,171,40,96,.417,12,41,.293,28,55,.509,.479,34,42,.810,9,25,34,21,7,14,11,16,126,,
Olivier-Maxence Prosper,23,MEM,PF,47,18,856,148,284,.521,46,119,.387,102,165,.618,.602,74,98,.755,53,108,161,45,34,12,42,69,416,,
Jaxson Hayes,25,LAL,C,60,8,1058,166,223,.744,2,2,1.000,164,221,.742,.749,74,115,.643,90,148,238,53,25,43,26,116,408,,
Nolan Traoré,19,BRK,PG,49,26,1082,149,399,.373,49,150,.327,100,249,.402,.435,61,78,.782,13,68,81,183,33,20,107,104,408,,
Anthony Davis,32,DAL,PF,20,20,626,169,334,.506,10,37,.270,159,297,.535,.521,59,81,.728,62,159,221,56,22,33,41,42,407,,
Luke Kornet,30,SAS,C,61,23,1284,158,247,.640,0,0,,158,247,.640,.640,86,106,.811,172,210,382,111,27,64,26,110,402,,
Tristan Vukcevic,22,WAS,C,46,9,624,140,293,.478,44,132,.333,96,161,.596,.553,76,99,.768,31,109,140,52,17,31,60,72,400,,
Sion James,23,CHO,SG,72,19,1652,120,315,.381,73,196,.372,47,119,.395,.497,78,93,.839,42,207,249,141,42,20,60,130,391,,
Keon Ellis,26,2TM,SG,63,7,1242,136,316,.430,79,214,.369,57,102,.559,.555,39,56,.696,32,82,114,57,74,44,37,114,390,,
Keon Ellis,26,SAC,SG,43,5,758,83,209,.397,53,144,.368,30,65,.462,.524,20,32,.625,15,40,55,26,46,22,21,69,239,,
Keon Ellis,26,CLE,SG,20,2,484,53,107,.495,26,70,.371,27,37,.730,.617,19,24,.792,17,42,59,31,28,22,16,45,151,,
Taylor Hendricks,22,2TM,PF,53,11,983,145,310,.468,56,160,.350,89,150,.593,.558,44,66,.667,60,131,191,52,42,29,44,84,390,,
Taylor Hendricks,22,UTA,PF,33,6,492,58,128,.453,24,70,.343,34,58,.586,.547,23,32,.719,29,70,99,24,13,8,20,40,163,,
Taylor Hendricks,22,MEM,PF,20,5,491,87,182,.478,32,90,.356,55,92,.598,.566,21,34,.618,31,61,92,28,29,21,24,44,227,,
Ja Morant,26,MEM,PG,20,20,569,132,322,.410,20,85,.235,112,237,.473,.441,105,117,.897,8,57,65,161,20,6,71,40,389,,
Dru Smith,28,MIA,SG,67,1,1122,133,319,.417,38,126,.302,95,193,.492,.476,84,101,.832,61,111,172,178,98,21,55,108,388,,
Isaiah Hartenstein,27,OKC,C,40,39,998,165,264,.625,0,7,.000,165,257,.642,.625,57,96,.594,130,253,383,152,39,32,75,106,387,,
Paul Reed,26,DET,C,54,8,718,160,268,.597,11,33,.333,149,235,.634,.618,53,84,.631,110,129,239,61,46,46,48,92,384,,
Pat Spencer,29,GSW,PG,56,12,987,149,347,.429,48,129,.372,101,218,.463,.499,38,48,.792,39,86,125,191,40,4,68,64,384,,
Caris LeVert,31,DET,SG,51,0,991,137,332,.413,53,159,.333,84,173,.486,.492,49,73,.671,18,78,96,139,45,31,72,80,376,,
Collin Murray-Boyles,20,TOR,PF,48,22,1063,154,276,.558,17,48,.354,137,228,.601,.589,50,77,.649,115,122,237,94,45,46,53,123,375,,
Sidy Cissoko,21,POR,SF,66,26,1355,130,322,.404,59,191,.309,71,131,.542,.495,55,84,.655,56,97,153,101,50,24,65,171,374,,
Ryan Dunn,23,PHO,SF,63,14,1232,149,333,.447,53,157,.338,96,176,.545,.527,20,40,.500,90,172,262,90,54,27,49,126,371,,
Jakob Poeltl,30,TOR,C,35,33,897,157,226,.695,0,0,,157,226,.695,.695,49,76,.645,96,169,265,73,28,26,45,111,363,,
Buddy Hield,33,2TM,SG,49,3,794,131,307,.427,67,201,.333,64,106,.604,.536,30,37,.811,27,86,113,68,38,9,47,57,359,,
Buddy Hield,33,GSW,SG,44,3,768,130,300,.433,67,195,.344,63,105,.600,.545,27,34,.794,26,82,108,66,37,9,42,56,354,,
Buddy Hield,33,ATL,SG,5,0,26,1,7,.143,0,6,.000,1,1,1.000,.143,3,3,1.000,1,4,5,2,1,0,5,1,5,,
Andre Drummond,32,PHI,C,54,24,1079,141,296,.476,28,79,.354,113,217,.521,.524,47,75,.627,175,289,464,63,31,45,55,112,357,,
Al Horford,39,GSW,C,43,12,933,132,311,.424,71,197,.360,61,114,.535,.539,22,26,.846,44,171,215,112,30,50,41,50,357,,
Isaiah Jackson,24,2TM,C,53,14,871,143,229,.624,0,3,.000,143,226,.633,.624,68,103,.660,109,171,280,49,35,47,56,143,354,,
Isaiah Jackson,24,IND,C,38,14,638,96,165,.582,0,1,.000,96,164,.585,.582,51,74,.689,86,125,211,31,26,29,43,108,243,,
Isaiah Jackson,24,LAC,C,15,0,233,47,64,.734,0,2,.000,47,62,.758,.734,17,29,.586,23,46,69,18,9,18,13,35,111,,
Jonathan Kuminga,23,2TM,PF,28,14,654,124,263,.471,28,74,.378,96,189,.508,.525,73,99,.737,43,128,171,71,16,7,61,45,349,,
Jonathan Kuminga,23,GSW,PF,20,13,476,88,194,.454,17,53,.321,71,141,.504,.497,49,66,.742,29,88,117,50,8,6,46,33,242,,
Jonathan Kuminga,23,ATL,PF,8,1,178,36,69,.522,11,21,.524,25,48,.521,.601,24,33,.727,14,40,54,21,8,1,15,12,107,,
Spencer Jones,24,DEN,SF,61,36,1377,131,259,.506,57,142,.401,74,117,.632,.616,29,47,.617,72,129,201,50,50,28,30,167,348,,
Justin Edwards,22,PHI,SF,55,12,878,126,281,.448,60,161,.373,66,120,.550,.555,30,35,.857,24,65,89,75,48,11,34,84,342,,
Robert Williams,28,POR,C,50,1,852,154,214,.720,7,21,.333,147,193,.762,.736,27,43,.628,120,229,349,52,31,76,43,60,342,,
Bryce McGowens,23,NOP,SG,42,13,880,114,237,.481,38,93,.409,76,144,.528,.561,74,95,.779,12,76,88,62,27,9,17,88,340,,
Nikola Jović,22,MIA,PF,46,1,795,113,308,.367,44,163,.270,69,145,.476,.438,69,101,.683,25,128,153,100,26,17,65,64,339,,
Karlo Matković,24,NOP,PF,59,2,863,135,219,.616,38,83,.458,97,136,.713,.703,30,39,.769,67,150,217,49,24,51,31,101,338,,
Quenton Jackson,27,IND,PG,39,11,678,112,240,.467,35,94,.372,77,146,.527,.540,75,92,.815,22,65,87,95,22,6,47,64,334,,
Trendon Watford,25,PHI,PF,49,7,834,133,258,.516,10,49,.204,123,209,.589,.535,58,75,.773,37,134,171,128,16,21,62,102,334,,
Dean Wade,29,CLE,PF,57,36,1279,118,273,.432,68,192,.354,50,81,.617,.557,27,38,.711,51,189,240,86,43,22,16,89,331,,
Yves Missi,21,NOP,C,60,10,1151,141,262,.538,0,1,.000,141,261,.540,.538,48,85,.565,168,179,347,76,20,89,49,99,330,,
Micah Potter,27,IND,C,37,3,692,106,214,.495,51,126,.405,55,88,.625,.614,67,76,.882,42,121,163,55,17,13,31,63,330,,
Ryan Nembhard,22,DAL,PG,51,21,956,133,318,.418,43,113,.381,90,205,.439,.486,16,20,.800,9,90,99,252,19,1,71,68,325,,
Drake Powell,20,BRK,SG,54,16,1063,114,276,.413,40,141,.284,74,135,.548,.486,57,63,.905,19,72,91,80,25,10,53,78,325,,
Josh Okogie,27,HOU,SG,68,29,1223,115,266,.432,59,148,.399,56,118,.475,.543,35,61,.574,70,107,177,56,58,13,37,100,324,,
Julian Strawther,23,DEN,SG,48,12,701,116,251,.462,42,118,.356,74,133,.556,.546,50,62,.806,11,81,92,48,21,4,29,60,324,,
Javon Small,23,MEM,PG,35,7,682,108,235,.460,49,112,.438,59,123,.480,.564,58,69,.841,28,83,111,128,26,9,45,51,323,,
Thomas Bryant,28,CLE,C,54,0,618,115,229,.502,40,115,.348,75,114,.658,.590,52,64,.813,48,122,170,31,17,24,22,65,322,,
Keegan Murray,25,SAC,PF,23,22,793,126,300,.420,31,112,.277,95,188,.505,.472,38,49,.776,33,99,132,38,24,36,27,42,321,,
Baylor Scheierman,25,BOS,SG,66,17,1167,116,256,.453,71,185,.384,45,71,.634,.592,16,18,.889,48,183,231,91,37,5,36,90,319,,
Kenrich Williams,31,OKC,PF,48,2,747,121,245,.494,44,109,.404,77,136,.566,.584,32,50,.640,46,107,153,65,29,5,37,51,318,,
Jaden Ivey,23,2TM,SG,37,5,670,114,256,.445,50,134,.373,64,122,.525,.543,38,47,.809,24,67,91,68,23,14,41,53,316,,
Jaden Ivey,23,DET,SG,33,2,555,99,220,.450,42,113,.372,57,107,.533,.545,30,38,.789,19,53,72,52,15,12,35,44,270,,
Jaden Ivey,23,CHI,SG,4,3,115,15,36,.417,8,21,.381,7,15,.467,.528,8,9,.889,5,14,19,16,8,2,6,9,46,,
Mouhamed Gueye,23,ATL,PF,68,7,1060,120,262,.458,35,115,.304,85,147,.578,.525,39,61,.639,80,168,248,61,57,35,33,114,314,,
Nae'Qwan Tomlin,25,CLE,PF,56,2,858,126,270,.467,20,98,.204,106,172,.616,.504,40,54,.741,69,81,150,43,39,30,23,107,312,,
Alex Caruso,31,OKC,SG,49,0,902,114,269,.424,46,158,.291,68,111,.613,.509,37,46,.804,28,106,134,98,68,17,43,57,311,,
Jordan Walsh,21,BOS,PF,58,20,998,116,221,.525,40,98,.408,76,123,.618,.615,36,48,.750,77,160,237,43,41,24,32,119,308,,
Goga Bitadze,26,ORL,C,54,3,812,125,182,.687,2,11,.182,123,171,.719,.692,53,77,.688,110,148,258,71,32,52,29,111,305,,
Adem Bona,22,PHI,C,62,14,1097,115,197,.584,2,6,.333,113,191,.592,.589,70,102,.686,115,162,277,28,27,78,49,137,302,,
Domantas Sabonis,29,SAC,C,19,15,564,120,221,.543,5,27,.185,115,194,.593,.554,56,77,.727,64,152,216,78,18,4,51,66,301,,
Vince Williams Jr.,25,2TM,SG,40,12,820,103,292,.353,55,177,.311,48,115,.417,.447,39,50,.780,39,116,155,166,29,16,70,80,300,,
Vince Williams Jr.,25,MEM,PG,34,12,736,93,264,.352,49,159,.308,44,105,.419,.445,37,46,.804,34,102,136,150,27,14,63,71,272,,
Vince Williams Jr.,25,UTA,SG,6,0,84,10,28,.357,6,18,.333,4,10,.400,.464,2,4,.500,5,14,19,16,2,2,7,9,28,,
Josh Minott,23,2TM,SF,44,11,724,103,205,.502,54,123,.439,49,82,.598,.634,39,49,.796,44,100,144,42,37,19,36,64,299,,
Josh Minott,23,BOS,PF,33,10,526,69,136,.507,34,77,.442,35,59,.593,.632,20,26,.769,40,78,118,33,24,12,20,51,192,,
Josh Minott,23,BRK,SF,11,1,198,34,69,.493,20,46,.435,14,23,.609,.638,19,23,.826,4,22,26,9,13,7,16,13,107,,
Mitchell Robinson,27,NYK,C,54,15,1054,130,180,.722,0,0,,130,180,.722,.722,36,93,.387,235,245,480,50,47,62,39,114,296,,
Ty Jerome,28,MEM,SG,15,15,339,102,215,.474,42,100,.420,60,115,.522,.572,49,56,.875,11,31,42,85,16,4,27,31,295,,
Guerschon Yabusele,30,2TM,C,59,12,808,100,245,.408,57,153,.373,43,92,.467,.524,37,51,.725,47,144,191,53,23,13,35,65,294,,
Guerschon Yabusele,30,NYK,C,41,0,366,42,107,.393,20,68,.294,22,39,.564,.486,8,12,.667,24,63,87,18,6,5,15,36,112,,
Guerschon Yabusele,30,CHI,C,18,12,442,58,138,.420,37,85,.435,21,53,.396,.554,29,39,.744,23,81,104,35,17,8,20,29,182,,
Tyrese Martin,26,2TM,SG,45,6,775,109,277,.394,53,165,.321,56,112,.500,.489,19,28,.679,34,82,116,78,25,6,40,33,290,,
Tyrese Martin,26,BRK,SG,37,6,696,100,255,.392,51,152,.336,49,103,.476,.492,19,26,.731,32,74,106,69,22,4,33,30,270,,
Tyrese Martin,26,PHI,SG,8,0,79,9,22,.409,2,13,.154,7,9,.778,.455,0,2,.000,2,8,10,9,3,2,7,3,20,,
Kris Murray,25,POR,SF,48,15,1133,111,244,.455,29,106,.274,82,138,.594,.514,34,48,.708,78,101,179,63,46,19,37,76,285,,
Jevon Carter,30,2TM,PG,43,1,680,101,258,.391,68,188,.362,33,70,.471,.523,15,19,.789,12,63,75,69,30,9,28,47,285,,
Jevon Carter,30,CHI,PG,23,0,254,41,103,.398,32,78,.410,9,25,.360,.553,10,10,1.000,5,21,26,19,13,2,11,19,124,,
Jevon Carter,30,ORL,PG,20,1,426,60,155,.387,36,110,.327,24,45,.533,.503,5,9,.556,7,42,49,50,17,7,17,28,161,,
Rob Dillingham,21,2TM,PG,54,0,717,114,302,.377,29,89,.326,85,213,.399,.425,27,36,.750,15,80,95,121,39,4,68,88,284,,
Rob Dillingham,21,MIN,PG,35,0,326,47,141,.333,12,33,.364,35,108,.324,.376,15,20,.750,5,36,41,58,19,3,36,36,121,,
Rob Dillingham,21,CHI,PG,19,0,391,67,161,.416,17,56,.304,50,105,.476,.469,12,16,.750,10,44,54,63,20,1,32,52,163,,
Scoot Henderson,21,POR,PG,21,3,496,95,229,.415,37,110,.336,58,119,.487,.496,56,70,.800,12,47,59,81,14,7,57,63,283,,
Ochai Agbaji,25,2TM,SG,58,13,900,110,250,.440,30,112,.268,80,138,.580,.500,30,37,.811,43,87,130,44,23,17,31,88,280,,
Ochai Agbaji,25,TOR,SG,42,13,650,72,170,.424,12,65,.185,60,105,.571,.459,25,29,.862,33,62,95,30,17,11,19,75,181,,
Ochai Agbaji,25,BRK,SG,16,0,250,38,80,.475,18,47,.383,20,33,.606,.588,5,8,.625,10,25,35,14,6,6,12,13,99,,
Tre Mann,24,CHO,PG,47,1,645,103,289,.356,50,151,.331,53,138,.384,.443,23,27,.852,20,69,89,84,24,5,53,67,279,,
Nick Richards,28,2TM,C,47,5,692,102,198,.515,5,18,.278,97,180,.539,.528,65,101,.644,77,161,238,16,10,32,57,88,274,,
Nick Richards,28,PHO,C,28,2,254,35,71,.493,0,0,,35,71,.493,.493,19,28,.679,35,56,91,8,4,14,25,39,89,,
Nick Richards,28,CHI,C,19,3,438,67,127,.528,5,18,.278,62,109,.569,.547,46,73,.630,42,105,147,8,6,18,32,49,185,,
Ousmane Dieng,22,2TM,C,46,10,744,104,239,.435,52,130,.400,52,109,.477,.544,13,18,.722,19,95,114,74,16,14,35,56,273,,
Ousmane Dieng,22,OKC,C,27,0,295,38,91,.418,18,49,.367,20,42,.476,.516,6,6,1.000,8,34,42,28,2,7,8,22,100,,
Ousmane Dieng,22,MIL,C,19,10,449,66,148,.446,34,81,.420,32,67,.478,.561,7,12,.583,11,61,72,46,14,7,27,34,173,,
Jett Howard,22,ORL,SF,50,0,637,94,229,.410,49,135,.363,45,94,.479,.517,34,36,.944,21,62,83,43,10,10,13,61,271,,
Kasparas Jakučionis,19,MIA,PG,45,11,801,87,205,.424,56,132,.424,31,73,.425,.561,39,44,.886,38,84,122,112,31,5,43,85,269,,
Trae Young,27,2TM,PG,15,15,384,81,177,.458,27,80,.338,54,97,.557,.534,80,97,.825,4,26,30,120,13,2,39,33,269,,
Trae Young,27,ATL,PG,10,10,280,56,135,.415,18,59,.305,38,76,.500,.481,63,73,.863,0,15,15,89,10,1,26,20,193,,
Trae Young,27,WAS,PG,5,5,104,25,42,.595,9,21,.429,16,21,.762,.702,17,24,.708,4,11,15,31,3,1,13,13,76,,
Nicolas Batum,37,LAC,PF,66,6,1210,87,218,.399,83,209,.397,4,9,.444,.589,9,11,.818,21,149,170,59,45,21,36,93,266,,
D'Angelo Russell,29,DAL,PG,26,3,495,94,232,.405,33,112,.295,61,120,.508,.476,43,60,.717,8,53,61,104,12,2,49,30,264,,
Jabari Walker,23,PHI,PF,59,6,735,93,209,.445,30,93,.323,63,116,.543,.517,48,64,.750,70,116,186,33,23,13,26,99,264,,
Hugo González,19,BOS,SF,66,3,1009,107,229,.467,36,106,.340,71,123,.577,.546,13,26,.500,58,171,229,39,38,21,35,116,263,,
Craig Porter Jr.,25,CLE,PG,58,2,1024,104,234,.444,30,83,.361,74,151,.490,.509,20,36,.556,76,117,193,187,55,32,54,64,258,,
Tyler Kolek,24,NYK,PG,58,1,688,102,236,.432,41,109,.376,61,127,.480,.519,12,18,.667,15,78,93,160,21,4,53,61,257,,
Jalen Wilson,25,BRK,PF,46,1,669,82,211,.389,47,129,.364,35,82,.427,.500,45,60,.750,10,68,78,28,18,2,25,64,256,,
Kobe Brown,26,2TM,PF,52,4,720,89,198,.449,38,103,.369,51,95,.537,.545,39,49,.796,51,87,138,50,16,10,40,57,255,,
Kobe Brown,26,LAC,PF,34,0,295,33,84,.393,13,49,.265,20,35,.571,.470,21,26,.808,18,35,53,27,9,2,15,16,100,,
Kobe Brown,26,IND,PF,18,4,425,56,114,.491,25,54,.463,31,60,.517,.601,18,23,.783,33,52,85,23,7,8,25,41,155,,
Aaron Holiday,29,HOU,PG,46,1,608,85,210,.405,51,135,.378,34,75,.453,.526,32,37,.865,8,32,40,47,22,4,30,59,253,,
Jarred Vanderbilt,26,LAL,PF,56,3,993,97,210,.462,26,87,.299,71,123,.577,.524,30,47,.638,75,181,256,70,46,18,49,99,250,,
Kevin Love,37,UTA,PF,37,5,613,79,199,.397,53,142,.373,26,57,.456,.530,37,44,.841,55,160,215,67,14,9,30,54,248,,
Jamir Watkins,24,WAS,SG,39,5,756,92,205,.449,32,109,.294,60,96,.625,.527,31,49,.633,38,102,140,47,42,21,25,100,247,,
Rayan Rupert,21,2TM,SG,59,4,896,91,237,.384,37,111,.333,54,126,.429,.462,25,34,.735,35,111,146,46,44,6,41,103,244,,
Rayan Rupert,21,POR,SG,48,0,577,53,147,.361,22,71,.310,31,76,.408,.435,9,14,.643,23,63,86,34,29,2,28,60,137,,
Rayan Rupert,21,MEM,SG,11,4,319,38,90,.422,15,40,.375,23,50,.460,.506,16,20,.800,12,48,60,12,15,4,13,43,107,,
Carter Bryant,20,SAS,PF,61,0,660,86,224,.384,42,131,.321,44,93,.473,.478,26,36,.722,29,125,154,32,12,17,26,71,240,,
Clint Capela,31,HOU,C,64,2,795,100,194,.515,0,0,,100,194,.515,.515,40,67,.597,135,155,290,42,31,51,35,61,240,,
Cole Anthony,25,MIL,PG,35,0,527,98,231,.424,22,72,.306,76,159,.478,.472,16,26,.615,16,71,87,121,20,11,65,73,234,,
Josh Green,25,CHO,SG,48,0,802,77,165,.467,53,124,.427,24,41,.585,.627,25,28,.893,43,53,96,43,31,5,29,57,232,,
Jaylen Clark,24,MIN,SG,61,0,761,83,191,.435,26,82,.317,57,109,.523,.503,39,61,.639,48,59,107,34,39,8,20,76,231,,
Jalen Pickett,26,DEN,SG,45,18,738,87,205,.424,44,114,.386,43,91,.473,.532,13,15,.867,18,89,107,104,13,4,30,40,231,,
Jericho Sims,27,MIL,C,56,12,1000,102,122,.836,0,0,,102,122,.836,.836,24,39,.615,99,177,276,63,11,13,57,106,228,,
Moritz Wagner,28,ORL,C,30,0,388,74,175,.423,21,65,.323,53,110,.482,.483,59,71,.831,25,77,102,23,14,1,17,55,228,,
Caleb Martin,30,DAL,SF,58,12,856,85,189,.450,20,57,.351,65,132,.492,.503,37,61,.607,28,115,143,81,40,15,40,86,227,,
Jamaree Bouyea,26,PHO,PG,39,0,558,91,198,.460,20,67,.299,71,131,.542,.510,22,31,.710,15,56,71,68,27,14,22,35,224,,
Noah Penda,21,ORL,SF,53,2,719,81,195,.415,29,86,.337,52,109,.477,.490,33,48,.688,67,114,181,63,29,18,40,66,224,,
Mohamed Diawara,20,NYK,SF,62,6,555,82,189,.434,47,116,.405,35,73,.479,.558,12,16,.750,14,73,87,43,14,6,28,47,223,,
Daeqwon Plowden,27,SAC,SG,23,3,581,79,189,.418,37,118,.314,42,71,.592,.516,28,33,.848,24,47,71,26,16,4,15,49,223,,
Ben Saraf,19,BRK,SG,35,6,663,79,208,.380,13,67,.194,66,141,.468,.411,52,63,.825,11,46,57,108,30,5,74,59,223,,
Tidjane Salaün,20,CHO,PF,36,0,571,80,158,.506,36,83,.434,44,75,.587,.620,26,40,.650,26,123,149,27,16,7,25,54,222,,
Kyle Anderson,32,3TM,SF,34,3,659,87,159,.547,4,9,.444,83,150,.553,.560,42,60,.700,30,85,115,93,33,18,33,80,220,,
Kyle Anderson,32,UTA,SF,20,0,401,57,109,.523,3,5,.600,54,104,.519,.537,25,38,.658,19,47,66,61,23,10,17,46,142,,
Kyle Anderson,32,MEM,SF,4,3,89,15,19,.789,1,1,1.000,14,18,.778,.816,6,8,.750,3,11,14,3,6,4,7,12,37,,
Kyle Anderson,32,MIN,SF,10,0,169,15,31,.484,0,3,.000,15,28,.536,.484,11,14,.786,8,27,35,29,4,4,9,22,41,,
Drew Eubanks,28,SAC,C,42,11,552,93,156,.596,1,7,.143,92,149,.617,.599,32,57,.561,39,88,127,19,15,26,30,57,219,,
Jase Richardson,20,ORL,SG,47,0,538,82,173,.474,27,75,.360,55,98,.561,.552,28,38,.737,20,35,55,54,16,2,24,49,219,,
Devin Carter,23,SAC,PG,29,3,448,77,191,.403,15,71,.211,62,120,.517,.442,48,60,.800,23,55,78,63,24,5,33,33,217,,
Sharife Cooper,24,WAS,PG,30,1,483,79,164,.482,18,53,.340,61,111,.550,.537,30,38,.789,13,53,66,75,9,4,40,46,206,,
Micah Peavy,24,NOP,SG,52,1,706,85,226,.376,21,90,.233,64,136,.471,.423,13,19,.684,39,56,95,48,31,6,15,73,204,,
Dalton Knecht,24,LAL,SF,48,1,509,78,174,.448,31,101,.307,47,73,.644,.537,14,20,.700,13,55,68,16,10,10,20,40,201,,
Asa Newell,20,ATL,PF,40,1,445,80,149,.537,27,69,.391,53,80,.663,.628,14,25,.560,37,44,81,20,15,13,21,62,201,,
Tyrese Proctor,21,CLE,PG,42,1,436,70,177,.395,36,107,.336,34,70,.486,.497,25,29,.862,6,37,43,55,17,0,27,48,201,,
Mike Conley,38,MIN,PG,47,9,838,56,178,.315,42,135,.311,14,43,.326,.433,41,46,.891,15,65,80,134,26,12,27,65,195,,
Gabe Vincent,29,2TM,PG,44,7,755,64,188,.340,50,150,.333,14,38,.368,.473,17,18,.944,14,29,43,62,20,2,19,68,195,,
Gabe Vincent,29,LAL,PG,29,7,559,45,130,.346,38,103,.369,7,27,.259,.492,10,11,.909,7,20,27,37,14,1,12,53,138,,
Gabe Vincent,29,ATL,PG,15,0,196,19,58,.328,12,47,.255,7,11,.636,.431,7,7,1.000,7,9,16,25,6,1,7,15,57,,
Dejounte Murray,29,NOP,PG,11,11,304,71,143,.497,18,54,.333,53,89,.596,.559,34,40,.850,3,53,56,74,17,2,36,28,194,,
Cam Whitmore,21,WAS,SF,21,0,354,77,169,.456,16,56,.286,61,113,.540,.503,23,31,.742,19,39,58,15,15,8,18,25,193,,
Leonard Miller,22,2TM,SF,35,6,411,78,139,.561,15,51,.294,63,88,.716,.615,21,27,.778,28,74,102,22,10,8,19,35,192,,
Leonard Miller,22,MIN,SF,19,0,95,18,33,.545,1,12,.083,17,21,.810,.561,7,11,.636,7,18,25,5,4,0,9,12,44,,
Leonard Miller,22,CHI,SF,16,6,316,60,106,.566,14,39,.359,46,67,.687,.632,14,16,.875,21,56,77,17,6,8,10,23,148,,
Grant Williams,27,CHO,PF,28,3,543,59,139,.424,38,101,.376,21,38,.553,.561,35,42,.833,31,77,108,48,11,12,25,45,191,,
Anthony Gill,33,WAS,PF,44,2,620,81,139,.583,10,34,.294,71,105,.676,.619,18,24,.750,45,69,114,44,23,16,29,63,190,,
Steven Adams,32,HOU,C,32,11,730,70,139,.504,0,0,,70,139,.504,.504,47,81,.580,145,131,276,48,22,20,35,55,187,,
Dylan Cardwell,24,SAC,C,35,1,722,80,139,.576,0,1,.000,80,138,.580,.576,25,48,.521,117,154,271,46,24,49,29,124,185,,
Tyus Jones,29,3TM,PG,63,10,931,71,205,.346,36,130,.277,35,75,.467,.434,7,9,.778,10,57,67,151,36,3,22,30,185,,
Tyus Jones,29,ORL,PG,48,8,754,54,158,.342,30,102,.294,24,56,.429,.437,6,6,1.000,9,44,53,116,33,3,14,25,144,,
Tyus Jones,29,DAL,PG,8,2,133,13,34,.382,4,19,.211,9,15,.600,.441,1,2,.500,1,8,9,30,3,0,5,5,31,,
Tyus Jones,29,DEN,PG,7,0,44,4,13,.308,2,9,.222,2,4,.500,.385,0,1,.000,0,5,5,5,0,0,3,0,10,,
Rasheer Fleming,21,PHO,PF,47,0,531,66,166,.398,36,102,.353,30,64,.469,.506,16,28,.571,51,53,104,11,16,18,17,53,184,,
Johnny Furphy,21,IND,SG,35,21,643,70,149,.470,23,71,.324,47,78,.603,.547,17,35,.486,32,121,153,41,20,7,29,65,180,,
Zeke Nnaji,25,DEN,PF,48,3,577,66,140,.471,13,49,.265,53,91,.582,.518,34,44,.773,31,95,126,24,17,21,25,62,179,,
Pete Nance,25,MIL,PF,38,0,480,71,129,.550,35,75,.467,36,54,.667,.686,0,4,.000,19,67,86,28,9,9,17,37,177,,
Jamison Battle,24,TOR,SF,53,2,479,67,132,.508,34,80,.425,33,52,.635,.636,8,12,.667,17,64,81,22,6,2,19,39,176,,
Yanic Konan Niederhäuser,22,LAC,C,41,0,424,64,100,.640,1,5,.200,63,95,.663,.645,47,62,.758,37,80,117,12,5,30,23,66,176,,
Keaton Wallace,26,ATL,PG,49,2,489,64,153,.418,37,92,.402,27,61,.443,.539,9,14,.643,3,48,51,85,21,5,25,44,174,,
Branden Carlson,26,OKC,C,36,2,378,70,135,.519,21,62,.339,49,73,.671,.596,9,17,.529,24,69,93,21,6,18,13,31,170,,
Dwight Powell,34,DAL,C,53,8,713,54,81,.667,1,3,.333,53,78,.679,.673,59,87,.678,75,121,196,49,25,17,31,102,168,,
Trayce Jackson-Davis,25,2TM,C,47,1,467,65,115,.565,1,1,1.000,64,114,.561,.570,36,70,.514,63,75,138,37,16,22,21,42,167,,
Trayce Jackson-Davis,25,GSW,C,36,1,411,60,102,.588,1,1,1.000,59,101,.584,.593,29,52,.558,47,65,112,32,13,19,18,40,150,,
Trayce Jackson-Davis,25,TOR,C,11,0,56,5,13,.385,0,0,,5,13,.385,.385,7,18,.389,16,10,26,5,3,3,3,2,17,,
Dalen Terry,23,2TM,SG,46,0,540,64,150,.427,24,65,.369,40,85,.471,.507,15,27,.556,25,59,84,64,28,15,26,48,167,,
Dalen Terry,23,CHI,SG,34,0,377,45,102,.441,19,46,.413,26,56,.464,.534,9,17,.529,19,45,64,43,22,11,21,33,118,,
Dalen Terry,23,PHI,SG,12,0,163,19,48,.396,5,19,.263,14,29,.483,.448,6,10,.600,6,14,20,21,6,4,5,15,49,,
John Konchar,29,2TM,SG,46,6,808,61,132,.462,20,75,.267,41,57,.719,.538,22,31,.710,44,115,159,70,61,26,27,61,164,,
John Konchar,29,MEM,SG,30,1,435,37,71,.521,13,39,.333,24,32,.750,.613,8,13,.615,20,72,92,40,31,13,14,30,95,,
John Konchar,29,UTA,SG,16,5,373,24,61,.393,7,36,.194,17,25,.680,.451,14,18,.778,24,43,67,30,30,13,13,31,69,,
Jordan Hawkins,23,NOP,SG,43,0,517,58,181,.320,31,103,.301,27,78,.346,.406,16,20,.800,15,50,65,27,8,7,23,22,163,,
Lonzo Ball,28,CLE,PG,35,3,728,53,176,.301,40,147,.272,13,29,.448,.415,14,21,.667,26,114,140,136,45,9,52,46,160,,
Marcus Sasser,25,DET,PG,28,5,352,54,131,.412,34,83,.410,20,48,.417,.542,13,14,.929,6,24,30,58,20,2,23,34,155,,
Bogdan Bogdanović,33,LAC,SG,21,3,429,53,141,.376,28,85,.329,25,56,.446,.475,20,25,.800,6,50,56,51,10,1,26,44,154,,
Myron Gardner,24,MIA,SF,39,7,387,55,115,.478,26,62,.419,29,53,.547,.591,18,24,.750,37,79,116,39,19,7,14,69,154,,
Elijah Harkless,25,UTA,SG,23,6,447,45,127,.354,18,72,.250,27,55,.491,.425,45,59,.763,7,34,41,62,27,4,23,44,153,,
Jayson Tatum,27,BOS,PF,8,8,238,54,139,.388,22,75,.293,32,64,.500,.468,23,27,.852,7,64,71,26,9,0,15,11,153,,
Tony Bradley,28,IND,C,38,3,416,59,106,.557,1,2,.500,58,104,.558,.561,32,43,.744,56,51,107,20,6,7,17,60,151,,
Cam Christie,20,LAC,SG,48,0,450,51,130,.392,12,49,.245,39,81,.481,.438,36,48,.750,17,53,70,29,16,3,20,18,150,,
Zach Edey,23,MEM,C,11,11,284,62,98,.633,1,5,.200,61,93,.656,.638,25,32,.781,43,79,122,12,7,21,26,37,150,,
Nick Smith Jr.,21,LAL,SG,25,1,318,56,133,.421,27,69,.391,29,64,.453,.523,7,11,.636,2,18,20,28,9,2,19,24,146,,
Cameron Payne,31,PHI,PG,18,1,326,49,135,.363,27,86,.314,22,49,.449,.463,17,20,.850,3,31,34,53,24,6,11,24,142,,
Jeremy Sochan,22,2TM,PF,40,0,424,57,116,.491,9,38,.237,48,78,.615,.530,14,20,.700,31,61,92,34,15,6,20,55,137,,
Jeremy Sochan,22,SAS,PF,28,0,358,47,99,.475,9,35,.257,38,64,.594,.520,11,16,.688,26,47,73,28,10,5,18,50,114,,
Jeremy Sochan,22,NYK,PF,12,0,66,10,17,.588,0,3,.000,10,14,.714,.588,3,4,.750,5,14,19,6,5,1,2,5,23,,
Terrence Shannon Jr.,25,MIN,SG,33,0,376,43,107,.402,20,50,.400,23,57,.404,.495,29,37,.784,8,25,33,21,11,1,18,39,135,,
Jonathan Isaac,28,ORL,PF,52,0,521,46,109,.422,7,38,.184,39,71,.549,.454,35,58,.603,43,89,132,22,20,31,18,41,134,,
Blake Wesley,22,POR,SG,25,0,332,50,108,.463,10,32,.313,40,76,.526,.509,21,37,.568,7,26,33,61,16,3,29,32,131,,
Malaki Branham,22,WAS,SG,28,0,275,43,91,.473,14,37,.378,29,54,.537,.549,28,34,.824,12,32,44,23,10,3,15,21,128,,
Moussa Cisse,23,DAL,C,34,1,425,49,83,.590,0,0,,49,83,.590,.590,29,66,.439,67,99,166,8,12,37,25,61,127,,
Jamal Cain,26,ORL,SF,30,1,292,42,98,.429,18,48,.375,24,50,.480,.520,24,28,.857,19,26,45,16,7,2,11,35,126,,
Obi Toppin,27,IND,PF,14,3,234,44,98,.449,16,58,.276,28,40,.700,.531,22,26,.846,6,51,57,29,6,1,16,19,126,,
Amir Coffey,28,2TM,SG,43,2,437,45,93,.484,13,41,.317,32,52,.615,.554,22,28,.786,18,34,52,24,8,5,6,28,125,,
Amir Coffey,28,MIL,SG,30,2,265,26,55,.473,7,25,.280,19,30,.633,.536,13,15,.867,6,20,26,11,3,3,4,14,72,,
Amir Coffey,28,PHO,SG,13,0,172,19,38,.500,6,16,.375,13,22,.591,.579,9,13,.692,12,14,26,13,5,2,2,14,53,,
Kam Jones,23,IND,SG,30,7,463,51,123,.415,17,55,.309,34,68,.500,.484,4,8,.500,9,34,43,80,14,0,27,31,123,,
Kelly Olynyk,34,SAS,C,39,0,343,45,93,.484,11,45,.244,34,48,.708,.543,22,32,.688,24,47,71,44,14,3,23,39,123,,
Ethan Thompson,26,IND,SG,24,6,417,44,120,.367,23,75,.307,21,45,.467,.463,12,17,.706,12,32,44,35,15,6,16,49,123,,
Liam McNeeley,20,CHO,SF,29,0,352,36,91,.396,23,59,.390,13,32,.406,.522,27,33,.818,11,55,66,23,5,3,13,35,122,,
Taelon Peter,23,IND,SG,31,0,348,42,112,.375,31,97,.320,11,15,.733,.513,7,13,.538,6,36,42,32,17,4,20,23,122,,
Jahmai Mashack,23,MEM,SG,24,3,449,48,126,.381,14,50,.280,34,76,.447,.437,9,17,.529,18,34,52,32,29,12,23,48,119,,
Gary Harris,31,MIL,SG,45,2,617,41,91,.451,26,62,.419,15,29,.517,.593,8,9,.889,13,43,56,46,25,7,18,48,116,,
Julian Phillips,22,2TM,SF,43,2,365,42,98,.429,17,53,.321,25,45,.556,.515,15,17,.882,22,24,46,8,21,7,8,34,116,,
Julian Phillips,22,CHI,SF,35,2,334,37,88,.420,16,49,.327,21,39,.538,.511,9,11,.818,22,22,44,7,17,6,7,33,99,,
Julian Phillips,22,MIN,SF,8,0,31,5,10,.500,1,4,.250,4,6,.667,.550,6,6,1.000,0,2,2,1,4,1,1,1,17,,
Scotty Pippen Jr.,25,MEM,PG,10,6,212,43,96,.448,10,32,.313,33,64,.516,.500,18,23,.783,8,14,22,47,19,4,27,31,114,,
AJ Johnson,21,2TM,SG,40,0,353,42,129,.326,9,44,.205,33,85,.388,.360,19,23,.826,9,37,46,36,9,2,24,22,112,,
AJ Johnson,21,WAS,SG,25,0,214,27,83,.325,7,25,.280,20,58,.345,.367,9,12,.750,8,23,31,22,7,0,18,15,70,,
AJ Johnson,21,DAL,SG,15,0,139,15,46,.326,2,19,.105,13,27,.481,.348,10,11,.909,1,14,15,14,2,2,6,7,42,,
Doug McDermott,34,SAC,SF,21,0,297,38,91,.418,33,83,.398,5,8,.625,.599,2,2,1.000,4,19,23,12,4,3,9,16,111,,
Dorian Finney-Smith,32,HOU,PF,34,1,584,38,120,.317,25,93,.269,13,27,.481,.421,6,7,.857,31,57,88,34,15,6,21,60,107,,
Matisse Thybulle,28,POR,SG,21,0,285,33,83,.398,22,58,.379,11,25,.440,.530,15,18,.833,13,22,35,17,40,10,16,33,103,,
Pat Connaughton,33,CHO,SG,35,0,260,35,78,.449,19,48,.396,16,30,.533,.571,12,18,.667,12,40,52,17,10,1,9,8,101,,
Jeremiah Robinson-Earl,25,2TM,PF,22,3,361,37,100,.370,10,41,.244,27,59,.458,.420,17,18,.944,36,67,103,15,9,1,12,26,101,,
Jeremiah Robinson-Earl,25,IND,PF,17,3,300,29,83,.349,8,33,.242,21,50,.420,.398,13,14,.929,32,56,88,12,7,1,10,23,79,,
Jeremiah Robinson-Earl,25,DAL,PF,5,0,61,8,17,.471,2,8,.250,6,9,.667,.529,4,4,1.000,4,11,15,3,2,0,2,3,22,,
Keshad Johnson,24,MIA,SF,26,0,206,36,82,.439,12,38,.316,24,44,.545,.512,16,23,.696,19,31,50,4,10,7,12,21,100,,
LJ Cryer,24,GSW,PG,12,0,170,31,67,.463,26,56,.464,5,11,.455,.657,11,12,.917,4,17,21,7,2,0,7,19,99,,
Zach Collins,28,CHI,C,10,0,184,37,64,.578,9,21,.429,28,43,.651,.648,14,20,.700,16,40,56,15,2,4,10,18,97,,
Taurean Prince,31,MIL,SF,16,3,316,35,82,.427,24,59,.407,11,23,.478,.573,3,3,1.000,2,31,33,14,9,2,10,35,97,,
Oscar Tshiebwe,26,UTA,C,17,1,240,43,66,.652,0,0,,43,66,.652,.652,11,19,.579,38,43,81,14,8,3,5,21,97,,
Blake Hinson,26,UTA,SF,10,1,202,34,69,.493,25,52,.481,9,17,.529,.674,3,6,.500,8,16,24,8,1,1,2,20,96,,
Tyson Etienne,26,BRK,PG,16,0,172,28,67,.418,25,57,.439,3,10,.300,.604,14,16,.875,2,9,11,15,3,0,9,25,95,,
Larry Nance Jr.,33,CLE,PF,29,2,353,37,97,.381,18,52,.346,19,45,.422,.474,3,5,.600,25,50,75,27,15,4,13,49,95,,
Khaman Maluach,19,PHO,C,38,0,304,37,70,.529,3,14,.214,34,56,.607,.550,17,21,.810,29,53,82,6,4,21,23,35,94,,
Duop Reath,29,POR,C,32,0,258,33,74,.446,23,55,.418,10,19,.526,.601,5,6,.833,10,28,38,10,5,8,7,28,94,,
Joan Beringer,19,MIN,PF,33,1,219,41,65,.631,0,0,,41,65,.631,.631,11,17,.647,32,32,64,8,4,14,8,36,93,,
Jae'Sean Tate,30,HOU,SF,36,0,296,40,79,.506,8,25,.320,32,54,.593,.557,4,7,.571,23,25,48,17,9,3,11,39,92,,
Yang Hansen,20,POR,C,40,1,286,30,95,.316,5,40,.125,25,55,.455,.342,24,30,.800,19,42,61,22,3,9,30,40,89,,
KJ Simpson,23,2TM,PG,17,2,246,33,96,.344,12,39,.308,21,57,.368,.406,11,18,.611,8,26,34,43,16,0,24,15,89,,
KJ Simpson,23,CHO,PG,14,2,223,31,89,.348,12,39,.308,19,50,.380,.416,10,16,.625,5,24,29,35,15,0,24,14,84,,
KJ Simpson,23,DEN,PG,3,0,23,2,7,.286,0,0,,2,7,.286,.286,1,2,.500,3,2,5,8,1,0,0,1,5,,
Ariel Hukporti,23,NYK,C,49,4,434,33,60,.550,1,4,.250,32,56,.571,.558,21,28,.750,46,89,135,24,8,23,28,58,88,,
Lindy Waters III,28,SAS,SG,37,0,264,31,77,.403,25,68,.368,6,9,.667,.565,1,1,1.000,3,24,27,18,5,1,6,21,88,,
MarJon Beauchamp,25,PHI,SF,10,1,180,30,69,.435,15,42,.357,15,27,.556,.543,12,15,.800,6,25,31,14,9,3,13,13,87,,
PJ Hall,23,2TM,C,19,2,214,30,59,.508,3,5,.600,27,54,.500,.534,23,29,.793,33,42,75,10,3,10,16,22,86,,
PJ Hall,23,MEM,C,7,0,27,5,9,.556,1,3,.333,4,6,.667,.611,2,3,.667,3,6,9,2,0,2,1,3,13,,
PJ Hall,23,CHO,C,12,2,187,25,50,.500,2,2,1.000,23,48,.479,.520,21,26,.808,30,36,66,8,3,8,15,19,73,,
DaRon Holmes,23,DEN,PF,20,6,196,28,56,.500,18,41,.439,10,15,.667,.661,9,11,.818,6,24,30,16,0,4,11,19,83,,
Ron Harper Jr.,25,BOS,SF,24,2,248,30,78,.385,21,62,.339,9,16,.563,.519,1,2,.500,14,23,37,15,4,8,5,18,82,,
Garrison Mathews,29,IND,SG,15,1,196,21,52,.404,17,46,.370,4,6,.667,.567,19,23,.826,2,15,17,10,6,3,3,19,78,,
Maxi Kleber,34,LAL,PF,36,1,384,28,60,.467,6,22,.273,22,38,.579,.517,14,22,.636,27,40,67,22,13,10,13,50,76,,
Jordan McLaughlin,29,SAS,PG,38,0,241,28,69,.406,16,37,.432,12,32,.375,.522,4,5,.800,5,21,26,35,17,2,14,10,76,,
Tyler Burton,25,MEM,SF,7,0,181,21,60,.350,11,36,.306,10,24,.417,.442,20,22,.909,7,27,34,6,6,2,8,16,73,,
Walker Kessler,24,UTA,C,5,5,154,26,37,.703,6,8,.750,20,29,.690,.784,14,20,.700,23,31,54,15,7,9,16,22,72,,
Drew Timme,25,LAL,PF,21,0,179,30,51,.588,8,19,.421,22,32,.688,.667,4,7,.571,9,18,27,16,5,0,7,13,72,,
Killian Hayes,24,SAC,PG,14,3,244,26,85,.306,10,38,.263,16,47,.340,.365,9,10,.900,2,35,37,48,7,3,15,23,71,,
Chris Youngblood,23,2TM,SG,33,0,183,22,63,.349,18,54,.333,4,9,.444,.492,9,10,.900,7,21,28,12,4,3,2,21,71,,
Chris Youngblood,23,OKC,SG,32,0,174,20,60,.333,16,51,.314,4,9,.444,.467,9,10,.900,7,21,28,11,4,3,2,20,65,,
Chris Youngblood,23,POR,SG,1,0,9,2,3,.667,2,3,.667,0,0,,1.000,0,0,,0,0,0,1,0,0,0,1,6,,
Chaney Johnson,23,BRK,SF,9,0,191,23,45,.511,5,17,.294,18,28,.643,.567,19,24,.792,18,25,43,21,9,5,12,29,70,,
Nate Williams,26,GSW,SG,10,0,134,25,47,.532,7,15,.467,18,32,.563,.606,11,13,.846,12,5,17,9,3,0,8,17,68,,
Bronny James,21,LAL,SG,32,1,224,25,63,.397,12,29,.414,13,34,.382,.492,4,5,.800,4,11,15,38,11,2,14,16,66,,
Chaz Lanier,24,DET,SG,26,0,205,22,68,.324,16,52,.308,6,16,.375,.441,5,5,1.000,7,12,19,14,7,0,2,11,65,,
Isaiah Livers,27,PHO,PF,36,0,347,22,64,.344,12,40,.300,10,24,.417,.438,9,12,.750,19,42,61,21,13,8,12,28,65,,
RayJ Dennis,24,3TM,PG,16,0,180,22,73,.301,12,39,.308,10,34,.294,.384,8,9,.889,8,15,23,30,4,4,15,17,64,,
RayJ Dennis,24,IND,PG,13,0,168,22,72,.306,12,38,.316,10,34,.294,.389,8,9,.889,8,13,21,26,3,4,14,16,64,,
RayJ Dennis,24,LAC,PG,1,0,4,0,0,,0,0,,0,0,,,0,0,,0,2,2,0,0,0,1,0,0,,
RayJ Dennis,24,ATL,PG,2,0,8,0,1,.000,0,1,.000,0,0,,.000,0,0,,0,0,0,4,1,0,0,1,0,,
Christian Koloko,25,3TM,C,24,4,320,28,65,.431,1,7,.143,27,58,.466,.438,7,10,.700,28,44,72,15,13,21,13,43,64,,
Christian Koloko,25,LAL,C,2,0,6,0,0,,0,0,,0,0,,,0,0,,0,1,1,0,0,0,0,1,0,,
Christian Koloko,25,MEM,C,11,2,195,14,35,.400,0,1,.000,14,34,.412,.400,1,4,.250,19,25,44,10,10,13,7,20,29,,
Christian Koloko,25,ATL,C,11,2,119,14,30,.467,1,6,.167,13,24,.542,.483,6,6,1.000,9,18,27,5,3,8,6,22,35,,
Jeff Green,39,HOU,PF,26,0,138,22,54,.407,12,37,.324,10,17,.588,.519,3,3,1.000,5,14,19,5,1,1,1,8,59,,
JD Davison,23,HOU,PG,25,0,184,21,54,.389,8,28,.286,13,26,.500,.463,5,9,.556,2,21,23,28,5,4,7,16,55,,
Leaky Black,26,WAS,SF,6,2,176,19,41,.463,9,21,.429,10,20,.500,.573,6,6,1.000,7,23,30,8,3,4,5,16,53,,
Kevon Looney,29,NOP,C,18,6,251,23,52,.442,1,9,.111,22,43,.512,.452,5,8,.625,42,54,96,25,6,9,8,32,52,,
Andre Jackson Jr.,24,MIL,SG,38,0,235,17,63,.270,7,35,.200,10,28,.357,.325,9,10,.900,17,25,42,33,9,2,16,28,50,,
Bradley Beal,32,LAC,SG,6,6,121,18,48,.375,7,19,.368,11,29,.379,.448,6,8,.750,2,3,5,10,3,0,9,14,49,,
A.J. Lawson,25,TOR,SG,14,0,110,16,41,.390,8,22,.364,8,19,.421,.488,9,9,1.000,7,16,23,3,4,3,4,15,49,,
E.J. Liddell,25,BRK,PF,18,0,165,19,46,.413,7,28,.250,12,18,.667,.489,3,5,.600,5,28,33,13,3,7,7,19,48,,
Brooks Barnhizer,23,OKC,SG,36,0,278,19,50,.380,5,17,.294,14,33,.424,.430,4,6,.667,14,49,63,18,6,4,8,23,47,,
Malevy Leons,26,GSW,SF,18,1,167,19,44,.432,3,13,.231,16,31,.516,.466,6,8,.750,21,15,36,10,8,7,6,20,47,,
Jonathan Mogbo,24,TOR,PF,31,0,196,21,37,.568,0,0,,21,37,.568,.568,5,10,.500,17,35,52,16,9,6,10,20,47,,
Chris Paul,40,LAC,PG,16,0,228,18,56,.321,10,30,.333,8,26,.308,.411,1,2,.500,6,22,28,53,11,0,16,23,47,,
Julian Reese,22,WAS,PF,5,4,148,16,27,.593,0,0,,16,27,.593,.593,14,18,.778,19,28,47,9,5,2,12,21,46,,
Max Strus,29,CLE,SF,5,0,121,15,35,.429,12,30,.400,3,5,.600,.600,4,4,1.000,7,24,31,11,3,0,4,16,46,,
Hunter Tyson,25,DEN,PF,21,2,162,14,52,.269,7,33,.212,7,19,.368,.337,11,13,.846,4,32,36,17,2,1,5,13,46,,
Alondes Williams,26,WAS,SG,4,0,101,16,26,.615,5,14,.357,11,12,.917,.712,7,8,.875,5,20,25,12,3,3,5,4,44,,
Johnny Juzang,24,MIN,SG,21,0,88,16,38,.421,6,24,.250,10,14,.714,.500,5,8,.625,5,12,17,6,2,1,5,3,43,,
Miles Kelly,23,DAL,PG,14,0,134,16,44,.364,10,33,.303,6,11,.545,.477,1,1,1.000,5,19,24,12,4,1,6,12,43,,
DeAndre Jordan,37,NOP,C,10,6,163,16,23,.696,0,0,,16,23,.696,.696,9,15,.600,21,43,64,8,3,8,9,14,41,,
Alijah Martin,24,TOR,SG,16,0,102,12,34,.353,3,14,.214,9,20,.450,.397,13,16,.813,6,8,14,8,7,3,4,10,40,,
DeJon Jarreau,28,MEM,SG,6,0,128,16,37,.432,2,12,.167,14,25,.560,.459,5,7,.714,6,25,31,23,4,2,14,15,39,,
Jalen Slawson,26,IND,SF,5,2,128,12,32,.375,6,19,.316,6,13,.462,.469,8,9,.889,4,19,23,15,8,8,5,13,38,,
Malachi Smith,26,BRK,SG,6,0,117,15,30,.500,5,10,.500,10,20,.500,.583,2,2,1.000,5,8,13,16,6,3,9,5,37,,
Tolu Smith,25,DET,PF,9,0,94,12,24,.500,0,0,,12,24,.500,.500,13,18,.722,14,21,35,7,2,5,5,15,37,,
Thanasis Antetokounmpo,33,MIL,SF,29,0,101,11,22,.500,0,2,.000,11,20,.550,.500,14,22,.636,10,14,24,7,9,5,6,12,36,,
Kevin McCullar Jr.,24,NYK,SF,20,0,130,14,36,.389,6,18,.333,8,18,.444,.472,2,5,.400,10,16,26,19,7,0,12,18,36,,
Xavier Tillman Sr.,27,2TM,C,25,1,155,16,40,.400,3,17,.176,13,23,.565,.438,1,4,.250,18,20,38,11,8,3,7,13,36,,
Xavier Tillman Sr.,27,BOS,C,14,1,111,14,31,.452,3,15,.200,11,16,.688,.500,0,0,,10,15,25,5,6,2,5,9,31,,
Xavier Tillman Sr.,27,CHO,C,11,0,44,2,9,.222,0,2,.000,2,7,.286,.222,1,4,.250,8,5,13,6,2,1,2,4,5,,
Nigel Hayes-Davis,31,PHO,SF,27,0,195,15,46,.326,2,16,.125,13,30,.433,.348,2,4,.500,12,21,33,7,8,2,8,16,34,,
Lachlan Olbrich,22,CHI,C,26,0,164,14,31,.452,2,8,.250,12,23,.522,.484,4,12,.333,16,32,48,17,6,2,8,26,34,,
Kobe Bufkin,22,LAL,SG,11,1,90,11,38,.289,3,20,.150,8,18,.444,.329,8,8,1.000,1,8,9,5,2,3,4,6,33,,
Eric Gordon,37,PHI,SG,6,0,74,12,21,.571,8,14,.571,4,7,.571,.762,1,2,.500,1,1,2,3,4,1,3,3,33,,
Haywood Highsmith,29,PHO,SF,6,0,80,10,20,.500,8,13,.615,2,7,.286,.700,5,6,.833,6,7,13,7,4,0,0,8,33,,
Yuki Kawamura,24,CHI,PG,11,0,121,8,24,.333,5,16,.313,3,8,.375,.438,12,13,.923,5,16,21,32,6,0,11,8,33,,
Patrick Baldwin Jr.,23,3TM,SF,9,1,102,11,27,.407,6,14,.429,5,13,.385,.519,5,7,.714,12,11,23,5,3,5,5,15,33,,
Patrick Baldwin Jr.,23,LAC,SF,2,0,12,3,4,.750,2,3,.667,1,1,1.000,1.000,2,2,1.000,0,1,1,0,0,0,1,2,10,,
Patrick Baldwin Jr.,23,PHI,SF,1,0,2,0,0,,0,0,,0,0,,,0,0,,0,1,1,0,0,0,0,0,0,,
Patrick Baldwin Jr.,23,SAC,SF,6,1,88,8,23,.348,4,11,.364,4,12,.333,.435,3,5,.600,12,9,21,5,3,5,4,13,23,,
Kennedy Chandler,23,UTA,PG,2,0,67,9,23,.391,3,6,.500,6,17,.353,.457,11,11,1.000,0,10,10,13,4,0,2,5,32,,
David Jones García,24,SAS,SF,11,0,68,13,25,.520,3,5,.600,10,20,.500,.580,3,6,.500,4,9,13,18,6,1,5,6,32,,
Caleb Houstan,23,ATL,SF,16,0,69,10,22,.455,8,18,.444,2,4,.500,.636,3,3,1.000,4,3,7,3,2,1,4,9,31,,
Dereck Lively II,21,DAL,C,7,4,115,11,18,.611,0,0,,11,18,.611,.611,8,10,.800,14,23,37,13,4,11,10,21,30,,
Pacôme Dadiet,20,NYK,SG,25,0,93,9,29,.310,5,20,.250,4,9,.444,.397,6,6,1.000,3,17,20,10,3,1,2,5,29,,
Adou Thiero,21,LAL,SF,20,0,107,10,22,.455,0,1,.000,10,21,.476,.455,9,12,.750,7,13,20,6,5,2,5,16,29,,
Luke Travers,24,CLE,SG,12,0,103,9,36,.250,1,16,.063,8,20,.400,.264,9,9,1.000,9,15,24,9,7,4,3,6,28,,
Seth Curry,35,GSW,SG,4,0,51,10,17,.588,4,7,.571,6,10,.600,.706,3,3,1.000,3,3,6,7,2,0,0,3,27,,
Bez Mbeng,22,UTA,SG,6,2,198,10,26,.385,2,13,.154,8,13,.615,.423,5,6,.833,9,14,23,22,9,3,10,21,27,,
Antonio Reeves,25,CHO,SG,9,0,66,10,20,.500,7,13,.538,3,7,.429,.675,0,0,,2,6,8,2,1,0,1,3,27,,
Mason Plumlee,35,2TM,C,17,2,139,9,12,.750,0,0,,9,12,.750,.750,9,14,.643,14,32,46,17,8,0,9,14,27,,
Mason Plumlee,35,CHO,C,14,2,125,9,12,.750,0,0,,9,12,.750,.750,8,12,.667,10,30,40,16,6,0,9,10,26,,
Mason Plumlee,35,SAS,C,3,0,14,0,0,,0,0,,0,0,,,1,2,.500,4,2,6,1,2,0,0,4,1,,
Andersson Garcia,25,UTA,SF,5,2,169,9,29,.310,1,13,.077,8,16,.500,.328,7,9,.778,17,25,42,14,8,4,7,16,26,,
Kadary Richmond,24,WAS,SG,3,0,67,10,16,.625,2,4,.500,8,12,.667,.688,3,3,1.000,1,9,10,8,8,1,2,2,25,,
Amari Williams,24,BOS,PF,19,2,120,8,17,.471,0,0,,8,17,.471,.471,8,12,.667,8,23,31,8,2,9,8,15,24,,
Javonte Cooke,26,POR,SG,19,0,94,9,41,.220,3,23,.130,6,18,.333,.256,2,2,1.000,4,15,19,7,6,0,9,6,23,,
Mac McClung,27,2TM,SG,4,0,47,9,25,.360,2,12,.167,7,13,.538,.400,3,4,.750,0,5,5,2,5,2,3,8,23,,
Mac McClung,27,IND,SG,3,0,34,7,18,.389,2,10,.200,5,8,.625,.444,3,4,.750,0,4,4,1,5,1,2,6,19,,
Mac McClung,27,CHI,SG,1,0,13,2,7,.286,0,2,.000,2,5,.400,.286,0,0,,0,1,1,1,0,1,1,2,4,,
John Poulakidas,22,DAL,SG,4,0,59,8,18,.444,6,15,.400,2,3,.667,.611,0,0,,1,9,10,3,3,0,2,11,22,,
Mark Sears,23,MIL,PG,7,0,26,6,13,.462,4,8,.500,2,5,.400,.615,6,8,.750,1,1,2,2,0,0,4,4,22,,
Bismack Biyombo,33,SAS,C,22,1,124,8,13,.615,0,0,,8,13,.615,.615,5,7,.714,5,15,20,5,4,1,7,24,21,,
Chris Boucher,33,BOS,PF,9,0,94,8,25,.320,2,15,.133,6,10,.600,.360,3,4,.750,2,16,18,3,5,7,1,17,21,,
TyTy Washington Jr.,24,LAC,PG,10,0,66,9,18,.500,3,8,.375,6,10,.600,.583,0,0,,1,2,3,14,4,2,3,4,21,,
Bobi Klintman,22,DET,SF,11,0,69,8,26,.308,4,13,.308,4,13,.308,.385,0,3,.000,5,13,18,6,3,0,6,11,20,,
Jahmir Young,25,MIA,PG,11,0,51,8,22,.364,2,8,.250,6,14,.429,.409,2,2,1.000,2,2,4,6,1,0,3,6,20,,
Joe Ingles,38,MIN,SF,24,0,98,7,13,.538,3,8,.375,4,5,.800,.654,2,2,1.000,0,9,9,20,7,1,9,6,19,,
Monte Morris,30,IND,PG,6,0,65,7,20,.350,2,8,.250,5,12,.417,.400,2,4,.500,1,6,7,9,1,1,2,3,18,,
Isaiah Crawford,24,HOU,SF,12,0,73,6,16,.375,2,9,.222,4,7,.571,.438,3,4,.750,2,8,10,4,2,3,2,3,17,,
Grant Nelson,23,BRK,PF,4,0,35,5,9,.556,0,0,,5,9,.556,.556,7,10,.700,1,5,6,5,1,5,4,6,17,,
Koby Brea,23,PHO,SG,6,0,28,5,12,.417,4,9,.444,1,3,.333,.583,2,2,1.000,0,2,2,3,0,0,0,2,16,,
Nikola Topić,20,OKC,PG,5,0,53,7,16,.438,2,5,.400,5,11,.455,.500,0,0,,2,6,8,10,0,0,11,4,16,,
Omer Yurtseven,27,GSW,C,5,0,56,5,15,.333,0,3,.000,5,12,.417,.333,6,10,.600,10,6,16,4,2,0,6,8,16,,
Emanuel Miller,25,CHI,PF,5,0,33,6,13,.462,2,6,.333,4,7,.571,.538,1,2,.500,1,2,3,4,2,0,0,2,15,,
Trey Alexander,22,NOP,SG,5,0,42,6,9,.667,2,3,.667,4,6,.667,.778,0,0,,0,4,4,5,1,1,1,4,14,,
Lawson Lovering,22,MEM,C,2,1,49,6,10,.600,0,0,,6,10,.600,.600,2,5,.400,6,9,15,3,3,1,2,7,14,,
Kyle Lowry,39,PHI,PG,12,0,108,3,16,.188,3,16,.188,0,0,,.281,5,6,.833,0,9,9,11,2,2,4,8,14,,
Garrett Temple,39,TOR,SG,18,0,60,3,12,.250,2,9,.222,1,3,.333,.333,6,9,.667,1,6,7,8,3,2,7,6,14,,
Tristan Enaruna,24,CLE,SF,6,0,34,6,16,.375,1,5,.200,5,11,.455,.406,0,1,.000,5,4,9,3,1,0,2,1,13,,
Taj Gibson,40,MEM,C,5,0,47,5,12,.417,2,4,.500,3,8,.375,.500,1,2,.500,6,7,13,1,1,1,0,6,13,,
Skal Labissière,29,WAS,PF,3,0,38,6,10,.600,1,5,.200,5,5,1.000,.650,0,0,,3,6,9,3,2,1,1,3,13,,
Sean Pedulla,23,LAC,PG,3,0,20,5,11,.455,3,8,.375,2,3,.667,.591,0,0,,0,1,1,3,0,0,0,2,13,,
James Wiseman,24,IND,C,4,1,58,6,10,.600,0,0,,6,10,.600,.600,1,2,.500,5,3,8,3,0,1,5,10,13,,
Riley Minix,25,2TM,SF,5,0,19,6,9,.667,1,4,.250,5,5,1.000,.722,0,0,,2,3,5,3,1,0,1,2,13,,
Riley Minix,25,SAS,SF,3,0,8,4,6,.667,1,3,.333,3,3,1.000,.750,0,0,,1,1,2,1,1,0,0,1,9,,
Riley Minix,25,CLE,SF,2,0,11,2,3,.667,0,1,.000,2,2,1.000,.667,0,0,,1,2,3,2,0,0,1,1,4,,
Charles Bassey,25,3TM,C,5,0,40,6,12,.500,0,0,,6,12,.500,.500,1,3,.333,8,9,17,2,2,2,1,5,13,,
Charles Bassey,25,MEM,C,2,0,31,3,8,.375,0,0,,3,8,.375,.375,1,3,.333,7,8,15,2,1,1,1,5,7,,
Charles Bassey,25,PHI,C,1,0,5,1,1,1.000,0,0,,1,1,1.000,1.000,0,0,,0,0,0,0,0,1,0,0,2,,
Charles Bassey,25,BOS,C,2,0,4,2,3,.667,0,0,,2,3,.667,.667,0,0,,1,1,2,0,1,0,0,0,4,,
Mo Bamba,27,2TM,C,4,0,44,5,11,.455,0,0,,5,11,.455,.455,0,0,,10,12,22,1,0,3,2,6,10,,
Mo Bamba,27,TOR,C,2,0,6,0,2,.000,0,0,,0,2,.000,.000,0,0,,1,1,2,0,0,1,0,2,0,,
Mo Bamba,27,UTA,C,2,0,38,5,9,.556,0,0,,5,9,.556,.556,0,0,,9,11,20,1,0,2,2,4,10,,
Johni Broome,23,PHI,C,11,0,55,4,24,.167,0,5,.000,4,19,.211,.167,2,6,.333,7,9,16,4,3,2,3,7,10,,
Wendell Moore Jr.,24,DET,SG,5,0,54,4,7,.571,0,1,.000,4,6,.667,.571,2,2,1.000,1,5,6,3,2,2,1,1,10,,
Isaiah Stevens,25,SAC,PG,3,0,43,3,7,.429,0,1,.000,3,6,.500,.429,4,4,1.000,2,1,3,10,5,0,2,2,10,,
Dalano Banton,26,2TM,PG,5,0,25,4,9,.444,0,0,,4,9,.444,.444,2,2,1.000,1,0,1,4,1,1,2,1,10,,
Dalano Banton,26,LAC,PG,2,0,10,3,4,.750,0,0,,3,4,.750,.750,0,0,,1,0,1,2,1,0,1,0,6,,
Dalano Banton,26,BOS,PG,3,0,15,1,5,.200,0,0,,1,5,.200,.200,2,2,1.000,0,0,0,2,0,1,1,1,4,,
Harrison Ingram,23,SAS,SF,5,0,17,4,5,.800,1,1,1.000,3,4,.750,.900,0,0,,3,0,3,1,0,0,0,2,9,,
Trey Jemison,26,NYK,C,11,0,61,4,7,.571,0,0,,4,7,.571,.571,1,1,1.000,8,8,16,3,1,2,6,9,9,,
Curtis Jones,24,DEN,SG,6,0,31,4,14,.286,1,9,.111,3,5,.600,.321,0,0,,1,4,5,3,0,0,1,3,9,,
Chris Livingston,22,CLE,SF,3,0,17,4,7,.571,0,3,.000,4,4,1.000,.571,1,1,1.000,0,3,3,1,1,0,0,4,9,,
Brandon Clarke,29,MEM,PF,2,2,20,3,9,.333,0,0,,3,9,.333,.333,2,4,.500,4,2,6,1,2,0,0,5,8,,
Norchad Omier,24,LAC,PF,3,0,14,4,5,.800,0,1,.000,4,4,1.000,.800,0,0,,2,2,4,1,1,0,0,2,8,,
Jacob Toppin,25,ATL,SF,5,0,17,4,6,.667,0,0,,4,6,.667,.667,0,0,,0,1,1,1,0,1,0,1,8,,
Dillon Jones,24,NYK,SF,6,0,27,1,6,.167,1,4,.250,0,2,.000,.250,4,4,1.000,2,4,6,4,2,0,0,5,7,,
Cody Martin,30,IND,SF,4,0,55,2,10,.200,0,5,.000,2,5,.400,.200,3,6,.500,1,13,14,2,4,2,4,5,7,,
Orlando Robinson,25,ORL,C,4,1,25,3,5,.600,1,2,.500,2,3,.667,.700,0,0,,2,2,4,3,1,0,0,3,7,,
Hunter Sallis,22,PHI,SG,7,0,26,3,5,.600,0,0,,3,5,.600,.600,1,2,.500,0,1,1,4,0,1,5,2,7,,
Isaac Jones,25,2TM,PF,5,1,24,3,5,.600,0,2,.000,3,3,1.000,.600,1,2,.500,2,2,4,1,0,0,0,4,7,,
Isaac Jones,25,SAC,PF,3,1,17,1,2,.500,0,1,.000,1,1,1.000,.500,1,2,.500,2,0,2,1,0,0,0,4,3,,
Isaac Jones,25,DET,PF,2,0,7,2,3,.667,0,1,.000,2,2,1.000,.667,0,0,,0,2,2,0,0,0,0,0,4,,
Buddy Boeheim,26,OKC,SF,4,0,15,2,6,.333,2,6,.333,0,0,,.500,0,0,,0,0,0,0,0,0,0,1,6,,
Keshon Gilbert,22,WAS,PG,3,0,48,1,4,.250,0,2,.000,1,2,.500,.250,4,4,1.000,2,3,5,3,2,4,6,3,6,,
Rocco Zikarsky,19,MIN,C,4,0,16,3,5,.600,0,0,,3,5,.600,.600,0,0,,2,3,5,0,0,3,0,1,6,,
Jayson Kent,23,POR,SF,2,0,7,2,3,.667,1,2,.500,1,1,1.000,.833,0,0,,0,2,2,0,0,0,0,0,5,,
Drew Peterson,26,CHO,PF,6,0,64,2,16,.125,0,12,.000,2,4,.500,.125,1,2,.500,3,6,9,2,3,1,0,3,5,,
Cormac Ryan,27,MIL,SG,1,0,8,1,4,.250,1,3,.333,0,1,.000,.375,2,3,.667,0,0,0,1,1,0,0,2,5,,
Dario Šarić,31,SAC,C,5,0,41,1,6,.167,1,3,.333,0,3,.000,.250,2,2,1.000,1,5,6,2,0,0,2,3,5,,
Trentyn Flowers,20,CHI,SF,2,0,6,2,3,.667,0,1,.000,2,2,1.000,.667,0,0,,1,0,1,1,0,0,1,1,4,,
Vladislav Goldin,24,MIA,C,5,0,14,2,3,.667,0,0,,2,3,.667,.667,0,0,,1,3,4,2,0,1,1,3,4,,
Zyon Pullin,24,MIN,SG,2,0,6,1,1,1.000,0,0,,1,1,1.000,1.000,2,2,1.000,0,0,0,3,1,0,2,2,4,,
Max Shulga,23,BOS,SG,6,0,10,1,3,.333,0,1,.000,1,2,.500,.333,2,2,1.000,1,0,1,2,0,0,1,4,4,,
N'Faly Dante,24,ATL,C,4,0,15,1,4,.250,0,0,,1,4,.250,.250,1,1,1.000,3,4,7,0,2,0,1,1,3,,
Payton Sandfort,23,OKC,SF,1,0,5,1,3,.333,1,2,.500,0,1,.000,.500,0,0,,0,1,1,0,0,0,1,3,3,,
Tyler Smith,21,DAL,PF,3,0,17,1,6,.167,0,5,.000,1,1,1.000,.167,1,2,.500,0,2,2,0,1,0,2,1,3,,
Colin Castleton,25,ORL,C,1,0,10,1,3,.333,0,0,,1,3,.333,.333,0,0,,0,4,4,1,0,0,2,1,2,,
Hunter Dickinson,25,NOP,C,1,0,5,1,2,.500,0,0,,1,2,.500,.500,0,0,,0,0,0,0,0,1,2,2,2,,
Markelle Fultz,27,TOR,PG,1,0,16,1,5,.200,0,0,,1,5,.200,.200,0,0,,0,0,0,5,2,0,3,1,2,,
CJ Huntley,24,PHO,SF,1,0,5,1,2,.500,0,0,,1,2,.500,.500,0,0,,0,0,0,0,0,0,0,0,2,,
Colby Jones,23,DET,SG,1,0,7,1,3,.333,0,2,.000,1,1,1.000,.333,0,0,,0,4,4,2,0,0,0,1,2,,
Chris Mañon,24,LAL,SG,6,0,25,0,2,.000,0,2,.000,0,0,,.000,2,2,1.000,1,5,6,1,3,2,1,5,2,,
Alex Morales,28,ORL,PG,1,0,12,1,2,.500,0,0,,1,2,.500,.500,0,0,,1,2,3,4,0,0,2,4,2,,
David Roddy,24,DEN,PF,2,0,12,0,3,.000,0,3,.000,0,0,,.000,2,2,1.000,1,3,4,2,1,0,0,2,2,,
John Tonje,24,BOS,SG,3,0,11,0,2,.000,0,2,.000,0,0,,.000,2,2,1.000,0,2,2,1,0,0,0,1,2,,
Stanley Umude,26,SAS,SG,2,0,7,1,2,.500,0,1,.000,1,1,1.000,.500,0,0,,0,0,0,1,1,0,0,2,2,,
Jahmyl Telfort,24,LAC,PF,8,0,32,0,4,.000,0,4,.000,0,0,,.000,1,4,.250,0,3,3,1,1,0,1,5,1,,
Darius Brown II,26,CLE,SG,1,0,3,0,1,.000,0,0,,0,1,.000,.000,0,0,,0,1,1,0,0,0,0,0,0,,
Noa Essengue,19,CHI,PF,2,0,6,0,3,.000,0,2,.000,0,1,.000,.000,0,0,,0,0,0,0,1,0,0,1,0,,
Tosan Evbuomwan,24,NYK,SF,5,0,8,0,1,.000,0,0,,0,1,.000,.000,0,0,,1,1,2,0,0,0,0,1,0,,
Enrique Freeman,25,MIN,PF,2,0,8,0,0,,0,0,,0,0,,,0,0,,0,3,3,0,0,1,0,0,0,,
Chucky Hepburn,22,TOR,PG,2,0,13,0,6,.000,0,5,.000,0,1,.000,.000,0,0,,0,1,1,2,1,0,1,2,0,,
Trevor Keels,22,MIA,SG,4,0,5,0,4,.000,0,3,.000,0,1,.000,.000,0,0,,0,2,2,0,0,0,0,0,0,,
League Average,,,,,,,,,.470,,,.359,,,.548,.544,,,.784,,,,,,,,,,,