Player,Age,Tm,Pos,G,GS,MP,FG%,Dist.,2P,0-3,3-10,10-16,16-3P,3P,%FGA,#,%3PA,3P%,Att.,Md.,Awards
Amen Thompson,23.0,HOU,PG,77.0,77.0,2870.0,0.529,7.8,0.888,0.385,0.333,0.109,0.061,0.112,0.202,189.0,0.593,0.239,1.0,0.0,
Kevin Durant,37.0,HOU,SF,76.0,76.0,2763.0,0.517,16.4,0.669,0.065,0.145,0.304,0.156,0.331,0.042,52.0,0.102,0.489,0.0,0.0,
Desmond Bane,27.0,ORL,SG,80.0,80.0,2721.0,0.485,13.5,0.645,0.225,0.251,0.105,0.065,0.355,0.002,2.0,0.194,0.451,0.0,0.0,
Toumani Camara,25.0,POR,PF,80.0,80.0,2665.0,0.444,18.1,0.333,0.169,0.139,0.02,0.006,0.667,0.051,38.0,0.299,0.331,0.0,0.0,
Jamal Murray,28.0,DEN,PG,75.0,75.0,2652.0,0.483,16.3,0.586,0.127,0.195,0.14,0.124,0.414,0.009,12.0,0.107,0.517,3.0,3.0,
Jabari Smith Jr.,22.0,HOU,PF,75.0,75.0,2632.0,0.45,16.8,0.498,0.138,0.146,0.153,0.061,0.502,0.068,62.0,0.352,0.383,0.0,0.0,
Mikal Bridges,29.0,NYK,SF,79.0,79.0,2628.0,0.488,15.0,0.566,0.201,0.145,0.17,0.05,0.434,0.039,35.0,0.454,0.406,0.0,0.0,
Julius Randle,31.0,MIN,PF,79.0,79.0,2610.0,0.481,12.1,0.713,0.27,0.229,0.14,0.074,0.287,0.053,58.0,0.22,0.329,0.0,0.0,
Scottie Barnes,24.0,TOR,PF,77.0,77.0,2590.0,0.504,10.7,0.798,0.296,0.253,0.179,0.07,0.202,0.112,110.0,0.249,0.273,0.0,0.0,
Derrick White,31.0,BOS,SG,75.0,75.0,2572.0,0.397,19.2,0.426,0.074,0.161,0.125,0.066,0.574,0.013,14.0,0.11,0.391,0.0,0.0,
Nickeil Alexander-Walker,27.0,ATL,SG,77.0,70.0,2571.0,0.458,16.3,0.475,0.216,0.129,0.077,0.052,0.525,0.01,11.0,0.262,0.479,0.0,0.0,
Tyrese Maxey,25.0,PHI,PG,67.0,67.0,2562.0,0.463,14.9,0.601,0.233,0.2,0.094,0.074,0.399,0.022,29.0,0.075,0.372,0.0,0.0,
Jalen Brunson,29.0,NYK,PG,72.0,72.0,2522.0,0.464,15.3,0.641,0.115,0.222,0.207,0.097,0.359,0.0,0.0,0.169,0.414,0.0,0.0,
VJ Edgecombe,20.0,PHI,SG,72.0,72.0,2512.0,0.438,14.8,0.589,0.224,0.179,0.116,0.07,0.411,0.069,56.0,0.143,0.345,0.0,0.0,
Jalen Johnson,24.0,ATL,SF,71.0,71.0,2507.0,0.488,12.0,0.722,0.252,0.275,0.142,0.053,0.278,0.074,87.0,0.065,0.227,0.0,0.0,
Brandon Ingram,28.0,TOR,SF,74.0,74.0,2500.0,0.473,14.8,0.723,0.146,0.133,0.265,0.18,0.277,0.041,40.0,0.248,0.529,0.0,0.0,
Kon Knueppel,20.0,CHA,SF,79.0,78.0,2490.0,0.478,17.9,0.41,0.14,0.173,0.079,0.018,0.59,0.016,16.0,0.207,0.527,1.0,0.0,
Payton Pritchard,28.0,BOS,PG,77.0,50.0,2490.0,0.463,18.4,0.484,0.08,0.171,0.175,0.058,0.516,0.0,0.0,0.075,0.512,0.0,0.0,
Dyson Daniels,22.0,ATL,SG,75.0,75.0,2490.0,0.516,7.4,0.849,0.405,0.385,0.057,0.001,0.151,0.077,54.0,0.336,0.179,0.0,0.0,
Donte DiVincenzo,29.0,MIN,SG,80.0,80.0,2457.0,0.406,20.9,0.229,0.104,0.088,0.027,0.01,0.771,0.02,12.0,0.23,0.372,0.0,0.0,
Paolo Banchero,23.0,ORL,PF,70.0,70.0,2437.0,0.462,11.2,0.763,0.284,0.263,0.155,0.061,0.238,0.056,55.0,0.173,0.435,0.0,0.0,
Jaylen Brown,29.0,BOS,SF,70.0,70.0,2414.0,0.476,13.6,0.738,0.159,0.262,0.171,0.145,0.262,0.027,32.0,0.117,0.404,0.0,0.0,
James Harden,36.0,2TM,PG,69.0,69.0,2413.0,0.433,16.8,0.489,0.138,0.226,0.093,0.032,0.511,0.001,1.0,0.053,0.333,0.0,0.0,
James Harden,36.0,LAC,PG,44.0,44.0,1559.0,0.419,16.8,0.495,0.137,0.233,0.086,0.039,0.505,0.0,0.0,0.057,0.182,0.0,0.0,
James Harden,36.0,CLE,PG,25.0,25.0,854.0,0.466,16.8,0.475,0.139,0.209,0.109,0.018,0.525,0.003,1.0,0.045,0.75,0.0,0.0,
DeMar DeRozan,36.0,SAC,PF,77.0,77.0,2406.0,0.497,14.2,0.854,0.091,0.184,0.302,0.277,0.146,0.01,9.0,0.361,0.377,0.0,0.0,
Rudy Gobert,33.0,MIN,C,76.0,76.0,2380.0,0.682,2.3,0.99,0.78,0.193,0.012,0.004,0.01,0.43,189.0,0.4,0.0,0.0,0.0,
Ryan Rollins,23.0,MIL,PG,74.0,67.0,2376.0,0.472,15.6,0.56,0.204,0.152,0.13,0.074,0.44,0.015,15.0,0.214,0.433,0.0,0.0,
Donovan Mitchell,29.0,CLE,SG,70.0,70.0,2342.0,0.483,15.7,0.561,0.189,0.192,0.113,0.067,0.439,0.014,16.0,0.12,0.392,0.0,0.0,
Trey Murphy III,25.0,NOP,SF,66.0,66.0,2341.0,0.47,17.0,0.462,0.21,0.154,0.071,0.026,0.538,0.107,103.0,0.096,0.481,0.0,0.0,
Miles Bridges,27.0,CHA,PF,75.0,75.0,2340.0,0.461,13.8,0.573,0.232,0.285,0.041,0.015,0.427,0.074,65.0,0.28,0.366,1.0,1.0,
Alperen Şengün,23.0,HOU,C,70.0,70.0,2336.0,0.519,8.6,0.881,0.287,0.409,0.146,0.039,0.119,0.08,75.0,0.054,0.429,0.0,0.0,
Cooper Flagg,19.0,DAL,SF,68.0,68.0,2302.0,0.467,11.5,0.797,0.219,0.312,0.151,0.115,0.203,0.073,74.0,0.123,0.276,0.0,0.0,
Luka Dončić,26.0,LAL,PG,64.0,64.0,2289.0,0.476,17.8,0.524,0.076,0.198,0.186,0.063,0.476,0.003,4.0,0.058,0.2,0.0,0.0,
Jaden McDaniels,25.0,MIN,PF,72.0,72.0,2281.0,0.518,12.4,0.687,0.225,0.277,0.137,0.048,0.313,0.094,64.0,0.377,0.462,0.0,0.0,
Onyeka Okongwu,25.0,ATL,C,73.0,62.0,2270.0,0.482,13.8,0.554,0.229,0.275,0.046,0.005,0.446,0.069,53.0,0.27,0.388,0.0,0.0,
Collin Gillespie,26.0,PHX,PG,79.0,57.0,2266.0,0.419,21.3,0.313,0.055,0.083,0.128,0.048,0.687,0.0,0.0,0.152,0.448,0.0,0.0,
Karl-Anthony Towns,30.0,NYK,C,73.0,73.0,2262.0,0.499,10.8,0.702,0.404,0.228,0.034,0.037,0.298,0.077,70.0,0.05,0.467,0.0,0.0,
Bam Adebayo,28.0,MIA,C,70.0,70.0,2260.0,0.436,13.4,0.649,0.2,0.255,0.146,0.047,0.351,0.075,73.0,0.321,0.323,0.0,0.0,
Shai Gilgeous-Alexander,27.0,OKC,PG,68.0,68.0,2259.0,0.553,12.6,0.774,0.228,0.173,0.273,0.101,0.226,0.015,20.0,0.054,0.313,0.0,0.0,
Brandin Podziemski,22.0,GSW,SG,79.0,40.0,2256.0,0.454,16.6,0.523,0.156,0.163,0.133,0.07,0.477,0.01,7.0,0.137,0.574,0.0,0.0,
Nikola Jokić,30.0,DEN,C,64.0,64.0,2247.0,0.569,11.5,0.738,0.216,0.374,0.109,0.039,0.262,0.02,19.0,0.061,0.556,0.0,0.0,
Saddiq Bey,26.0,NOP,SF,72.0,64.0,2246.0,0.451,13.6,0.574,0.27,0.209,0.071,0.024,0.426,0.047,45.0,0.308,0.394,1.0,0.0,
CJ McCollum,34.0,2TM,PG,75.0,59.0,2239.0,0.452,16.4,0.559,0.133,0.185,0.149,0.092,0.441,0.003,2.0,0.147,0.351,0.0,0.0,
CJ McCollum,34.0,WAS,SG,35.0,35.0,1082.0,0.454,17.0,0.539,0.108,0.187,0.159,0.085,0.461,0.004,1.0,0.135,0.424,0.0,0.0,
CJ McCollum,34.0,ATL,PG,40.0,24.0,1157.0,0.45,15.8,0.576,0.154,0.184,0.14,0.099,0.424,0.002,1.0,0.159,0.293,0.0,0.0,
Wendell Carter Jr.,26.0,ORL,C,76.0,76.0,2232.0,0.515,12.5,0.643,0.333,0.162,0.099,0.05,0.357,0.16,91.0,0.336,0.307,0.0,0.0,
Matas Buzelis,21.0,CHI,PF,76.0,76.0,2222.0,0.465,14.5,0.486,0.319,0.146,0.013,0.008,0.514,0.093,78.0,0.253,0.374,0.0,0.0,
Julian Champagnie,24.0,SAS,SF,80.0,66.0,2214.0,0.435,19.7,0.251,0.148,0.077,0.021,0.004,0.749,0.04,26.0,0.364,0.402,0.0,0.0,
Max Christie,22.0,DAL,SG,75.0,66.0,2201.0,0.439,18.1,0.384,0.133,0.142,0.062,0.047,0.616,0.041,25.0,0.354,0.442,0.0,0.0,
A.J. Green,26.0,MIL,SG,76.0,66.0,2193.0,0.418,24.1,0.103,0.024,0.021,0.033,0.026,0.897,0.0,0.0,0.263,0.493,0.0,0.0,
Royce O'Neale,32.0,PHX,SF,77.0,67.0,2191.0,0.421,23.0,0.166,0.06,0.081,0.021,0.003,0.834,0.007,4.0,0.172,0.523,1.0,1.0,
Immanuel Quickley,26.0,TOR,PG,68.0,68.0,2191.0,0.444,17.7,0.475,0.106,0.179,0.15,0.04,0.525,0.004,4.0,0.146,0.382,0.0,0.0,
Naji Marshall,28.0,DAL,SF,74.0,47.0,2184.0,0.51,11.3,0.741,0.21,0.37,0.135,0.026,0.259,0.012,10.0,0.469,0.34,0.0,0.0,
Kris Dunn,31.0,LAC,PG,80.0,66.0,2181.0,0.475,14.2,0.554,0.188,0.273,0.081,0.013,0.446,0.038,16.0,0.407,0.447,0.0,0.0,
Bub Carrington,20.0,WAS,PG,79.0,45.0,2175.0,0.418,20.1,0.436,0.054,0.106,0.117,0.158,0.564,0.011,6.0,0.135,0.377,0.0,0.0,
OG Anunoby,28.0,NYK,PF,65.0,65.0,2172.0,0.486,14.4,0.497,0.313,0.108,0.056,0.022,0.503,0.175,126.0,0.463,0.44,0.0,0.0,
De'Aaron Fox,28.0,SAS,PG,70.0,70.0,2170.0,0.488,14.4,0.627,0.202,0.206,0.153,0.067,0.373,0.013,11.0,0.21,0.506,0.0,0.0,
Devin Booker,29.0,PHX,SG,64.0,64.0,2146.0,0.456,15.3,0.691,0.138,0.169,0.235,0.149,0.309,0.014,14.0,0.081,0.3,1.0,0.0,
Quentin Grimes,25.0,PHI,SG,72.0,19.0,2135.0,0.451,15.8,0.488,0.259,0.136,0.039,0.054,0.512,0.054,34.0,0.228,0.405,1.0,1.0,
Deni Avdija,25.0,POR,SF,64.0,64.0,2131.0,0.46,12.7,0.632,0.287,0.248,0.072,0.025,0.368,0.023,24.0,0.119,0.333,0.0,0.0,
Cade Cunningham,24.0,DET,PG,62.0,62.0,2121.0,0.462,13.2,0.693,0.18,0.302,0.139,0.073,0.307,0.041,43.0,0.05,0.389,0.0,0.0,
Anthony Edwards,24.0,MIN,SG,60.0,59.0,2109.0,0.489,15.7,0.583,0.181,0.15,0.149,0.104,0.417,0.044,47.0,0.091,0.478,0.0,0.0,
Tim Hardaway Jr.,33.0,DEN,SG,79.0,5.0,2100.0,0.449,20.8,0.295,0.076,0.09,0.068,0.061,0.705,0.025,16.0,0.196,0.453,0.0,0.0,
Reed Sheppard,21.0,HOU,SG,79.0,20.0,2084.0,0.432,19.9,0.392,0.075,0.121,0.129,0.067,0.608,0.018,15.0,0.145,0.513,0.0,0.0,
Duncan Robinson,31.0,DET,SF,75.0,75.0,2066.0,0.452,20.9,0.227,0.081,0.117,0.021,0.009,0.773,0.006,4.0,0.268,0.39,0.0,0.0,
Pascal Siakam,31.0,IND,PF,62.0,62.0,2057.0,0.484,12.2,0.746,0.213,0.277,0.183,0.074,0.254,0.01,9.0,0.157,0.413,0.0,0.0,
Evan Mobley,24.0,CLE,PF,64.0,62.0,2053.0,0.548,9.7,0.753,0.404,0.255,0.071,0.024,0.247,0.251,203.0,0.139,0.207,1.0,0.0,
Kawhi Leonard,34.0,LAC,SF,64.0,64.0,2047.0,0.505,15.4,0.645,0.128,0.203,0.204,0.11,0.355,0.044,45.0,0.093,0.415,0.0,0.0,
Cason Wallace,22.0,OKC,SG,77.0,58.0,2046.0,0.432,14.5,0.507,0.274,0.175,0.039,0.019,0.493,0.06,29.0,0.33,0.368,0.0,0.0,
Donovan Clingan,21.0,POR,C,75.0,75.0,2042.0,0.52,10.9,0.642,0.468,0.159,0.006,0.009,0.358,0.205,117.0,0.072,0.176,0.0,0.0,
Jaime Jaquez Jr.,24.0,MIA,SF,72.0,1.0,2035.0,0.498,9.5,0.805,0.274,0.406,0.098,0.026,0.195,0.029,22.0,0.333,0.404,0.0,0.0,
Jeremiah Fears,19.0,NOP,PG,80.0,47.0,2027.0,0.434,12.0,0.693,0.323,0.22,0.104,0.045,0.307,0.021,18.0,0.131,0.474,0.0,0.0,
Stephon Castle,21.0,SAS,PG,67.0,66.0,2008.0,0.473,11.4,0.701,0.311,0.261,0.109,0.02,0.299,0.081,60.0,0.228,0.345,0.0,0.0,
Naz Reid,26.0,MIN,C,77.0,3.0,2007.0,0.456,15.8,0.486,0.147,0.258,0.077,0.003,0.514,0.029,20.0,0.324,0.421,1.0,0.0,
Chet Holmgren,23.0,OKC,PF,69.0,69.0,1997.0,0.557,11.6,0.688,0.344,0.208,0.095,0.041,0.312,0.194,138.0,0.198,0.333,0.0,0.0,
Andrew Wiggins,30.0,MIA,SF,65.0,65.0,1992.0,0.48,14.2,0.599,0.225,0.21,0.103,0.061,0.401,0.035,26.0,0.249,0.475,0.0,0.0,
Devin Vassell,25.0,SAS,SG,65.0,63.0,1984.0,0.437,19.1,0.429,0.087,0.061,0.18,0.101,0.571,0.027,18.0,0.302,0.409,0.0,0.0,
Jake LaRavia,24.0,LAL,PF,79.0,41.0,1975.0,0.453,13.9,0.537,0.244,0.238,0.047,0.008,0.463,0.072,35.0,0.477,0.283,1.0,0.0,
LaMelo Ball,24.0,CHA,PG,70.0,67.0,1956.0,0.408,18.7,0.412,0.114,0.188,0.088,0.022,0.588,0.006,6.0,0.12,0.447,0.0,0.0,
Jalen Duren,22.0,DET,C,69.0,69.0,1954.0,0.649,3.7,1.0,0.521,0.427,0.03,0.021,0.0,0.251,187.0,,,0.0,0.0,
Bruce Brown,29.0,DEN,SG,80.0,2.0,1944.0,0.469,10.7,0.715,0.313,0.297,0.089,0.016,0.285,0.032,15.0,0.514,0.459,0.0,0.0,
Derik Queen,21.0,NOP,C,79.0,46.0,1943.0,0.473,8.0,0.881,0.398,0.303,0.096,0.084,0.119,0.076,44.0,0.357,0.3,0.0,0.0,
Davion Mitchell,27.0,MIA,PG,68.0,68.0,1937.0,0.481,14.5,0.566,0.191,0.272,0.064,0.039,0.434,0.0,0.0,0.102,0.304,0.0,0.0,
Harrison Barnes,33.0,SAS,PF,75.0,52.0,1933.0,0.452,17.3,0.371,0.157,0.155,0.05,0.009,0.629,0.022,12.0,0.527,0.391,0.0,0.0,
Ace Bailey,19.0,UTA,SF,70.0,59.0,1930.0,0.444,16.5,0.552,0.149,0.161,0.097,0.144,0.448,0.106,78.0,0.264,0.297,0.0,0.0,
Josh Hart,30.0,NYK,SF,64.0,50.0,1929.0,0.506,13.6,0.593,0.296,0.16,0.096,0.042,0.407,0.023,12.0,0.295,0.493,0.0,0.0,
Nic Claxton,26.0,BKN,C,69.0,68.0,1920.0,0.571,4.6,0.967,0.497,0.395,0.058,0.017,0.033,0.238,125.0,0.053,0.0,0.0,0.0,
Brandon Miller,23.0,CHA,SF,63.0,63.0,1910.0,0.435,17.3,0.489,0.123,0.195,0.126,0.045,0.511,0.059,54.0,0.126,0.446,0.0,0.0,
LeBron James,41.0,LAL,SF,57.0,57.0,1909.0,0.512,11.8,0.732,0.296,0.232,0.123,0.082,0.268,0.114,93.0,0.197,0.283,0.0,0.0,
Jarace Walker,22.0,IND,PF,74.0,39.0,1895.0,0.42,16.1,0.512,0.166,0.207,0.085,0.054,0.488,0.045,30.0,0.151,0.423,0.0,0.0,
Neemias Queta,26.0,BOS,C,74.0,73.0,1889.0,0.651,3.8,0.986,0.547,0.39,0.043,0.006,0.014,0.261,118.0,0.143,0.0,0.0,0.0,
Maxime Raynaud,22.0,SAC,C,72.0,54.0,1887.0,0.565,8.1,0.898,0.199,0.542,0.143,0.014,0.102,0.072,44.0,0.333,0.273,0.0,0.0,
Myles Turner,29.0,MIL,C,70.0,70.0,1885.0,0.438,18.3,0.403,0.148,0.135,0.072,0.047,0.597,0.041,24.0,0.187,0.437,0.0,0.0,
Sam Hauser,28.0,BOS,PF,76.0,47.0,1875.0,0.417,23.4,0.164,0.041,0.029,0.06,0.033,0.836,0.002,1.0,0.175,0.447,0.0,0.0,
Deandre Ayton,27.0,LAL,C,69.0,69.0,1872.0,0.669,5.2,1.0,0.419,0.412,0.143,0.026,0.0,0.217,116.0,,,0.0,0.0,
Anthony Black,22.0,ORL,PG,62.0,40.0,1872.0,0.449,13.2,0.615,0.26,0.238,0.072,0.045,0.385,0.104,67.0,0.273,0.443,1.0,1.0,
Keldon Johnson,26.0,SAS,SF,80.0,0.0,1866.0,0.521,10.8,0.659,0.343,0.302,0.009,0.005,0.341,0.04,28.0,0.51,0.351,0.0,0.0,
Ayo Dosunmu,26.0,2TM,SG,68.0,19.0,1855.0,0.516,12.1,0.623,0.37,0.191,0.046,0.015,0.377,0.02,12.0,0.284,0.418,1.0,1.0,
Ayo Dosunmu,26.0,CHI,SG,45.0,10.0,1187.0,0.514,12.0,0.603,0.407,0.173,0.016,0.006,0.397,0.027,10.0,0.316,0.459,1.0,1.0,
Ayo Dosunmu,26.0,MIN,SG,23.0,9.0,668.0,0.518,12.2,0.661,0.299,0.227,0.104,0.032,0.339,0.008,2.0,0.212,0.278,0.0,0.0,
Tristan Da Silva,24.0,ORL,SF,75.0,34.0,1854.0,0.451,15.9,0.482,0.161,0.225,0.072,0.025,0.518,0.057,29.0,0.373,0.449,0.0,0.0,
Russell Westbrook,37.0,SAC,SF,64.0,58.0,1853.0,0.427,15.6,0.548,0.136,0.244,0.099,0.069,0.452,0.011,8.0,0.269,0.343,0.0,0.0,
Ausar Thompson,23.0,DET,SF,71.0,70.0,1849.0,0.522,5.5,0.958,0.425,0.416,0.097,0.019,0.042,0.188,93.0,0.5,0.167,0.0,0.0,
Moussa Diabaté,24.0,CHA,C,71.0,45.0,1848.0,0.629,3.1,0.994,0.635,0.315,0.037,0.008,0.006,0.303,95.0,0.5,1.0,0.0,0.0,
Zion Williamson,25.0,NOP,PF,62.0,55.0,1841.0,0.6,3.6,0.995,0.575,0.378,0.038,0.004,0.005,0.103,77.0,0.0,,0.0,0.0,
Victor Wembanyama,22.0,SAS,C,63.0,54.0,1839.0,0.51,12.8,0.675,0.325,0.149,0.118,0.083,0.325,0.179,172.0,0.073,0.48,0.0,0.0,
John Collins,28.0,LAC,PF,67.0,55.0,1837.0,0.553,11.6,0.665,0.278,0.275,0.078,0.034,0.335,0.141,79.0,0.597,0.442,0.0,0.0,
Rui Hachimura,27.0,LAL,PF,65.0,38.0,1837.0,0.513,16.4,0.558,0.163,0.106,0.163,0.126,0.442,0.06,32.0,0.412,0.427,0.0,0.0,
Draymond Green,35.0,GSW,PF,66.0,66.0,1823.0,0.417,17.5,0.37,0.207,0.113,0.039,0.01,0.63,0.014,6.0,0.342,0.39,0.0,0.0,
Jaylen Wells,22.0,MEM,SG,69.0,69.0,1821.0,0.431,17.0,0.477,0.152,0.142,0.096,0.087,0.523,0.036,20.0,0.332,0.339,0.0,0.0,
Luguentz Dort,26.0,OKC,SF,67.0,67.0,1808.0,0.387,20.5,0.29,0.115,0.057,0.074,0.043,0.71,0.033,16.0,0.198,0.347,0.0,0.0,
Sion James,23.0,CHA,SG,80.0,19.0,1805.0,0.372,17.3,0.367,0.197,0.142,0.022,0.006,0.633,0.042,11.0,0.368,0.393,1.0,1.0,
Nique Clifford,23.0,SAC,SG,73.0,26.0,1805.0,0.411,15.0,0.606,0.141,0.253,0.135,0.077,0.394,0.037,16.0,0.29,0.338,0.0,0.0,
Kyle Filipowski,22.0,UTA,C,77.0,41.0,1801.0,0.492,11.5,0.653,0.259,0.339,0.047,0.008,0.347,0.091,53.0,0.421,0.333,0.0,0.0,
Pelle Larsson,24.0,MIA,SG,68.0,53.0,1790.0,0.495,11.5,0.656,0.316,0.297,0.037,0.006,0.344,0.054,28.0,0.261,0.375,0.0,0.0,
Andrew Nembhard,26.0,IND,PG,57.0,57.0,1786.0,0.442,16.6,0.607,0.141,0.163,0.159,0.143,0.393,0.005,3.0,0.078,0.261,0.0,0.0,
Keyonte George,22.0,UTA,PG,54.0,54.0,1786.0,0.456,15.6,0.59,0.101,0.276,0.117,0.096,0.41,0.033,26.0,0.122,0.409,0.0,0.0,
Kyle Kuzma,30.0,MIL,PF,68.0,43.0,1785.0,0.491,12.1,0.653,0.298,0.258,0.072,0.025,0.347,0.041,25.0,0.353,0.357,1.0,0.0,
Jamal Shead,23.0,TOR,PG,79.0,11.0,1783.0,0.365,16.6,0.476,0.165,0.198,0.095,0.019,0.524,0.006,3.0,0.197,0.26,0.0,0.0,
Noah Clowney,21.0,BKN,PF,66.0,60.0,1780.0,0.396,17.7,0.379,0.124,0.201,0.041,0.013,0.621,0.044,22.0,0.283,0.432,0.0,0.0,
Nikola Vučević,35.0,2TM,C,62.0,49.0,1775.0,0.49,13.0,0.666,0.2,0.329,0.102,0.036,0.334,0.018,12.0,0.103,0.259,0.0,0.0,
Nikola Vučević,35.0,CHI,C,48.0,48.0,1480.0,0.505,12.9,0.67,0.206,0.321,0.105,0.038,0.33,0.02,11.0,0.087,0.211,0.0,0.0,
Nikola Vučević,35.0,BOS,C,14.0,1.0,295.0,0.416,13.0,0.648,0.168,0.368,0.088,0.024,0.352,0.008,1.0,0.182,0.375,0.0,0.0,
Oso Ighodaro,23.0,PHX,PF,80.0,23.0,1774.0,0.655,4.2,0.997,0.524,0.376,0.097,0.0,0.003,0.343,112.0,0.0,,0.0,0.0,
Austin Reaves,27.0,LAL,SG,51.0,45.0,1762.0,0.49,15.1,0.57,0.15,0.277,0.122,0.021,0.43,0.005,4.0,0.125,0.415,0.0,0.0,
Brice Sensabaugh,22.0,UTA,SF,74.0,22.0,1749.0,0.46,16.9,0.488,0.112,0.197,0.137,0.041,0.512,0.04,29.0,0.235,0.49,0.0,0.0,
P.J. Washington,27.0,DAL,PF,56.0,53.0,1736.0,0.45,12.1,0.644,0.243,0.324,0.059,0.018,0.356,0.088,53.0,0.415,0.361,0.0,0.0,
Josh Giddey,23.0,CHI,PG,54.0,51.0,1731.0,0.448,13.4,0.605,0.261,0.262,0.054,0.028,0.395,0.011,8.0,0.131,0.351,0.0,0.0,
Jaylon Tyson,23.0,CLE,SG,64.0,40.0,1727.0,0.496,13.6,0.552,0.268,0.225,0.05,0.009,0.448,0.053,24.0,0.374,0.439,0.0,0.0,
Marcus Smart,31.0,LAL,SG,60.0,53.0,1725.0,0.399,18.3,0.384,0.112,0.159,0.084,0.028,0.616,0.002,0.0,0.301,0.407,0.0,0.0,
Cam Spencer,25.0,MEM,SG,72.0,20.0,1714.0,0.473,19.6,0.415,0.067,0.108,0.142,0.099,0.585,0.0,0.0,0.098,0.5,0.0,0.0,
Tobias Harris,33.0,DET,PF,61.0,61.0,1699.0,0.463,13.4,0.66,0.153,0.287,0.174,0.047,0.34,0.045,25.0,0.45,0.367,0.0,0.0,
Isaac Okoro,25.0,CHI,SG,63.0,62.0,1695.0,0.46,12.9,0.519,0.401,0.115,0.002,0.0,0.481,0.028,13.0,0.557,0.341,0.0,0.0,
Jerami Grant,31.0,POR,PF,57.0,38.0,1695.0,0.453,14.7,0.521,0.234,0.2,0.06,0.026,0.479,0.041,27.0,0.386,0.422,0.0,0.0,
Sandro Mamukelashvili,26.0,TOR,C,77.0,13.0,1690.0,0.522,13.6,0.535,0.344,0.162,0.028,0.002,0.465,0.082,47.0,0.218,0.371,0.0,0.0,
Michael Porter Jr.,27.0,BKN,SF,52.0,52.0,1689.0,0.463,16.9,0.494,0.185,0.13,0.075,0.103,0.506,0.053,47.0,0.13,0.317,0.0,0.0,
Precious Achiuwa,26.0,SAC,C,71.0,55.0,1685.0,0.535,7.6,0.842,0.377,0.401,0.056,0.005,0.158,0.139,66.0,0.411,0.27,0.0,0.0,
Dennis Schröder,32.0,2TM,PG,69.0,17.0,1681.0,0.407,14.2,0.636,0.147,0.246,0.159,0.084,0.364,0.0,0.0,0.159,0.389,0.0,0.0,
Dennis Schröder,32.0,SAC,PG,40.0,14.0,1056.0,0.408,15.6,0.607,0.109,0.237,0.166,0.095,0.393,0.0,0.0,0.157,0.462,0.0,0.0,
Dennis Schröder,32.0,CLE,PG,29.0,3.0,625.0,0.407,12.7,0.698,0.226,0.266,0.146,0.06,0.302,0.0,0.0,0.167,0.2,0.0,0.0,
Dillon Brooks,30.0,PHX,SF,55.0,55.0,1680.0,0.436,16.4,0.614,0.093,0.18,0.234,0.107,0.386,0.005,4.0,0.148,0.315,0.0,0.0,
Tre Jones,26.0,CHI,PG,62.0,38.0,1677.0,0.553,8.3,0.79,0.484,0.233,0.06,0.012,0.21,0.002,1.0,0.344,0.357,0.0,0.0,
Norman Powell,32.0,MIA,SG,56.0,52.0,1677.0,0.471,15.4,0.542,0.197,0.208,0.089,0.047,0.458,0.014,11.0,0.148,0.322,1.0,1.0,
RJ Barrett,25.0,TOR,SF,55.0,55.0,1662.0,0.491,11.8,0.653,0.307,0.268,0.071,0.006,0.347,0.045,34.0,0.245,0.328,0.0,0.0,
Cameron Johnson,29.0,DEN,SF,54.0,54.0,1647.0,0.48,16.6,0.461,0.202,0.131,0.069,0.059,0.539,0.053,23.0,0.344,0.477,0.0,0.0,
Jay Huff,27.0,IND,C,79.0,47.0,1646.0,0.473,17.4,0.388,0.247,0.126,0.009,0.007,0.612,0.151,79.0,0.125,0.289,0.0,0.0,
Kel'el Ware,21.0,MIA,C,74.0,32.0,1642.0,0.527,10.8,0.647,0.446,0.173,0.016,0.013,0.353,0.238,134.0,0.285,0.429,0.0,0.0,
Dominick Barlow,22.0,PHI,PF,68.0,59.0,1626.0,0.545,7.7,0.791,0.488,0.248,0.036,0.018,0.209,0.183,66.0,0.741,0.233,0.0,0.0,
Bobby Portis,30.0,MIL,PF,67.0,9.0,1619.0,0.488,16.3,0.605,0.115,0.18,0.151,0.16,0.395,0.011,7.0,0.372,0.5,0.0,0.0,
Luke Kennard,29.0,2TM,SG,75.0,3.0,1610.0,0.532,18.0,0.43,0.107,0.119,0.141,0.062,0.57,0.0,0.0,0.305,0.507,0.0,0.0,
Luke Kennard,29.0,ATL,SG,46.0,0.0,944.0,0.538,18.7,0.379,0.108,0.108,0.1,0.063,0.621,0.0,0.0,0.329,0.531,0.0,0.0,
Luke Kennard,29.0,LAL,SG,29.0,3.0,666.0,0.525,17.3,0.497,0.106,0.134,0.196,0.061,0.503,0.0,0.0,0.267,0.458,0.0,0.0,
Cedric Coward,22.0,MEM,SG,62.0,47.0,1598.0,0.471,14.0,0.576,0.238,0.207,0.113,0.019,0.424,0.049,28.0,0.244,0.224,0.0,0.0,
Peyton Watson,23.0,DEN,SF,54.0,40.0,1598.0,0.491,12.7,0.661,0.244,0.258,0.102,0.057,0.339,0.105,51.0,0.401,0.506,0.0,0.0,
Herbert Jones,27.0,NOP,SF,56.0,56.0,1588.0,0.383,16.0,0.458,0.224,0.157,0.044,0.033,0.542,0.044,20.0,0.301,0.333,0.0,0.0,
Bennedict Mathurin,23.0,2TM,SF,52.0,25.0,1583.0,0.432,14.1,0.65,0.211,0.208,0.114,0.117,0.35,0.038,21.0,0.148,0.471,0.0,0.0,
Bennedict Mathurin,23.0,IND,SF,28.0,24.0,891.0,0.433,16.1,0.564,0.179,0.17,0.098,0.117,0.436,0.025,8.0,0.167,0.538,0.0,0.0,
Bennedict Mathurin,23.0,LAC,SF,24.0,1.0,692.0,0.43,12.2,0.753,0.25,0.253,0.133,0.117,0.247,0.053,13.0,0.108,0.25,0.0,0.0,
Brook Lopez,37.0,LAC,C,73.0,38.0,1576.0,0.426,18.3,0.418,0.125,0.183,0.092,0.017,0.582,0.035,17.0,0.136,0.415,0.0,0.0,
Jordan Goodwin,27.0,PHX,PG,70.0,10.0,1572.0,0.413,16.3,0.456,0.231,0.126,0.068,0.031,0.544,0.009,4.0,0.341,0.35,0.0,0.0,
Cody Williams,21.0,UTA,SG,65.0,39.0,1558.0,0.475,10.7,0.743,0.266,0.326,0.09,0.061,0.257,0.165,64.0,0.618,0.263,0.0,0.0,
Moses Moody,23.0,GSW,SG,60.0,49.0,1540.0,0.44,19.0,0.323,0.127,0.117,0.052,0.027,0.677,0.02,9.0,0.345,0.431,0.0,0.0,
Will Riley,19.0,WAS,SF,71.0,16.0,1532.0,0.447,14.6,0.6,0.202,0.245,0.1,0.053,0.4,0.046,25.0,0.189,0.349,0.0,0.0,
Terance Mann,29.0,BKN,SG,63.0,51.0,1529.0,0.457,13.9,0.582,0.234,0.196,0.111,0.041,0.418,0.046,13.0,0.416,0.375,0.0,0.0,
Collin Sexton,27.0,2TM,SG,65.0,19.0,1524.0,0.483,13.9,0.605,0.258,0.219,0.075,0.053,0.395,0.003,1.0,0.193,0.472,0.0,0.0,
Collin Sexton,27.0,CHA,SG,42.0,12.0,938.0,0.488,13.3,0.65,0.244,0.249,0.089,0.068,0.35,0.0,0.0,0.145,0.571,0.0,0.0,
Collin Sexton,27.0,CHI,SG,23.0,7.0,586.0,0.475,14.4,0.539,0.279,0.175,0.054,0.032,0.461,0.007,1.0,0.248,0.406,0.0,0.0,
Jarrett Allen,27.0,CLE,C,56.0,56.0,1519.0,0.638,5.1,0.981,0.455,0.417,0.087,0.023,0.019,0.256,123.0,0.6,0.0,0.0,0.0,
Isaiah Collier,21.0,UTA,PG,59.0,19.0,1517.0,0.495,10.0,0.806,0.21,0.445,0.111,0.041,0.194,0.023,12.0,0.21,0.238,0.0,0.0,
Jalen Suggs,24.0,ORL,PG,55.0,54.0,1516.0,0.435,17.4,0.459,0.161,0.13,0.114,0.053,0.541,0.026,13.0,0.188,0.317,0.0,0.0,
Dylan Harper,19.0,SAS,SG,67.0,3.0,1514.0,0.506,10.8,0.724,0.403,0.18,0.091,0.05,0.276,0.041,25.0,0.233,0.415,1.0,0.0,
Kevin Huerter,27.0,2TM,SG,67.0,14.0,1513.0,0.451,16.0,0.458,0.212,0.184,0.046,0.015,0.542,0.026,15.0,0.232,0.356,0.0,0.0,
Kevin Huerter,27.0,CHI,SF,44.0,11.0,1037.0,0.455,16.1,0.448,0.223,0.173,0.042,0.01,0.552,0.02,8.0,0.224,0.38,0.0,0.0,
Kevin Huerter,27.0,DET,SG,23.0,3.0,476.0,0.441,15.9,0.48,0.186,0.209,0.056,0.028,0.52,0.04,7.0,0.25,0.304,0.0,0.0,
Ron Holland,20.0,DET,SF,76.0,5.0,1509.0,0.433,11.5,0.643,0.295,0.297,0.036,0.015,0.357,0.1,48.0,0.593,0.241,0.0,0.0,
Isaiah Joe,26.0,OKC,SG,71.0,9.0,1507.0,0.455,22.0,0.212,0.087,0.039,0.048,0.039,0.788,0.024,12.0,0.222,0.537,0.0,0.0,
Jock Landale,30.0,2TM,C,68.0,27.0,1506.0,0.515,11.8,0.648,0.334,0.237,0.057,0.02,0.352,0.062,28.0,0.28,0.426,0.0,0.0,
Jock Landale,30.0,MEM,C,45.0,25.0,1060.0,0.514,11.4,0.668,0.324,0.262,0.062,0.021,0.332,0.051,16.0,0.202,0.385,0.0,0.0,
Jock Landale,30.0,ATL,C,23.0,2.0,446.0,0.516,12.1,0.597,0.358,0.176,0.044,0.019,0.403,0.088,12.0,0.438,0.464,0.0,0.0,
Jrue Holiday,35.0,POR,PG,51.0,49.0,1496.0,0.453,16.7,0.488,0.14,0.207,0.098,0.042,0.512,0.004,3.0,0.154,0.463,0.0,0.0,
Kelly Oubre Jr.,30.0,PHI,SF,47.0,38.0,1493.0,0.463,14.2,0.553,0.224,0.239,0.073,0.018,0.447,0.063,28.0,0.329,0.467,0.0,0.0,
Klay Thompson,35.0,DAL,SF,68.0,8.0,1487.0,0.393,21.7,0.279,0.056,0.038,0.081,0.104,0.721,0.0,0.0,0.212,0.418,0.0,0.0,
Tari Eason,24.0,HOU,PF,57.0,33.0,1474.0,0.415,14.3,0.551,0.236,0.189,0.084,0.042,0.449,0.056,28.0,0.474,0.427,1.0,1.0,
Ajay Mitchell,23.0,OKC,SG,57.0,16.0,1473.0,0.485,11.9,0.702,0.2,0.364,0.098,0.039,0.298,0.007,4.0,0.267,0.404,0.0,0.0,
Brandon Williams,26.0,DAL,PG,66.0,15.0,1463.0,0.472,10.7,0.749,0.305,0.285,0.107,0.052,0.251,0.018,11.0,0.258,0.225,1.0,0.0,
Zaccharie Risacher,20.0,ATL,SF,65.0,45.0,1461.0,0.457,15.0,0.516,0.299,0.107,0.044,0.065,0.484,0.113,48.0,0.31,0.385,0.0,0.0,
Keon Ellis,26.0,2TM,SG,71.0,11.0,1460.0,0.442,18.8,0.345,0.139,0.116,0.066,0.024,0.655,0.061,21.0,0.337,0.393,0.0,0.0,
Keon Ellis,26.0,SAC,SG,43.0,5.0,758.0,0.397,20.1,0.311,0.091,0.096,0.096,0.029,0.689,0.048,9.0,0.292,0.381,0.0,0.0,
Keon Ellis,26.0,CLE,SG,28.0,6.0,702.0,0.497,17.4,0.386,0.199,0.14,0.029,0.018,0.614,0.076,12.0,0.4,0.405,0.0,0.0,
Grayson Allen,30.0,PHX,SG,50.0,26.0,1455.0,0.405,20.2,0.318,0.098,0.176,0.035,0.009,0.682,0.012,8.0,0.111,0.42,0.0,0.0,
Jaren Jackson Jr.,26.0,2TM,C,48.0,48.0,1454.0,0.476,12.6,0.673,0.147,0.376,0.146,0.004,0.327,0.021,11.0,0.226,0.377,0.0,0.0,
Jaren Jackson Jr.,26.0,MEM,C,45.0,45.0,1382.0,0.475,12.9,0.672,0.151,0.366,0.151,0.004,0.328,0.022,11.0,0.223,0.388,0.0,0.0,
Jaren Jackson Jr.,26.0,UTA,C,3.0,3.0,72.0,0.49,12.3,0.694,0.102,0.51,0.082,0.0,0.306,0.0,0.0,0.267,0.25,0.0,0.0,
Ivica Zubac,28.0,2TM,C,48.0,47.0,1446.0,0.598,4.6,1.0,0.461,0.459,0.081,0.0,0.0,0.195,82.0,,,0.0,0.0,
Ivica Zubac,28.0,LAC,C,43.0,42.0,1328.0,0.613,4.0,1.0,0.473,0.45,0.077,0.0,0.0,0.203,76.0,,,0.0,0.0,
Ivica Zubac,28.0,IND,C,5.0,5.0,118.0,0.472,5.2,1.0,0.358,0.528,0.113,0.0,0.0,0.132,6.0,,,0.0,0.0,
Bilal Coulibaly,21.0,WAS,SG,55.0,55.0,1445.0,0.421,12.9,0.617,0.29,0.236,0.055,0.036,0.383,0.139,59.0,0.338,0.426,0.0,0.0,
Tre Johnson,19.0,WAS,SG,60.0,42.0,1443.0,0.419,18.2,0.504,0.071,0.178,0.185,0.07,0.496,0.015,7.0,0.162,0.442,0.0,0.0,
Lauri Markkanen,28.0,UTA,PF,42.0,42.0,1443.0,0.477,13.9,0.598,0.21,0.267,0.073,0.047,0.402,0.096,70.0,0.207,0.478,0.0,0.0,
Shaedon Sharpe,22.0,POR,SG,48.0,42.0,1439.0,0.456,14.1,0.649,0.244,0.187,0.104,0.115,0.351,0.076,54.0,0.108,0.344,0.0,0.0,
Ryan Kalkbrenner,24.0,CHA,C,67.0,31.0,1436.0,0.748,2.6,0.983,0.759,0.213,0.003,0.007,0.017,0.458,123.0,0.2,0.0,0.0,0.0,
Sidy Cissoko,21.0,POR,SF,73.0,26.0,1431.0,0.398,16.3,0.407,0.216,0.159,0.015,0.018,0.593,0.12,30.0,0.444,0.352,0.0,0.0,
Javonte Green,32.0,DET,SG,80.0,6.0,1419.0,0.444,16.5,0.407,0.202,0.173,0.015,0.017,0.593,0.09,31.0,0.387,0.511,0.0,0.0,
Daniss Jenkins,24.0,DET,PG,70.0,19.0,1418.0,0.415,13.8,0.654,0.167,0.284,0.127,0.076,0.346,0.033,13.0,0.251,0.417,1.0,1.0,
Spencer Jones,24.0,DEN,SF,64.0,37.0,1417.0,0.504,14.9,0.45,0.294,0.13,0.015,0.011,0.55,0.061,14.0,0.611,0.364,0.0,0.0,
Luke Kornet,30.0,SAS,C,67.0,25.0,1412.0,0.644,2.0,1.0,0.826,0.144,0.026,0.004,0.0,0.33,85.0,,,0.0,0.0,
Walter Clayton,22.0,2TM,PG,69.0,6.0,1410.0,0.384,16.9,0.471,0.13,0.206,0.093,0.041,0.529,0.009,3.0,0.115,0.25,0.0,0.0,
Walter Clayton,22.0,UTA,PG,45.0,0.0,811.0,0.398,17.6,0.441,0.094,0.23,0.066,0.051,0.559,0.008,2.0,0.098,0.143,0.0,0.0,
Walter Clayton,22.0,MEM,PG,24.0,6.0,599.0,0.366,16.1,0.507,0.176,0.176,0.127,0.029,0.493,0.01,1.0,0.139,0.357,0.0,0.0,
Khris Middleton,34.0,2TM,SF,61.0,48.0,1408.0,0.416,16.3,0.66,0.083,0.164,0.229,0.183,0.34,0.0,0.0,0.3,0.389,0.0,0.0,
Khris Middleton,34.0,WAS,SF,34.0,34.0,827.0,0.433,15.7,0.67,0.117,0.16,0.213,0.18,0.33,0.0,0.0,0.293,0.379,0.0,0.0,
Khris Middleton,34.0,DAL,SF,27.0,14.0,581.0,0.393,16.9,0.646,0.039,0.17,0.249,0.188,0.354,0.0,0.0,0.309,0.4,0.0,0.0,
Christian Braun,24.0,DEN,SG,44.0,44.0,1399.0,0.519,11.7,0.632,0.373,0.206,0.015,0.039,0.368,0.087,29.0,0.448,0.344,0.0,0.0,
Mark Williams,24.0,PHX,C,59.0,54.0,1396.0,0.642,3.3,0.998,0.626,0.317,0.05,0.005,0.002,0.305,121.0,1.0,1.0,0.0,0.0,
Ja'Kobe Walter,21.0,TOR,SG,69.0,18.0,1395.0,0.442,17.7,0.345,0.216,0.094,0.034,0.003,0.655,0.06,20.0,0.433,0.477,0.0,0.0,
Kyshawn George,22.0,WAS,SF,48.0,48.0,1391.0,0.438,16.5,0.549,0.135,0.199,0.137,0.078,0.451,0.019,9.0,0.192,0.46,0.0,0.0,
Ben Sheppard,24.0,IND,SG,65.0,20.0,1390.0,0.434,17.2,0.401,0.202,0.121,0.049,0.028,0.599,0.013,5.0,0.358,0.386,0.0,0.0,
Vít Krejčí,25.0,2TM,PG,64.0,8.0,1387.0,0.448,20.9,0.232,0.085,0.094,0.042,0.012,0.768,0.012,4.0,0.217,0.352,0.0,0.0,
Vít Krejčí,25.0,ATL,PG,46.0,8.0,1028.0,0.464,21.1,0.224,0.088,0.081,0.045,0.01,0.776,0.013,3.0,0.205,0.347,0.0,0.0,
Vít Krejčí,25.0,POR,PG,18.0,0.0,359.0,0.407,20.7,0.254,0.076,0.127,0.034,0.017,0.746,0.008,1.0,0.25,0.364,0.0,0.0,
Gary Trent Jr.,27.0,MIL,SG,65.0,21.0,1377.0,0.387,21.5,0.277,0.038,0.085,0.07,0.085,0.723,0.0,0.0,0.284,0.402,0.0,0.0,
Sam Merrill,29.0,CLE,SG,52.0,38.0,1377.0,0.461,21.4,0.225,0.089,0.056,0.05,0.031,0.775,0.0,0.0,0.163,0.541,0.0,0.0,
Patrick Williams,24.0,CHI,PF,69.0,4.0,1372.0,0.376,17.2,0.428,0.181,0.183,0.052,0.011,0.572,0.027,7.0,0.178,0.356,0.0,0.0,
Anfernee Simons,26.0,2TM,SG,55.0,5.0,1372.0,0.44,19.7,0.415,0.057,0.153,0.114,0.091,0.585,0.003,2.0,0.087,0.424,0.0,0.0,
Anfernee Simons,26.0,BOS,SG,49.0,0.0,1202.0,0.44,19.5,0.421,0.051,0.158,0.116,0.095,0.579,0.004,2.0,0.088,0.448,0.0,0.0,
Anfernee Simons,26.0,CHI,SG,6.0,5.0,170.0,0.438,19.9,0.375,0.1,0.113,0.1,0.063,0.625,0.0,0.0,0.08,0.25,0.0,0.0,
Aaron Wiggins,27.0,OKC,SG,63.0,19.0,1362.0,0.434,15.0,0.496,0.247,0.183,0.05,0.015,0.504,0.037,18.0,0.284,0.365,0.0,0.0,
Will Richard,23.0,GSW,SG,67.0,21.0,1354.0,0.474,16.8,0.392,0.234,0.105,0.032,0.02,0.608,0.044,15.0,0.438,0.396,0.0,0.0,
Malik Monk,27.0,SAC,SG,61.0,3.0,1354.0,0.436,17.1,0.505,0.109,0.217,0.128,0.051,0.495,0.051,30.0,0.142,0.364,0.0,0.0,
Gui Santos,23.0,GSW,PF,66.0,29.0,1352.0,0.505,14.3,0.507,0.275,0.223,0.007,0.002,0.493,0.016,7.0,0.247,0.444,0.0,0.0,
Baylor Scheierman,25.0,BOS,SG,74.0,19.0,1335.0,0.445,20.6,0.274,0.07,0.097,0.087,0.02,0.726,0.017,5.0,0.359,0.5,0.0,0.0,
Aaron Nesmith,26.0,IND,SF,45.0,42.0,1335.0,0.414,17.2,0.459,0.152,0.15,0.104,0.053,0.541,0.027,8.0,0.274,0.434,0.0,0.0,
Justin Champagnie,24.0,WAS,SF,67.0,18.0,1328.0,0.508,10.8,0.652,0.414,0.22,0.018,0.0,0.348,0.112,42.0,0.322,0.286,0.0,0.0,
Jose Alvarado,27.0,2TM,PG,67.0,2.0,1318.0,0.415,18.0,0.356,0.131,0.157,0.059,0.009,0.644,0.0,0.0,0.269,0.365,0.0,0.0,
Jose Alvarado,27.0,NOP,PG,41.0,0.0,896.0,0.418,19.2,0.311,0.118,0.146,0.039,0.007,0.689,0.0,0.0,0.285,0.345,0.0,0.0,
Jose Alvarado,27.0,NYK,PG,26.0,2.0,422.0,0.408,16.9,0.442,0.156,0.177,0.095,0.014,0.558,0.0,0.0,0.232,0.421,0.0,0.0,
Kobe Sanders,23.0,LAC,SG,66.0,16.0,1317.0,0.468,17.0,0.489,0.14,0.161,0.113,0.075,0.511,0.054,20.0,0.332,0.492,0.0,0.0,
Egor Dёmin,19.0,BKN,PG,52.0,45.0,1308.0,0.399,20.6,0.283,0.109,0.096,0.036,0.042,0.717,0.013,4.0,0.152,0.449,0.0,0.0,
Derrick Jones Jr.,28.0,LAC,SF,48.0,43.0,1305.0,0.503,12.3,0.597,0.316,0.241,0.032,0.008,0.403,0.127,44.0,0.43,0.344,0.0,0.0,
Alex Sarr,20.0,WAS,C,48.0,48.0,1305.0,0.482,10.5,0.771,0.262,0.363,0.104,0.043,0.229,0.113,69.0,0.073,0.364,0.0,0.0,
Ryan Dunn,23.0,PHX,SF,68.0,14.0,1302.0,0.448,13.3,0.529,0.33,0.158,0.032,0.009,0.471,0.138,37.0,0.677,0.351,0.0,0.0,
Dean Wade,29.0,CLE,PF,58.0,37.0,1300.0,0.437,18.4,0.296,0.224,0.036,0.025,0.011,0.704,0.047,11.0,0.374,0.397,0.0,0.0,
Yves Missi,21.0,NOP,C,66.0,14.0,1297.0,0.544,2.8,0.997,0.656,0.303,0.031,0.007,0.003,0.252,60.0,0.0,,0.0,0.0,
Josh Okogie,27.0,HOU,SG,75.0,29.0,1284.0,0.433,15.2,0.448,0.242,0.166,0.018,0.022,0.552,0.108,23.0,0.641,0.347,0.0,0.0,
Isaiah Stewart,24.0,DET,C,56.0,13.0,1284.0,0.545,9.8,0.699,0.357,0.332,0.008,0.003,0.301,0.131,47.0,0.41,0.417,0.0,0.0,
Kris Murray,25.0,POR,SF,55.0,15.0,1283.0,0.457,12.1,0.558,0.39,0.169,0.0,0.0,0.442,0.131,31.0,0.534,0.27,0.0,0.0,
Ziaire Williams,24.0,BKN,SF,56.0,13.0,1281.0,0.425,16.3,0.42,0.224,0.139,0.048,0.009,0.58,0.081,33.0,0.359,0.344,0.0,0.0,
Jaylin Williams,23.0,OKC,PF,65.0,11.0,1277.0,0.423,20.2,0.273,0.119,0.088,0.04,0.026,0.727,0.034,8.0,0.211,0.444,0.0,0.0,
Darius Garland,26.0,2TM,PG,43.0,41.0,1277.0,0.466,16.5,0.538,0.147,0.227,0.108,0.056,0.462,0.0,0.0,0.108,0.438,0.0,0.0,
Darius Garland,26.0,CLE,PG,26.0,26.0,792.0,0.451,15.9,0.565,0.162,0.207,0.135,0.061,0.435,0.0,0.0,0.128,0.333,0.0,0.0,
Darius Garland,26.0,LAC,PG,17.0,15.0,485.0,0.489,17.1,0.5,0.126,0.256,0.069,0.05,0.5,0.0,0.0,0.084,0.636,0.0,0.0,
Drake Powell,20.0,BKN,SG,61.0,23.0,1274.0,0.411,16.3,0.49,0.173,0.15,0.132,0.035,0.51,0.035,12.0,0.27,0.34,0.0,0.0,
Stephen Curry,37.0,GSW,PG,41.0,39.0,1273.0,0.468,19.6,0.396,0.109,0.156,0.063,0.068,0.604,0.001,0.0,0.068,0.531,0.0,0.0,
Nicolas Batum,37.0,LAC,PF,72.0,6.0,1267.0,0.401,24.2,0.043,0.009,0.004,0.009,0.022,0.957,0.0,0.0,0.441,0.48,0.0,0.0,
Jordan Miller,26.0,LAC,SF,58.0,1.0,1263.0,0.529,10.5,0.729,0.292,0.328,0.104,0.005,0.271,0.031,10.0,0.337,0.286,0.0,0.0,
Kevin Porter Jr.,25.0,MIL,PG,38.0,36.0,1261.0,0.465,12.9,0.722,0.251,0.21,0.128,0.132,0.278,0.064,28.0,0.203,0.31,0.0,0.0,
Jericho Sims,27.0,MIL,C,65.0,18.0,1256.0,0.779,2.2,1.0,0.808,0.151,0.041,0.0,0.0,0.576,87.0,,,0.0,0.0,
Jordan Clarkson,33.0,NYK,SG,69.0,1.0,1231.0,0.451,14.2,0.583,0.184,0.261,0.113,0.026,0.417,0.014,6.0,0.384,0.321,0.0,0.0,
Nolan Traoré,19.0,BKN,PG,55.0,31.0,1227.0,0.381,13.3,0.606,0.196,0.318,0.077,0.015,0.394,0.0,0.0,0.246,0.378,0.0,0.0,
Zach LaVine,30.0,SAC,SG,39.0,37.0,1224.0,0.479,16.7,0.536,0.157,0.185,0.062,0.132,0.464,0.055,28.0,0.197,0.48,0.0,0.0,
Coby White,25.0,2TM,SG,48.0,26.0,1217.0,0.444,16.3,0.49,0.236,0.144,0.064,0.046,0.51,0.002,0.0,0.12,0.378,0.0,0.0,
Coby White,25.0,CHI,SG,29.0,26.0,843.0,0.438,16.4,0.471,0.272,0.104,0.051,0.043,0.529,0.003,0.0,0.106,0.5,0.0,0.0,
Coby White,25.0,CHA,SG,19.0,0.0,374.0,0.455,16.2,0.526,0.169,0.216,0.089,0.052,0.474,0.0,0.0,0.149,0.2,0.0,0.0,
Collin Murray-Boyles,20.0,TOR,PF,55.0,22.0,1210.0,0.57,6.5,0.851,0.612,0.179,0.027,0.033,0.149,0.161,44.0,0.3,0.2,0.0,0.0,
Jaxson Hayes,25.0,LAL,C,66.0,9.0,1207.0,0.756,2.8,0.989,0.695,0.282,0.011,0.0,0.011,0.5,122.0,0.0,,0.0,0.0,
Joel Embiid,31.0,PHI,C,38.0,38.0,1201.0,0.489,13.4,0.772,0.224,0.149,0.221,0.176,0.228,0.024,12.0,0.05,0.25,0.0,0.0,
Santi Aldama,25.0,MEM,PF,43.0,11.0,1198.0,0.479,14.1,0.58,0.206,0.263,0.082,0.029,0.42,0.044,21.0,0.245,0.551,0.0,0.0,
Daniel Gafford,27.0,DAL,C,55.0,44.0,1195.0,0.655,2.7,1.0,0.661,0.313,0.019,0.006,0.0,0.345,92.0,,,0.0,0.0,
Marvin Bagley III,26.0,2TM,PF,59.0,11.0,1193.0,0.622,6.1,0.877,0.533,0.327,0.015,0.002,0.123,0.226,87.0,0.18,0.556,0.0,0.0,
Marvin Bagley III,26.0,WAS,PF,38.0,8.0,731.0,0.626,4.8,0.923,0.573,0.337,0.008,0.004,0.077,0.236,58.0,0.211,0.5,0.0,0.0,
Marvin Bagley III,26.0,DAL,PF,21.0,3.0,462.0,0.615,7.3,0.807,0.472,0.311,0.025,0.0,0.193,0.211,29.0,0.161,0.6,0.0,0.0,
Danny Wolf,21.0,BKN,PF,57.0,15.0,1187.0,0.405,14.3,0.52,0.259,0.227,0.016,0.018,0.48,0.032,12.0,0.237,0.34,0.0,0.0,
Adem Bona,22.0,PHI,C,68.0,15.0,1183.0,0.601,2.7,0.972,0.756,0.207,0.009,0.0,0.028,0.362,68.0,0.833,0.2,0.0,0.0,
Jimmy Butler,36.0,GSW,SF,38.0,38.0,1182.0,0.519,9.3,0.816,0.342,0.303,0.121,0.05,0.184,0.067,30.0,0.435,0.432,0.0,0.0,
GG Jackson II,21.0,MEM,PF,55.0,28.0,1178.0,0.496,12.2,0.625,0.329,0.232,0.053,0.012,0.375,0.113,51.0,0.295,0.439,1.0,1.0,
Bones Hyland,25.0,MIN,PG,71.0,3.0,1177.0,0.453,18.4,0.361,0.19,0.088,0.056,0.028,0.639,0.002,0.0,0.147,0.477,0.0,0.0,
De'Andre Hunter,28.0,2TM,SF,45.0,25.0,1176.0,0.415,17.0,0.509,0.134,0.176,0.136,0.064,0.491,0.034,14.0,0.211,0.365,0.0,0.0,
De'Andre Hunter,28.0,CLE,SF,43.0,23.0,1125.0,0.423,16.7,0.508,0.139,0.17,0.137,0.062,0.492,0.035,14.0,0.211,0.36,0.0,0.0,
De'Andre Hunter,28.0,SAC,SF,2.0,2.0,51.0,0.211,17.2,0.526,0.0,0.316,0.105,0.105,0.474,0.0,0.0,0.222,0.5,0.0,0.0,
Mouhamed Gueye,23.0,ATL,PF,76.0,8.0,1167.0,0.451,13.0,0.556,0.339,0.14,0.056,0.021,0.444,0.182,47.0,0.661,0.25,0.0,0.0,
Day'Ron Sharpe,24.0,BKN,C,62.0,7.0,1160.0,0.601,5.2,0.89,0.587,0.292,0.003,0.008,0.11,0.163,50.0,0.333,0.385,0.0,0.0,
Quinten Post,25.0,GSW,PF,67.0,35.0,1159.0,0.44,17.9,0.369,0.141,0.171,0.03,0.027,0.631,0.041,18.0,0.307,0.294,0.0,0.0,
Pat Spencer,29.0,GSW,PG,63.0,13.0,1158.0,0.429,14.7,0.617,0.14,0.262,0.177,0.039,0.383,0.01,3.0,0.196,0.387,0.0,0.0,
Mitchell Robinson,27.0,NYK,C,59.0,16.0,1156.0,0.723,1.0,1.0,0.921,0.074,0.005,0.0,0.0,0.515,95.0,,,0.0,0.0,
Svi Mykhailiuk,28.0,UTA,SF,50.0,41.0,1156.0,0.478,18.3,0.337,0.13,0.152,0.036,0.019,0.663,0.022,5.0,0.413,0.455,0.0,0.0,
Andre Drummond,32.0,PHI,C,60.0,25.0,1150.0,0.47,8.3,0.727,0.521,0.19,0.016,0.0,0.273,0.121,30.0,0.791,0.353,0.0,0.0,
Simone Fontecchio,30.0,MIA,SF,69.0,8.0,1146.0,0.403,18.8,0.306,0.152,0.128,0.013,0.013,0.694,0.02,8.0,0.284,0.418,1.0,0.0,
Dru Smith,28.0,MIA,SG,70.0,1.0,1141.0,0.415,12.8,0.603,0.258,0.292,0.046,0.006,0.397,0.0,0.0,0.372,0.313,0.0,0.0,
Jordan Walsh,21.0,BOS,PF,65.0,22.0,1139.0,0.52,12.9,0.548,0.352,0.172,0.024,0.0,0.452,0.16,33.0,0.363,0.366,0.0,0.0,
Isaiah Hartenstein,27.0,OKC,C,47.0,46.0,1137.0,0.622,4.8,0.976,0.524,0.314,0.139,0.0,0.024,0.304,78.0,0.286,0.0,0.0,0.0,
Caris LeVert,31.0,DET,SG,58.0,0.0,1126.0,0.42,15.5,0.533,0.184,0.22,0.102,0.026,0.467,0.031,12.0,0.213,0.421,0.0,0.0,
Landry Shamet,28.0,NYK,SG,49.0,12.0,1124.0,0.439,19.6,0.278,0.161,0.04,0.042,0.034,0.722,0.011,2.0,0.447,0.43,0.0,0.0,
Taylor Hendricks,22.0,2TM,PF,59.0,17.0,1118.0,0.459,14.7,0.482,0.234,0.214,0.028,0.006,0.518,0.082,25.0,0.44,0.37,0.0,0.0,
Taylor Hendricks,22.0,UTA,PF,33.0,6.0,492.0,0.453,14.9,0.453,0.211,0.211,0.031,0.0,0.547,0.094,12.0,0.586,0.39,0.0,0.0,
Taylor Hendricks,22.0,MEM,PF,26.0,11.0,626.0,0.463,14.5,0.498,0.247,0.216,0.026,0.009,0.502,0.075,13.0,0.351,0.35,0.0,0.0,
Jared McCain,21.0,2TM,SG,65.0,1.0,1109.0,0.425,17.4,0.463,0.154,0.147,0.112,0.05,0.537,0.0,0.0,0.229,0.357,0.0,0.0,
Jared McCain,21.0,PHI,SG,37.0,1.0,620.0,0.385,16.7,0.485,0.182,0.156,0.091,0.056,0.515,0.0,0.0,0.252,0.367,0.0,0.0,
Jared McCain,21.0,OKC,SG,28.0,0.0,489.0,0.467,18.1,0.44,0.124,0.138,0.133,0.044,0.56,0.0,0.0,0.206,0.346,0.0,0.0,
Craig Porter Jr.,25.0,CLE,PG,62.0,2.0,1103.0,0.444,13.0,0.632,0.26,0.208,0.152,0.012,0.368,0.04,10.0,0.337,0.419,0.0,0.0,
Ryan Nembhard,22.0,DAL,PG,58.0,25.0,1102.0,0.413,16.7,0.648,0.079,0.161,0.227,0.18,0.352,0.0,0.0,0.109,0.286,0.0,0.0,
Gary Payton II,33.0,GSW,SG,70.0,1.0,1101.0,0.576,9.7,0.687,0.449,0.228,0.01,0.0,0.313,0.114,44.0,0.476,0.333,0.0,0.0,
Jalen Smith,25.0,CHI,C,53.0,21.0,1095.0,0.483,15.3,0.455,0.329,0.097,0.005,0.025,0.545,0.079,28.0,0.25,0.382,0.0,0.0,
Jakob Poeltl,30.0,TOR,C,43.0,41.0,1093.0,0.695,3.6,1.0,0.601,0.285,0.114,0.0,0.0,0.06,17.0,,,0.0,0.0,
Kentavious Caldwell-Pope,32.0,MEM,SG,51.0,14.0,1088.0,0.41,17.5,0.525,0.101,0.161,0.09,0.172,0.475,0.016,4.0,0.155,0.333,0.0,0.0,
Jusuf Nurkić,31.0,UTA,C,41.0,36.0,1083.0,0.503,9.1,0.802,0.263,0.472,0.061,0.006,0.198,0.028,8.0,0.042,0.667,0.0,0.0,
Jarred Vanderbilt,26.0,LAL,PF,62.0,3.0,1067.0,0.473,11.2,0.588,0.42,0.159,0.0,0.009,0.412,0.186,37.0,0.914,0.318,0.0,0.0,
Luka Garza,27.0,BOS,C,67.0,5.0,1064.0,0.583,11.8,0.638,0.365,0.212,0.049,0.012,0.362,0.018,6.0,0.144,0.235,0.0,0.0,
De'Anthony Melton,27.0,GSW,PG,46.0,22.0,1063.0,0.409,14.9,0.541,0.165,0.289,0.049,0.037,0.459,0.012,5.0,0.227,0.377,0.0,0.0,
Hugo González,19.0,BOS,SF,73.0,3.0,1059.0,0.473,13.8,0.531,0.264,0.226,0.029,0.013,0.469,0.054,11.0,0.464,0.404,0.0,0.0,
Paul George,35.0,PHI,PF,34.0,34.0,1056.0,0.438,18.0,0.505,0.115,0.109,0.15,0.132,0.495,0.01,4.0,0.211,0.5,0.0,0.0,
John Konchar,29.0,2TM,SG,54.0,8.0,1052.0,0.471,14.4,0.497,0.273,0.176,0.037,0.011,0.503,0.021,4.0,0.447,0.286,0.0,0.0,
John Konchar,29.0,MEM,SG,30.0,1.0,435.0,0.521,14.9,0.451,0.324,0.085,0.028,0.014,0.549,0.014,1.0,0.564,0.273,0.0,0.0,
John Konchar,29.0,UTA,SG,24.0,7.0,617.0,0.44,13.9,0.526,0.241,0.233,0.043,0.009,0.474,0.026,3.0,0.364,0.3,0.0,0.0,
Gradey Dick,22.0,TOR,SG,73.0,1.0,1046.0,0.418,15.5,0.508,0.239,0.128,0.082,0.059,0.492,0.064,22.0,0.362,0.373,0.0,0.0,
Corey Kispert,26.0,2TM,SF,56.0,9.0,1042.0,0.464,17.1,0.406,0.236,0.141,0.029,0.0,0.594,0.027,8.0,0.21,0.362,0.0,0.0,
Corey Kispert,26.0,WAS,SF,19.0,2.0,370.0,0.496,18.0,0.361,0.193,0.151,0.017,0.0,0.639,0.025,3.0,0.211,0.375,0.0,0.0,
Corey Kispert,26.0,ATL,SF,37.0,7.0,672.0,0.45,16.2,0.426,0.256,0.136,0.035,0.0,0.574,0.027,5.0,0.209,0.355,0.0,0.0,
Giannis Antetokounmpo,31.0,MIL,PF,36.0,36.0,1039.0,0.624,6.1,0.925,0.61,0.161,0.064,0.09,0.075,0.247,142.0,0.022,1.0,0.0,0.0,
Miles McBride,25.0,NYK,SG,39.0,14.0,1037.0,0.422,20.5,0.323,0.063,0.083,0.094,0.083,0.677,0.005,1.0,0.277,0.375,0.0,0.0,
Ousmane Dieng,22.0,2TM,C,55.0,18.0,1021.0,0.425,17.3,0.532,0.131,0.147,0.158,0.096,0.468,0.04,15.0,0.171,0.467,0.0,0.0,
Ousmane Dieng,22.0,OKC,C,27.0,0.0,295.0,0.418,18.0,0.462,0.11,0.143,0.121,0.088,0.538,0.044,4.0,0.184,0.333,0.0,0.0,
Ousmane Dieng,22.0,MIL,C,28.0,18.0,726.0,0.428,16.6,0.555,0.138,0.148,0.17,0.099,0.445,0.039,11.0,0.167,0.524,0.0,0.0,
Alex Caruso,31.0,OKC,SG,56.0,0.0,1020.0,0.423,16.4,0.397,0.23,0.133,0.023,0.01,0.603,0.027,7.0,0.436,0.241,0.0,0.0,
Caleb Love,24.0,POR,SG,48.0,1.0,1011.0,0.389,18.5,0.405,0.123,0.168,0.053,0.061,0.595,0.014,3.0,0.127,0.216,0.0,0.0,
Aaron Gordon,30.0,DEN,PF,36.0,33.0,1005.0,0.497,13.7,0.606,0.294,0.148,0.093,0.07,0.394,0.113,42.0,0.242,0.447,0.0,0.0,
Guerschon Yabusele,30.0,2TM,C,66.0,18.0,991.0,0.399,17.3,0.373,0.192,0.136,0.032,0.013,0.627,0.032,7.0,0.337,0.369,0.0,0.0,
Guerschon Yabusele,30.0,NYK,C,41.0,0.0,366.0,0.393,17.0,0.364,0.243,0.084,0.028,0.009,0.636,0.028,1.0,0.412,0.393,0.0,0.0,
Guerschon Yabusele,30.0,CHI,C,25.0,18.0,625.0,0.403,17.5,0.378,0.164,0.164,0.035,0.015,0.622,0.035,6.0,0.296,0.351,0.0,0.0,
Rayan Rupert,21.0,2TM,SG,62.0,7.0,991.0,0.396,14.0,0.56,0.209,0.26,0.066,0.026,0.44,0.029,6.0,0.433,0.308,0.0,0.0,
Rayan Rupert,21.0,POR,SG,48.0,0.0,577.0,0.361,14.7,0.517,0.204,0.224,0.075,0.014,0.483,0.027,3.0,0.408,0.241,0.0,0.0,
Rayan Rupert,21.0,MEM,SG,14.0,7.0,414.0,0.437,13.3,0.611,0.214,0.302,0.056,0.04,0.389,0.032,3.0,0.469,0.391,0.0,0.0,
Olivier-Maxence Prosper,23.0,MEM,PF,53.0,24.0,984.0,0.549,12.6,0.577,0.357,0.183,0.026,0.011,0.423,0.094,31.0,0.365,0.389,0.0,0.0,
Tyler Herro,26.0,MIA,SG,31.0,26.0,982.0,0.484,16.2,0.573,0.091,0.253,0.18,0.049,0.427,0.004,2.0,0.104,0.318,0.0,0.0,
Ochai Agbaji,25.0,2TM,SG,62.0,13.0,973.0,0.436,13.7,0.543,0.346,0.161,0.025,0.011,0.457,0.111,26.0,0.43,0.236,0.0,0.0,
Ochai Agbaji,25.0,TOR,SG,42.0,13.0,650.0,0.424,11.1,0.618,0.441,0.159,0.012,0.006,0.382,0.141,19.0,0.523,0.206,0.0,0.0,
Ochai Agbaji,25.0,BKN,SG,20.0,0.0,323.0,0.455,16.4,0.427,0.2,0.164,0.045,0.018,0.573,0.064,7.0,0.333,0.286,0.0,0.0,
Franz Wagner,24.0,ORL,SF,32.0,30.0,970.0,0.481,11.1,0.733,0.261,0.349,0.08,0.044,0.267,0.032,13.0,0.173,0.409,0.0,0.0,
Robert Williams,28.0,POR,C,57.0,1.0,968.0,0.711,4.4,0.912,0.649,0.222,0.033,0.008,0.088,0.515,106.0,0.81,0.353,0.0,0.0,
Mike Conley,38.0,MIN,PG,53.0,15.0,967.0,0.325,21.0,0.231,0.057,0.108,0.038,0.028,0.769,0.0,0.0,0.27,0.386,0.0,0.0,
T.J. McConnell,33.0,IND,PG,56.0,4.0,963.0,0.538,11.7,0.889,0.144,0.278,0.318,0.149,0.111,0.0,0.0,0.16,0.5,0.0,0.0,
Nae'Qwan Tomlin,25.0,CLE,PF,62.0,2.0,948.0,0.473,10.4,0.636,0.497,0.129,0.01,0.0,0.364,0.211,50.0,0.626,0.209,0.0,0.0,
Goga Bitadze,26.0,ORL,C,62.0,3.0,939.0,0.667,3.4,0.949,0.718,0.199,0.028,0.005,0.051,0.306,61.0,0.364,0.25,0.0,0.0,
Jamir Watkins,24.0,WAS,SG,47.0,6.0,939.0,0.458,15.2,0.473,0.271,0.172,0.019,0.011,0.527,0.137,35.0,0.449,0.323,0.0,0.0,
Jalen Williams,24.0,OKC,SG,33.0,33.0,936.0,0.484,10.2,0.827,0.294,0.26,0.213,0.061,0.173,0.067,27.0,0.169,0.308,0.0,0.0,
Tyus Jones,29.0,3TM,PG,65.0,10.0,935.0,0.346,19.8,0.366,0.054,0.185,0.093,0.034,0.634,0.0,0.0,0.2,0.346,0.0,0.0,
Tyus Jones,29.0,ORL,PG,48.0,8.0,754.0,0.342,19.2,0.354,0.057,0.19,0.089,0.019,0.646,0.0,0.0,0.225,0.348,0.0,0.0,
Tyus Jones,29.0,DAL,PG,8.0,2.0,133.0,0.382,18.9,0.441,0.059,0.147,0.118,0.118,0.559,0.0,0.0,0.158,0.333,0.0,0.0,
Tyus Jones,29.0,DEN,PG,9.0,0.0,48.0,0.308,21.2,0.308,0.0,0.231,0.077,0.0,0.692,0.0,0.0,0.0,,0.0,0.0,
Al Horford,39.0,GSW,C,43.0,12.0,933.0,0.424,18.3,0.367,0.1,0.219,0.035,0.013,0.633,0.013,4.0,0.213,0.381,0.0,0.0,
Justin Edwards,22.0,PHI,SF,61.0,12.0,925.0,0.45,17.7,0.43,0.158,0.154,0.084,0.034,0.57,0.04,11.0,0.171,0.414,0.0,0.0,
Karlo Matković,24.0,NOP,PF,62.0,2.0,912.0,0.604,10.8,0.617,0.447,0.157,0.013,0.0,0.383,0.306,64.0,0.522,0.489,0.0,0.0,
Isaiah Jackson,24.0,2TM,C,55.0,14.0,908.0,0.637,3.2,0.987,0.629,0.321,0.025,0.013,0.013,0.186,39.0,0.667,0.0,0.0,0.0,
Isaiah Jackson,24.0,IND,C,38.0,14.0,638.0,0.582,3.3,0.994,0.606,0.345,0.024,0.018,0.006,0.152,21.0,0.0,,0.0,0.0,
Isaiah Jackson,24.0,LAC,C,17.0,0.0,270.0,0.764,3.0,0.972,0.681,0.264,0.028,0.0,0.028,0.264,18.0,1.0,0.0,0.0,0.0,
Jordan Poole,26.0,NOP,PG,38.0,7.0,905.0,0.373,19.3,0.348,0.152,0.131,0.037,0.028,0.652,0.002,1.0,0.099,0.464,0.0,0.0,
Kobe Brown,26.0,2TM,PF,59.0,8.0,901.0,0.466,15.0,0.49,0.303,0.151,0.024,0.012,0.51,0.08,20.0,0.367,0.404,0.0,0.0,
Kobe Brown,26.0,LAC,PF,34.0,0.0,295.0,0.393,16.4,0.417,0.214,0.179,0.012,0.012,0.583,0.119,10.0,0.327,0.25,0.0,0.0,
Kobe Brown,26.0,IND,PF,25.0,8.0,606.0,0.503,13.5,0.527,0.347,0.138,0.03,0.012,0.473,0.06,10.0,0.392,0.484,0.0,0.0,
Josh Green,25.0,CHA,SG,56.0,0.0,887.0,0.458,19.3,0.24,0.14,0.084,0.017,0.0,0.76,0.039,6.0,0.588,0.45,0.0,0.0,
Kasparas Jakučionis,19.0,MIA,PG,50.0,11.0,887.0,0.419,17.7,0.348,0.189,0.128,0.026,0.004,0.652,0.0,0.0,0.324,0.563,0.0,0.0,
Rob Dillingham,21.0,2TM,PG,62.0,0.0,886.0,0.391,12.8,0.681,0.247,0.255,0.088,0.091,0.319,0.011,3.0,0.176,0.429,0.0,0.0,
Rob Dillingham,21.0,MIN,PG,35.0,0.0,326.0,0.333,12.2,0.766,0.227,0.27,0.128,0.142,0.234,0.014,2.0,0.212,0.571,0.0,0.0,
Rob Dillingham,21.0,CHI,PG,27.0,0.0,560.0,0.427,13.4,0.629,0.259,0.246,0.065,0.06,0.371,0.009,1.0,0.163,0.357,0.0,0.0,
Clint Capela,31.0,HOU,C,72.0,2.0,882.0,0.505,2.9,1.0,0.632,0.349,0.014,0.005,0.0,0.245,44.0,,,0.0,0.0,
Jaden Hardy,23.0,2TM,SG,56.0,4.0,882.0,0.426,18.4,0.39,0.109,0.147,0.099,0.035,0.61,0.019,5.0,0.306,0.456,0.0,0.0,
Jaden Hardy,23.0,DAL,SG,34.0,4.0,428.0,0.402,18.6,0.361,0.082,0.155,0.098,0.026,0.639,0.015,1.0,0.315,0.308,0.0,0.0,
Jaden Hardy,23.0,WAS,SG,22.0,0.0,454.0,0.445,18.2,0.415,0.131,0.14,0.1,0.044,0.585,0.022,4.0,0.299,0.6,0.0,0.0,
Cam Thomas,24.0,2TM,SG,42.0,8.0,881.0,0.41,15.4,0.636,0.128,0.197,0.197,0.113,0.364,0.004,2.0,0.131,0.318,1.0,0.0,
Cam Thomas,24.0,BKN,SG,24.0,8.0,582.0,0.399,16.0,0.62,0.097,0.221,0.185,0.117,0.38,0.003,1.0,0.094,0.364,1.0,0.0,
Cam Thomas,24.0,MIL,SG,18.0,0.0,299.0,0.431,14.8,0.667,0.19,0.15,0.222,0.105,0.333,0.007,1.0,0.216,0.273,0.0,0.0,
Bryce McGowens,23.0,NOP,SG,42.0,13.0,880.0,0.481,12.6,0.608,0.266,0.257,0.072,0.013,0.392,0.097,17.0,0.441,0.415,0.0,0.0,
Paul Reed,26.0,DET,C,63.0,10.0,869.0,0.605,7.0,0.88,0.407,0.37,0.071,0.031,0.12,0.142,45.0,0.308,0.333,0.0,0.0,
Gabe Vincent,29.0,2TM,PG,52.0,7.0,865.0,0.352,22.0,0.202,0.052,0.066,0.061,0.023,0.798,0.0,0.0,0.259,0.409,0.0,0.0,
Gabe Vincent,29.0,LAL,PG,29.0,7.0,559.0,0.346,22.5,0.208,0.023,0.077,0.077,0.031,0.792,0.0,0.0,0.272,0.429,0.0,0.0,
Gabe Vincent,29.0,ATL,PG,23.0,0.0,306.0,0.361,21.4,0.193,0.096,0.048,0.036,0.012,0.807,0.0,0.0,0.239,0.375,0.0,0.0,
Dylan Cardwell,24.0,SAC,C,42.0,1.0,862.0,0.596,4.6,0.988,0.44,0.47,0.078,0.006,0.012,0.361,51.0,1.0,0.5,0.0,0.0,
Trendon Watford,25.0,PHI,PF,52.0,7.0,857.0,0.513,8.7,0.813,0.315,0.427,0.06,0.011,0.187,0.015,3.0,0.2,0.1,0.0,0.0,
Caleb Martin,30.0,DAL,SF,58.0,12.0,856.0,0.45,12.2,0.698,0.312,0.18,0.085,0.122,0.302,0.058,9.0,0.649,0.378,0.0,0.0,
Dwight Powell,34.0,DAL,C,61.0,11.0,855.0,0.645,3.2,0.957,0.699,0.247,0.0,0.011,0.043,0.14,11.0,1.0,0.25,0.0,0.0,
Anthony Gill,33.0,WAS,PF,52.0,5.0,847.0,0.626,8.6,0.779,0.421,0.313,0.046,0.0,0.221,0.082,13.0,0.349,0.4,0.0,0.0,
Jaylen Clark,24.0,MIN,SG,66.0,0.0,845.0,0.436,12.9,0.569,0.294,0.206,0.069,0.0,0.431,0.037,8.0,0.596,0.339,1.0,0.0,
Micah Peavy,24.0,NOP,SG,59.0,2.0,836.0,0.387,12.5,0.605,0.32,0.195,0.074,0.016,0.395,0.086,19.0,0.465,0.234,0.0,0.0,
Josh Minott,23.0,2TM,PF,49.0,11.0,834.0,0.5,17.1,0.393,0.214,0.151,0.02,0.008,0.607,0.103,22.0,0.261,0.45,0.0,0.0,
Josh Minott,23.0,BOS,PF,33.0,10.0,526.0,0.507,16.1,0.434,0.228,0.169,0.029,0.007,0.566,0.147,16.0,0.312,0.375,0.0,0.0,
Josh Minott,23.0,BKN,SF,16.0,1.0,308.0,0.491,18.1,0.345,0.198,0.129,0.009,0.009,0.655,0.052,6.0,0.211,0.563,0.0,0.0,
Jevon Carter,30.0,2TM,PG,51.0,1.0,831.0,0.398,21.0,0.294,0.07,0.05,0.084,0.09,0.706,0.003,1.0,0.299,0.365,0.0,0.0,
Jevon Carter,30.0,CHI,PG,23.0,0.0,254.0,0.398,20.9,0.243,0.097,0.068,0.029,0.049,0.757,0.0,0.0,0.295,0.391,0.0,0.0,
Jevon Carter,30.0,ORL,PG,28.0,1.0,577.0,0.398,21.2,0.321,0.056,0.041,0.112,0.112,0.679,0.005,1.0,0.301,0.35,0.0,0.0,
Jalen Green,23.0,PHX,SG,32.0,27.0,828.0,0.422,15.8,0.557,0.223,0.131,0.078,0.125,0.443,0.043,13.0,0.198,0.467,0.0,0.0,
Micah Potter,27.0,IND,C,44.0,4.0,827.0,0.518,16.3,0.42,0.243,0.145,0.004,0.027,0.58,0.106,23.0,0.466,0.449,0.0,0.0,
Ben Saraf,19.0,BKN,SG,41.0,8.0,821.0,0.382,10.6,0.71,0.321,0.321,0.053,0.015,0.29,0.057,12.0,0.197,0.2,0.0,0.0,
Jonas Valančiūnas,33.0,DEN,C,63.0,5.0,820.0,0.583,7.2,0.939,0.319,0.403,0.175,0.042,0.061,0.081,24.0,0.045,1.0,0.0,0.0,
Vince Williams Jr.,25.0,2TM,SG,40.0,12.0,820.0,0.353,18.4,0.394,0.11,0.164,0.099,0.021,0.606,0.014,3.0,0.186,0.364,0.0,0.0,
Vince Williams Jr.,25.0,MEM,PG,34.0,12.0,736.0,0.352,18.1,0.398,0.114,0.163,0.098,0.023,0.602,0.011,2.0,0.17,0.37,0.0,0.0,
Vince Williams Jr.,25.0,UTA,SG,6.0,0.0,84.0,0.357,18.6,0.357,0.071,0.179,0.107,0.0,0.643,0.036,1.0,0.333,0.333,0.0,0.0,
Kyle Anderson,32.0,3TM,SF,42.0,4.0,820.0,0.526,7.8,0.942,0.242,0.563,0.116,0.021,0.058,0.032,5.0,0.727,0.375,0.0,0.0,
Kyle Anderson,32.0,UTA,SF,20.0,0.0,401.0,0.523,6.5,0.954,0.239,0.633,0.073,0.009,0.046,0.055,5.0,0.6,0.667,0.0,0.0,
Kyle Anderson,32.0,MEM,SF,4.0,3.0,89.0,0.789,9.1,0.947,0.105,0.579,0.211,0.053,0.053,0.0,0.0,1.0,1.0,0.0,0.0,
Kyle Anderson,32.0,MIN,SF,18.0,1.0,330.0,0.452,7.7,0.919,0.29,0.435,0.161,0.032,0.081,0.0,0.0,0.8,0.0,0.0,0.0,
Quenton Jackson,27.0,IND,PG,46.0,16.0,815.0,0.474,12.8,0.634,0.324,0.209,0.045,0.056,0.366,0.077,18.0,0.2,0.238,0.0,0.0,
Nikola Jović,22.0,MIA,PF,47.0,1.0,808.0,0.366,15.7,0.468,0.191,0.232,0.025,0.019,0.532,0.01,2.0,0.269,0.156,0.0,0.0,
Jonathan Kuminga,23.0,2TM,PF,35.0,14.0,807.0,0.468,11.9,0.697,0.272,0.266,0.131,0.028,0.303,0.107,30.0,0.404,0.35,1.0,1.0,
Jonathan Kuminga,23.0,GSW,PF,20.0,13.0,476.0,0.454,11.1,0.727,0.247,0.33,0.119,0.031,0.273,0.129,21.0,0.34,0.389,0.0,0.0,
Jonathan Kuminga,23.0,ATL,PF,15.0,1.0,331.0,0.489,12.6,0.654,0.308,0.173,0.15,0.023,0.346,0.075,9.0,0.478,0.318,1.0,1.0,
Javon Small,23.0,MEM,PG,40.0,12.0,804.0,0.472,16.2,0.509,0.182,0.208,0.067,0.052,0.491,0.037,9.0,0.076,0.6,0.0,0.0,
Buddy Hield,33.0,2TM,SG,50.0,3.0,798.0,0.424,20.7,0.35,0.159,0.113,0.036,0.042,0.65,0.003,1.0,0.214,0.395,0.0,0.0,
Buddy Hield,33.0,GSW,SG,44.0,3.0,768.0,0.433,18.8,0.35,0.163,0.113,0.037,0.037,0.65,0.003,1.0,0.221,0.395,0.0,0.0,
Buddy Hield,33.0,ATL,SG,6.0,0.0,30.0,0.111,22.5,0.333,0.0,0.111,0.0,0.222,0.667,0.0,0.0,0.0,,0.0,0.0,
Julian Strawther,23.0,DEN,SG,55.0,12.0,793.0,0.466,15.3,0.523,0.155,0.251,0.113,0.004,0.477,0.007,2.0,0.311,0.452,0.0,0.0,
Keegan Murray,25.0,SAC,PF,23.0,22.0,793.0,0.42,15.9,0.627,0.083,0.24,0.223,0.08,0.373,0.037,11.0,0.161,0.222,0.0,0.0,
Kenrich Williams,31.0,OKC,PF,54.0,2.0,791.0,0.489,14.9,0.553,0.263,0.149,0.061,0.08,0.447,0.019,4.0,0.222,0.423,0.0,0.0,
Daeqwon Plowden,27.0,SAC,SG,30.0,5.0,785.0,0.43,18.5,0.329,0.136,0.174,0.019,0.0,0.671,0.093,20.0,0.243,0.238,0.0,0.0,
Tyrese Martin,26.0,2TM,SG,45.0,6.0,775.0,0.394,17.6,0.404,0.17,0.173,0.043,0.018,0.596,0.022,6.0,0.2,0.242,0.0,0.0,
Tyrese Martin,26.0,BKN,SG,37.0,6.0,696.0,0.392,17.7,0.404,0.161,0.184,0.043,0.016,0.596,0.024,6.0,0.197,0.233,0.0,0.0,
Tyrese Martin,26.0,PHI,SG,8.0,0.0,79.0,0.409,17.4,0.409,0.273,0.045,0.045,0.045,0.591,0.0,0.0,0.231,0.333,0.0,0.0,
Carter Bryant,20.0,SAS,PF,69.0,0.0,762.0,0.397,16.0,0.413,0.271,0.081,0.053,0.008,0.587,0.105,20.0,0.483,0.286,0.0,0.0,
Jalen Wilson,25.0,BKN,PF,51.0,2.0,761.0,0.394,16.7,0.422,0.161,0.229,0.028,0.004,0.578,0.0,0.0,0.264,0.395,0.0,0.0,
Jabari Walker,23.0,PHI,PF,62.0,6.0,750.0,0.448,12.6,0.552,0.386,0.133,0.019,0.014,0.448,0.067,10.0,0.511,0.396,0.0,0.0,
Noah Penda,21.0,ORL,SF,58.0,2.0,750.0,0.408,13.8,0.547,0.244,0.259,0.025,0.02,0.453,0.065,13.0,0.385,0.314,0.0,0.0,
Jalen Pickett,26.0,DEN,SG,48.0,18.0,747.0,0.428,18.5,0.442,0.106,0.144,0.096,0.096,0.558,0.005,1.0,0.216,0.32,0.0,0.0,
Aaron Holiday,29.0,HOU,PG,54.0,1.0,741.0,0.412,20.1,0.329,0.062,0.144,0.086,0.037,0.671,0.004,1.0,0.288,0.489,0.0,0.0,
Pete Nance,25.0,MIL,PF,47.0,6.0,737.0,0.515,17.1,0.387,0.211,0.155,0.015,0.005,0.613,0.072,12.0,0.319,0.447,0.0,0.0,
Thomas Bryant,28.0,CLE,C,60.0,1.0,732.0,0.506,14.3,0.509,0.311,0.15,0.034,0.015,0.491,0.146,34.0,0.214,0.286,0.0,0.0,
Steven Adams,32.0,HOU,C,32.0,11.0,730.0,0.504,2.6,1.0,0.655,0.309,0.036,0.0,0.0,0.129,13.0,,,0.0,0.0,
Lonzo Ball,28.0,CLE,PG,35.0,3.0,728.0,0.301,22.5,0.165,0.097,0.023,0.023,0.023,0.835,0.011,1.0,0.197,0.241,0.0,0.0,
Tyler Kolek,24.0,NYK,PG,62.0,1.0,727.0,0.435,15.6,0.54,0.173,0.218,0.133,0.016,0.46,0.0,0.0,0.14,0.438,0.0,0.0,
Kristaps Porziņģis,30.0,2TM,C,30.0,21.0,719.0,0.451,16.2,0.584,0.163,0.198,0.114,0.109,0.416,0.079,25.0,0.111,0.647,0.0,0.0,
Kristaps Porziņģis,30.0,ATL,C,17.0,12.0,413.0,0.457,15.8,0.59,0.181,0.171,0.119,0.119,0.41,0.09,17.0,0.174,0.667,0.0,0.0,
Kristaps Porziņģis,30.0,GSW,C,13.0,9.0,306.0,0.443,16.7,0.576,0.139,0.234,0.108,0.095,0.424,0.063,8.0,0.03,0.5,0.0,0.0,
Nick Richards,28.0,2TM,C,48.0,6.0,701.0,0.512,5.6,0.91,0.488,0.338,0.065,0.02,0.09,0.244,45.0,0.667,0.333,0.0,0.0,
Nick Richards,28.0,PHX,C,28.0,2.0,254.0,0.493,5.2,1.0,0.38,0.437,0.141,0.042,0.0,0.225,15.0,,,0.0,0.0,
Nick Richards,28.0,CHI,C,20.0,4.0,447.0,0.523,5.9,0.862,0.546,0.285,0.023,0.008,0.138,0.254,30.0,0.667,0.333,0.0,0.0,
Jett Howard,22.0,ORL,SF,55.0,0.0,695.0,0.418,17.0,0.422,0.167,0.187,0.04,0.028,0.578,0.036,6.0,0.297,0.442,0.0,0.0,
Scoot Henderson,21.0,POR,PG,28.0,8.0,690.0,0.414,15.7,0.531,0.207,0.185,0.071,0.068,0.469,0.034,10.0,0.178,0.222,0.0,0.0,
Tristan Vukcevic,22.0,WAS,C,49.0,12.0,671.0,0.479,16.2,0.546,0.17,0.17,0.142,0.063,0.454,0.05,14.0,0.056,0.375,0.0,0.0,
Jaden Ivey,23.0,2TM,SG,37.0,5.0,670.0,0.445,17.6,0.477,0.145,0.191,0.09,0.051,0.523,0.02,5.0,0.164,0.409,0.0,0.0,
Jaden Ivey,23.0,DET,SG,33.0,2.0,555.0,0.45,16.9,0.486,0.141,0.205,0.095,0.045,0.514,0.023,5.0,0.177,0.4,0.0,0.0,
Jaden Ivey,23.0,CHI,SG,4.0,3.0,115.0,0.417,18.3,0.417,0.167,0.111,0.056,0.083,0.583,0.0,0.0,0.095,0.5,0.0,0.0,
Grant Williams,27.0,CHA,PF,34.0,3.0,668.0,0.425,20.6,0.264,0.057,0.109,0.075,0.023,0.736,0.011,2.0,0.344,0.409,0.0,0.0,
Tre Mann,24.0,CHA,PG,51.0,1.0,661.0,0.362,17.7,0.487,0.124,0.168,0.138,0.057,0.513,0.01,2.0,0.19,0.379,0.0,0.0,
Gary Harris,31.0,MIL,SG,48.0,2.0,661.0,0.442,18.4,0.346,0.106,0.144,0.067,0.029,0.654,0.01,1.0,0.544,0.486,0.0,0.0,
Johnny Furphy,21.0,IND,SG,35.0,21.0,643.0,0.47,13.6,0.523,0.302,0.208,0.0,0.013,0.477,0.128,19.0,0.408,0.345,0.0,0.0,
Sharife Cooper,24.0,WAS,PG,38.0,1.0,637.0,0.493,12.1,0.686,0.318,0.193,0.121,0.054,0.314,0.0,0.0,0.4,0.321,0.0,0.0,
Jordan Hawkins,23.0,NOP,SG,49.0,0.0,636.0,0.366,19.5,0.433,0.098,0.054,0.085,0.196,0.567,0.031,2.0,0.197,0.52,0.0,0.0,
Devin Carter,23.0,SAC,PG,36.0,10.0,631.0,0.412,13.5,0.615,0.2,0.335,0.065,0.015,0.385,0.065,15.0,0.09,0.333,0.0,0.0,
Anthony Davis,32.0,DAL,PF,20.0,20.0,626.0,0.506,9.2,0.889,0.332,0.278,0.156,0.123,0.111,0.141,42.0,0.135,0.4,0.0,0.0,
Kevin Love,37.0,UTA,PF,37.0,5.0,613.0,0.397,19.5,0.286,0.151,0.085,0.035,0.015,0.714,0.0,0.0,0.169,0.458,0.0,0.0,
Rasheer Fleming,21.0,PHX,PF,53.0,0.0,611.0,0.408,15.7,0.403,0.296,0.071,0.026,0.01,0.597,0.087,15.0,0.547,0.375,0.0,0.0,
Leonard Miller,22.0,2TM,SF,43.0,9.0,606.0,0.535,11.1,0.606,0.442,0.142,0.018,0.004,0.394,0.124,28.0,0.472,0.381,0.0,0.0,
Leonard Miller,22.0,MIN,SF,19.0,0.0,95.0,0.545,10.7,0.636,0.424,0.212,0.0,0.0,0.364,0.152,5.0,0.75,0.111,0.0,0.0,
Leonard Miller,22.0,CHI,SF,24.0,9.0,511.0,0.534,11.5,0.601,0.446,0.13,0.021,0.005,0.399,0.119,23.0,0.429,0.455,0.0,0.0,
Dorian Finney-Smith,32.0,HOU,PF,36.0,1.0,599.0,0.331,19.8,0.234,0.185,0.04,0.008,0.0,0.766,0.016,1.0,0.389,0.189,0.0,0.0,
Zeke Nnaji,25.0,DEN,PF,50.0,3.0,592.0,0.468,11.4,0.645,0.433,0.149,0.021,0.043,0.355,0.17,22.0,0.32,0.25,0.0,0.0,
Mohamed Diawara,20.0,NYK,SF,67.0,6.0,590.0,0.436,18.0,0.391,0.188,0.109,0.045,0.05,0.609,0.015,2.0,0.244,0.633,0.0,0.0,
Jahmai Mashack,23.0,MEM,SG,29.0,5.0,587.0,0.394,12.3,0.624,0.306,0.265,0.041,0.012,0.376,0.0,0.0,0.25,0.063,0.0,0.0,
Jase Richardson,20.0,ORL,SG,53.0,0.0,581.0,0.464,14.4,0.568,0.175,0.284,0.082,0.027,0.432,0.033,4.0,0.329,0.462,0.0,0.0,
Jamaree Bouyea,26.0,PHX,PG,44.0,0.0,578.0,0.461,14.0,0.67,0.199,0.238,0.097,0.136,0.33,0.039,6.0,0.235,0.375,0.0,0.0,
Tidjane Salaün,20.0,CHA,PF,36.0,0.0,571.0,0.506,15.1,0.475,0.272,0.203,0.0,0.0,0.525,0.07,9.0,0.337,0.5,0.0,0.0,
Ja Morant,26.0,MEM,PG,20.0,20.0,569.0,0.41,12.5,0.736,0.227,0.258,0.177,0.075,0.264,0.031,9.0,0.141,0.5,0.0,0.0,
Domantas Sabonis,29.0,SAC,C,19.0,15.0,564.0,0.543,6.6,0.878,0.421,0.376,0.077,0.005,0.122,0.104,23.0,0.222,0.167,0.0,0.0,
Kam Jones,23.0,IND,SG,34.0,7.0,553.0,0.42,14.7,0.553,0.153,0.333,0.047,0.02,0.447,0.007,0.0,0.239,0.313,0.0,0.0,
Drew Eubanks,28.0,SAC,C,42.0,11.0,552.0,0.596,6.4,0.955,0.314,0.494,0.135,0.013,0.045,0.269,35.0,0.714,0.2,0.0,0.0,
Ethan Thompson,26.0,IND,SG,29.0,10.0,547.0,0.369,17.8,0.4,0.125,0.144,0.106,0.025,0.6,0.006,1.0,0.417,0.3,0.0,0.0,
Dalen Terry,23.0,2TM,SG,47.0,0.0,546.0,0.435,12.8,0.571,0.338,0.182,0.026,0.026,0.429,0.039,5.0,0.485,0.406,0.0,0.0,
Dalen Terry,23.0,CHI,SG,34.0,0.0,377.0,0.441,13.0,0.549,0.363,0.157,0.01,0.02,0.451,0.029,3.0,0.522,0.5,0.0,0.0,
Dalen Terry,23.0,PHI,SG,13.0,0.0,169.0,0.423,12.6,0.615,0.288,0.231,0.058,0.038,0.385,0.058,2.0,0.4,0.125,0.0,0.0,
Elijah Harkless,25.0,UTA,SG,26.0,9.0,545.0,0.335,16.3,0.453,0.186,0.168,0.062,0.037,0.547,0.006,1.0,0.33,0.31,0.0,0.0,
Taurean Prince,31.0,MIL,SF,24.0,5.0,544.0,0.457,20.1,0.274,0.073,0.091,0.079,0.03,0.726,0.012,2.0,0.479,0.456,0.0,0.0,
Dalton Knecht,24.0,LAL,SF,51.0,1.0,533.0,0.442,17.9,0.425,0.155,0.122,0.122,0.028,0.575,0.072,11.0,0.24,0.28,0.0,0.0,
Cole Anthony,25.0,MIL,PG,35.0,0.0,527.0,0.424,14.0,0.688,0.143,0.268,0.199,0.078,0.312,0.009,0.0,0.236,0.412,0.0,0.0,
Jonathan Isaac,28.0,ORL,PF,52.0,0.0,521.0,0.422,11.0,0.651,0.404,0.165,0.046,0.037,0.349,0.248,22.0,0.711,0.222,0.0,0.0,
Jamison Battle,24.0,TOR,SF,58.0,2.0,502.0,0.511,17.5,0.404,0.227,0.092,0.05,0.035,0.596,0.05,6.0,0.31,0.462,1.0,0.0,
Tyrese Proctor,21.0,CLE,PG,48.0,1.0,498.0,0.393,18.1,0.408,0.149,0.144,0.065,0.05,0.592,0.02,4.0,0.176,0.381,0.0,0.0,
Keaton Wallace,26.0,ATL,PG,51.0,2.0,496.0,0.42,19.7,0.408,0.038,0.127,0.185,0.057,0.592,0.006,1.0,0.086,0.5,0.0,0.0,
D'Angelo Russell,29.0,DAL,PG,26.0,3.0,495.0,0.405,17.3,0.517,0.086,0.194,0.159,0.078,0.483,0.0,0.0,0.152,0.118,0.0,0.0,
Trayce Jackson-Davis,25.0,2TM,C,52.0,1.0,491.0,0.57,2.3,0.992,0.702,0.289,0.0,0.0,0.008,0.347,37.0,0.0,,1.0,1.0,
Trayce Jackson-Davis,25.0,GSW,C,36.0,1.0,411.0,0.588,2.9,0.99,0.667,0.324,0.0,0.0,0.01,0.343,31.0,0.0,,1.0,1.0,
Trayce Jackson-Davis,25.0,TOR,C,16.0,0.0,80.0,0.474,1.7,1.0,0.895,0.105,0.0,0.0,0.0,0.368,6.0,,,0.0,0.0,
Jayson Tatum,27.0,BOS,PF,15.0,15.0,482.0,0.419,16.9,0.498,0.162,0.177,0.094,0.064,0.502,0.019,4.0,0.06,0.375,0.0,0.0,
Cam Christie,20.0,LAC,SG,54.0,0.0,478.0,0.384,12.5,0.645,0.246,0.283,0.109,0.007,0.355,0.065,6.0,0.265,0.385,0.0,0.0,
Terrence Shannon Jr.,25.0,MIN,SG,41.0,1.0,475.0,0.45,13.5,0.557,0.371,0.121,0.029,0.036,0.443,0.057,7.0,0.468,0.31,0.0,0.0,
Moussa Cisse,23.0,DAL,C,36.0,1.0,469.0,0.6,1.8,1.0,0.8,0.2,0.0,0.0,0.0,0.4,34.0,,,0.0,0.0,
Ariel Hukporti,23.0,NYK,C,52.0,4.0,455.0,0.544,4.8,0.941,0.574,0.338,0.029,0.0,0.059,0.25,16.0,0.0,,0.0,0.0,
Matisse Thybulle,28.0,POR,SG,28.0,0.0,454.0,0.432,18.5,0.304,0.176,0.12,0.008,0.0,0.696,0.024,3.0,0.356,0.29,0.0,0.0,
Asa Newell,20.0,ATL,PF,42.0,1.0,453.0,0.539,12.5,0.539,0.403,0.136,0.0,0.0,0.461,0.188,24.0,0.606,0.372,0.0,0.0,
Marcus Sasser,25.0,DET,PG,36.0,5.0,448.0,0.395,18.9,0.407,0.087,0.14,0.099,0.081,0.593,0.0,0.0,0.265,0.593,0.0,0.0,
Jamal Cain,26.0,ORL,SF,38.0,1.0,445.0,0.464,15.0,0.514,0.221,0.171,0.086,0.036,0.486,0.071,9.0,0.515,0.343,0.0,0.0,
Jeremy Sochan,22.0,2TM,PF,42.0,0.0,443.0,0.5,9.4,0.675,0.433,0.2,0.025,0.017,0.325,0.2,20.0,0.487,0.368,0.0,0.0,
Jeremy Sochan,22.0,SAS,PF,28.0,0.0,358.0,0.475,10.9,0.646,0.394,0.222,0.02,0.01,0.354,0.172,13.0,0.514,0.389,0.0,0.0,
Jeremy Sochan,22.0,NYK,PF,14.0,0.0,85.0,0.619,7.9,0.81,0.619,0.095,0.048,0.048,0.19,0.333,7.0,0.25,0.0,0.0,0.0,
Amir Coffey,28.0,2TM,SG,44.0,2.0,443.0,0.484,15.4,0.559,0.183,0.14,0.14,0.097,0.441,0.022,2.0,0.561,0.304,0.0,0.0,
Amir Coffey,28.0,MIL,SG,30.0,2.0,265.0,0.473,15.6,0.545,0.2,0.127,0.127,0.091,0.455,0.018,1.0,0.64,0.25,0.0,0.0,
Amir Coffey,28.0,PHX,SG,14.0,0.0,178.0,0.5,15.3,0.579,0.158,0.158,0.158,0.105,0.421,0.026,1.0,0.438,0.429,0.0,0.0,
Bogdan Bogdanović,33.0,LAC,SG,22.0,3.0,431.0,0.371,19.3,0.392,0.112,0.112,0.105,0.063,0.608,0.0,0.0,0.115,0.6,0.0,0.0,
Maxi Kleber,34.0,LAL,PF,40.0,1.0,429.0,0.463,12.7,0.627,0.254,0.269,0.104,0.0,0.373,0.164,11.0,0.12,0.0,0.0,0.0,
Moritz Wagner,28.0,ORL,C,36.0,0.0,427.0,0.426,11.5,0.641,0.251,0.369,0.021,0.0,0.359,0.041,8.0,0.229,0.375,0.0,0.0,
Taelon Peter,23.0,IND,SG,35.0,0.0,426.0,0.387,21.7,0.19,0.161,0.022,0.0,0.007,0.81,0.051,6.0,0.261,0.276,0.0,0.0,
Yanic Konan Niederhäuser,22.0,LAC,C,41.0,0.0,424.0,0.64,4.1,0.95,0.57,0.35,0.03,0.0,0.05,0.35,29.0,0.2,0.0,0.0,0.0,
Tony Bradley,28.0,2TM,C,39.0,3.0,420.0,0.546,8.0,0.981,0.509,0.37,0.037,0.065,0.019,0.074,7.0,1.0,0.5,0.0,0.0,
Tony Bradley,28.0,IND,C,38.0,3.0,416.0,0.557,4.6,0.981,0.509,0.377,0.038,0.057,0.019,0.075,7.0,1.0,0.5,0.0,0.0,
Tony Bradley,28.0,ATL,C,1.0,0.0,4.0,0.0,11.4,1.0,0.5,0.0,0.0,0.5,0.0,0.0,0.0,,,0.0,0.0,
Larry Nance Jr.,33.0,CLE,PF,33.0,2.0,412.0,0.397,14.4,0.483,0.31,0.138,0.034,0.0,0.517,0.138,13.0,0.483,0.483,0.0,0.0,
Branden Carlson,26.0,OKC,C,40.0,2.0,409.0,0.541,12.9,0.554,0.385,0.149,0.014,0.007,0.446,0.27,35.0,0.227,0.333,0.0,0.0,
AJ Johnson,21.0,2TM,SG,46.0,0.0,409.0,0.303,11.5,0.665,0.329,0.31,0.013,0.013,0.335,0.071,7.0,0.192,0.3,0.0,0.0,
AJ Johnson,21.0,WAS,SG,25.0,0.0,214.0,0.325,11.0,0.699,0.301,0.361,0.024,0.012,0.301,0.108,6.0,0.16,0.25,0.0,0.0,
AJ Johnson,21.0,DAL,SG,21.0,0.0,195.0,0.278,11.9,0.625,0.361,0.25,0.0,0.014,0.375,0.028,1.0,0.222,0.333,0.0,0.0,
Bez Mbeng,22.0,UTA,SG,13.0,4.0,406.0,0.465,10.7,0.662,0.366,0.254,0.042,0.0,0.338,0.0,0.0,0.417,0.0,0.0,0.0,
Julian Phillips,22.0,2TM,SF,47.0,2.0,401.0,0.413,15.0,0.45,0.321,0.11,0.009,0.009,0.55,0.183,15.0,0.617,0.324,0.0,0.0,
Julian Phillips,22.0,CHI,SF,35.0,2.0,334.0,0.42,14.6,0.443,0.352,0.068,0.011,0.011,0.557,0.216,14.0,0.612,0.3,0.0,0.0,
Julian Phillips,22.0,MIN,SF,12.0,0.0,67.0,0.381,15.3,0.476,0.19,0.286,0.0,0.0,0.524,0.048,1.0,0.636,0.429,0.0,0.0,
Doug McDermott,34.0,SAC,SF,27.0,0.0,400.0,0.403,24.1,0.101,0.031,0.039,0.031,0.0,0.899,0.016,1.0,0.164,0.789,0.0,0.0,
Myron Gardner,24.0,MIA,SF,42.0,7.0,398.0,0.475,15.1,0.467,0.292,0.133,0.033,0.008,0.533,0.033,3.0,0.266,0.235,0.0,0.0,
Dejounte Murray,29.0,NOP,PG,14.0,14.0,389.0,0.484,13.7,0.659,0.214,0.231,0.159,0.055,0.341,0.011,2.0,0.161,0.2,0.0,0.0,
Oscar Tshiebwe,26.0,UTA,C,25.0,4.0,388.0,0.624,3.7,1.0,0.538,0.402,0.06,0.0,0.0,0.128,13.0,,,0.0,0.0,
Trae Young,27.0,2TM,PG,15.0,15.0,384.0,0.458,17.2,0.548,0.147,0.175,0.153,0.073,0.452,0.0,0.0,0.1,0.375,0.0,0.0,
Trae Young,27.0,ATL,PG,10.0,10.0,280.0,0.415,16.6,0.563,0.156,0.178,0.156,0.074,0.437,0.0,0.0,0.119,0.429,0.0,0.0,
Trae Young,27.0,WAS,PG,5.0,5.0,104.0,0.595,17.9,0.5,0.119,0.167,0.143,0.071,0.5,0.0,0.0,0.048,0.0,0.0,0.0,
Khaman Maluach,19.0,PHX,C,44.0,1.0,374.0,0.529,6.5,0.816,0.644,0.149,0.023,0.0,0.184,0.264,21.0,0.313,0.2,0.0,0.0,
Cameron Payne,31.0,PHI,PG,22.0,1.0,374.0,0.376,20.0,0.349,0.094,0.161,0.074,0.02,0.651,0.0,0.0,0.041,0.25,0.0,0.0,
Jae'Sean Tate,30.0,HOU,SF,44.0,0.0,371.0,0.5,10.6,0.694,0.306,0.306,0.071,0.01,0.306,0.01,1.0,0.6,0.333,0.0,0.0,
Obi Toppin,27.0,IND,PF,21.0,3.0,368.0,0.479,16.2,0.467,0.248,0.103,0.085,0.03,0.533,0.115,16.0,0.216,0.368,0.0,0.0,
Andre Jackson Jr.,24.0,MIL,SG,46.0,1.0,363.0,0.336,15.8,0.477,0.224,0.168,0.065,0.019,0.523,0.14,11.0,0.375,0.286,0.0,0.0,
Liam McNeeley,20.0,CHA,SF,30.0,0.0,363.0,0.404,18.2,0.362,0.117,0.213,0.032,0.0,0.638,0.0,0.0,0.35,0.381,0.0,0.0,
Killian Hayes,24.0,SAC,PG,21.0,3.0,361.0,0.307,18.0,0.528,0.031,0.181,0.228,0.087,0.472,0.0,0.0,0.117,0.0,0.0,0.0,
Jeremiah Robinson-Earl,25.0,2TM,PF,22.0,3.0,361.0,0.37,12.6,0.59,0.35,0.16,0.05,0.03,0.41,0.04,4.0,0.561,0.174,0.0,0.0,
Jeremiah Robinson-Earl,25.0,IND,PF,17.0,3.0,300.0,0.349,12.3,0.602,0.349,0.169,0.06,0.024,0.398,0.024,2.0,0.485,0.188,0.0,0.0,
Jeremiah Robinson-Earl,25.0,DAL,PF,5.0,0.0,61.0,0.471,12.9,0.529,0.353,0.118,0.0,0.059,0.471,0.118,2.0,0.875,0.143,0.0,0.0,
Kelly Olynyk,34.0,SAS,C,42.0,0.0,360.0,0.49,14.4,0.51,0.302,0.156,0.031,0.021,0.49,0.01,1.0,0.191,0.444,0.0,0.0,
Blake Wesley,22.0,POR,SG,29.0,0.0,357.0,0.452,11.2,0.71,0.395,0.145,0.113,0.056,0.29,0.016,2.0,0.278,0.3,0.0,0.0,
Cam Whitmore,21.0,WAS,SF,21.0,0.0,354.0,0.456,12.1,0.669,0.361,0.213,0.047,0.047,0.331,0.142,19.0,0.054,0.0,0.0,0.0,
Leaky Black,26.0,WAS,SF,12.0,7.0,351.0,0.413,17.1,0.507,0.147,0.08,0.187,0.093,0.493,0.04,2.0,0.486,0.556,0.0,0.0,
Isaiah Livers,27.0,PHX,PF,36.0,0.0,347.0,0.344,17.7,0.375,0.172,0.141,0.031,0.031,0.625,0.047,2.0,0.45,0.333,0.0,0.0,
Ty Jerome,28.0,MEM,SG,15.0,15.0,339.0,0.474,16.9,0.535,0.098,0.242,0.172,0.023,0.465,0.0,0.0,0.05,0.8,0.0,0.0,
Christian Koloko,25.0,3TM,C,26.0,4.0,336.0,0.435,6.6,0.899,0.449,0.304,0.116,0.029,0.101,0.29,16.0,0.286,0.0,0.0,0.0,
Christian Koloko,25.0,LAL,C,2.0,0.0,6.0,,,,,,,,,,0.0,,,0.0,0.0,
Christian Koloko,25.0,MEM,C,11.0,2.0,195.0,0.4,4.9,0.971,0.486,0.371,0.086,0.029,0.029,0.314,8.0,0.0,,0.0,0.0,
Christian Koloko,25.0,ATL,C,13.0,2.0,135.0,0.471,8.4,0.824,0.412,0.235,0.147,0.029,0.176,0.265,8.0,0.333,0.0,0.0,0.0,
Nick Smith Jr.,21.0,LAL,SG,27.0,1.0,333.0,0.429,18.8,0.486,0.043,0.179,0.214,0.05,0.514,0.007,1.0,0.111,0.125,0.0,0.0,
Bronny James,21.0,LAL,SG,39.0,1.0,323.0,0.384,17.8,0.525,0.111,0.121,0.162,0.131,0.475,0.071,6.0,0.17,0.25,0.0,0.0,
Kennedy Chandler,23.0,UTA,PG,10.0,1.0,314.0,0.427,11.0,0.735,0.282,0.342,0.085,0.026,0.265,0.0,0.0,0.323,0.4,0.0,0.0,
Chaney Johnson,23.0,BKN,SF,16.0,1.0,311.0,0.563,11.1,0.663,0.413,0.175,0.075,0.0,0.338,0.125,9.0,0.185,0.4,0.0,0.0,
Tyler Burton,25.0,MEM,SF,12.0,0.0,307.0,0.375,16.8,0.411,0.214,0.134,0.054,0.009,0.589,0.027,2.0,0.197,0.462,0.0,0.0,
Julian Reese,22.0,WAS,PF,10.0,8.0,307.0,0.552,4.2,1.0,0.586,0.264,0.126,0.023,0.0,0.149,12.0,,,0.0,0.0,
Yang Hansen,20.0,POR,C,41.0,1.0,296.0,0.31,13.5,0.58,0.25,0.27,0.06,0.0,0.42,0.1,7.0,0.238,0.1,0.0,0.0,
Pat Connaughton,33.0,CHA,SG,41.0,0.0,293.0,0.452,17.1,0.381,0.155,0.214,0.012,0.0,0.619,0.024,2.0,0.346,0.444,0.0,0.0,
Brooks Barnhizer,23.0,OKC,SG,38.0,0.0,289.0,0.377,12.2,0.679,0.264,0.226,0.151,0.038,0.321,0.057,2.0,0.588,0.4,0.0,0.0,
Lindy Waters III,28.0,SAS,SG,40.0,0.0,285.0,0.375,23.3,0.102,0.057,0.023,0.011,0.011,0.898,0.023,2.0,0.278,0.364,0.0,0.0,
Zach Edey,23.0,MEM,C,11.0,11.0,284.0,0.633,5.2,0.949,0.418,0.469,0.061,0.0,0.051,0.194,17.0,0.0,,0.0,0.0,
Kevon Looney,29.0,NOP,C,20.0,7.0,283.0,0.431,7.7,0.81,0.552,0.155,0.052,0.052,0.19,0.034,1.0,0.091,0.0,0.0,0.0,
LJ Cryer,24.0,GSW,PG,17.0,1.0,277.0,0.396,22.9,0.198,0.009,0.072,0.054,0.063,0.802,0.0,0.0,0.191,0.176,0.0,0.0,
Malaki Branham,22.0,WAS,SG,28.0,0.0,275.0,0.473,13.2,0.593,0.253,0.297,0.033,0.011,0.407,0.033,2.0,0.135,0.2,0.0,0.0,
Jordan McLaughlin,29.0,SAS,PG,42.0,0.0,274.0,0.408,15.4,0.487,0.237,0.145,0.092,0.013,0.513,0.0,0.0,0.436,0.412,0.0,0.0,
Tyson Etienne,26.0,BKN,PG,21.0,0.0,272.0,0.41,21.9,0.21,0.04,0.07,0.05,0.05,0.79,0.0,0.0,0.304,0.417,0.0,0.0,
Ron Harper Jr.,25.0,BOS,SF,27.0,2.0,269.0,0.398,20.4,0.229,0.108,0.084,0.036,0.0,0.771,0.012,1.0,0.406,0.346,0.0,0.0,
Lachlan Olbrich,22.0,CHI,C,34.0,0.0,265.0,0.491,8.2,0.772,0.491,0.263,0.0,0.018,0.228,0.035,1.0,0.385,0.0,0.0,0.0,
Duop Reath,29.0,POR,C,32.0,0.0,258.0,0.446,19.3,0.257,0.176,0.081,0.0,0.0,0.743,0.027,1.0,0.4,0.455,0.0,0.0,
Joan Beringer,19.0,MIN,PF,38.0,1.0,257.0,0.63,1.8,1.0,0.827,0.173,0.0,0.0,0.0,0.358,28.0,,,0.0,0.0,
Chaz Lanier,24.0,DET,SG,32.0,0.0,254.0,0.307,22.7,0.239,0.023,0.023,0.08,0.114,0.761,0.0,0.0,0.269,0.167,0.0,0.0,
E.J. Liddell,25.0,BKN,PF,23.0,2.0,254.0,0.466,15.4,0.479,0.178,0.26,0.041,0.0,0.521,0.068,4.0,0.368,0.429,0.0,0.0,
KJ Simpson,23.0,2TM,PG,19.0,2.0,251.0,0.337,11.6,0.592,0.276,0.173,0.133,0.01,0.408,0.02,2.0,0.15,0.5,0.0,0.0,
KJ Simpson,23.0,CHA,PG,14.0,2.0,223.0,0.348,14.9,0.562,0.27,0.157,0.124,0.011,0.438,0.011,1.0,0.154,0.5,0.0,0.0,
KJ Simpson,23.0,DEN,PG,5.0,0.0,28.0,0.222,8.3,0.889,0.333,0.333,0.222,0.0,0.111,0.111,1.0,0.0,,0.0,0.0,
Max Strus,29.0,CLE,SF,10.0,3.0,247.0,0.477,21.7,0.182,0.114,0.045,0.023,0.0,0.818,0.023,1.0,0.278,0.55,0.0,0.0,
Malachi Smith,26.0,BKN,SG,12.0,1.0,240.0,0.515,13.5,0.591,0.227,0.303,0.03,0.03,0.409,0.0,0.0,0.222,0.5,0.0,0.0,
Jalen Slawson,26.0,IND,SF,10.0,4.0,240.0,0.459,16.2,0.459,0.262,0.131,0.049,0.016,0.541,0.082,4.0,0.212,0.286,0.0,0.0,
DeJon Jarreau,28.0,MEM,SG,11.0,0.0,231.0,0.398,12.9,0.639,0.301,0.157,0.157,0.024,0.361,0.036,2.0,0.267,0.125,0.0,0.0,
Chris Paul,40.0,LAC,PG,16.0,0.0,228.0,0.321,19.3,0.464,0.018,0.125,0.232,0.089,0.536,0.0,0.0,0.133,0.5,0.0,0.0,
Blake Hinson,26.0,UTA,SF,12.0,1.0,225.0,0.512,20.1,0.262,0.083,0.119,0.048,0.012,0.738,0.036,2.0,0.419,0.654,0.0,0.0,
Malevy Leons,26.0,GSW,SF,22.0,2.0,224.0,0.404,8.7,0.772,0.421,0.298,0.035,0.018,0.228,0.07,4.0,0.615,0.125,0.0,0.0,
Jonathan Mogbo,24.0,TOR,PF,37.0,0.0,223.0,0.561,3.8,0.976,0.512,0.39,0.073,0.0,0.024,0.171,3.0,1.0,0.0,0.0,0.0,
Keshad Johnson,24.0,MIA,SF,29.0,0.0,214.0,0.452,13.1,0.536,0.369,0.131,0.024,0.012,0.464,0.179,13.0,0.359,0.429,0.0,0.0,
PJ Hall,23.0,2TM,C,19.0,2.0,214.0,0.508,7.5,0.915,0.644,0.22,0.017,0.034,0.085,0.254,9.0,0.6,0.667,0.0,0.0,
PJ Hall,23.0,MEM,C,7.0,0.0,27.0,0.556,11.3,0.667,0.333,0.333,0.0,0.0,0.333,0.111,1.0,0.333,0.0,0.0,0.0,
PJ Hall,23.0,CHA,C,12.0,2.0,187.0,0.5,3.7,0.96,0.7,0.2,0.02,0.04,0.04,0.28,8.0,1.0,1.0,0.0,0.0,
Drew Timme,25.0,LAL,PF,24.0,1.0,213.0,0.567,13.8,0.617,0.2,0.2,0.2,0.017,0.383,0.0,0.0,0.304,0.571,0.0,0.0,
Scotty Pippen Jr.,25.0,MEM,PG,10.0,6.0,212.0,0.448,13.0,0.667,0.24,0.198,0.188,0.042,0.333,0.01,1.0,0.156,0.0,0.0,0.0,
DaRon Holmes,23.0,DEN,PF,23.0,6.0,203.0,0.517,19.7,0.267,0.167,0.067,0.033,0.0,0.733,0.15,7.0,0.205,0.667,0.0,0.0,
Adama-Alpha Bal,22.0,MEM,SG,7.0,0.0,203.0,0.393,18.4,0.357,0.179,0.089,0.054,0.036,0.643,0.0,0.0,0.333,0.417,0.0,0.0,
DeAndre Jordan,37.0,NOP,C,12.0,7.0,199.0,0.656,1.9,1.0,0.781,0.188,0.031,0.0,0.0,0.313,9.0,,,0.0,0.0,
Cormac Ryan,27.0,MIL,SG,9.0,0.0,198.0,0.538,17.1,0.415,0.154,0.169,0.077,0.015,0.585,0.0,0.0,0.237,0.333,0.0,0.0,
Garrison Mathews,29.0,IND,SG,15.0,1.0,196.0,0.404,23.3,0.115,0.058,0.038,0.019,0.0,0.885,0.0,0.0,0.37,0.471,0.0,0.0,
Nigel Hayes-Davis,31.0,PHX,SF,27.0,0.0,195.0,0.326,14.9,0.652,0.087,0.283,0.239,0.043,0.348,0.0,0.0,0.188,0.0,0.0,0.0,
MarJon Beauchamp,25.0,PHI,SF,13.0,1.0,194.0,0.432,18.3,0.378,0.176,0.108,0.054,0.041,0.622,0.027,2.0,0.217,0.1,0.0,0.0,
JD Davison,23.0,HOU,PG,27.0,0.0,192.0,0.4,17.0,0.491,0.055,0.236,0.182,0.018,0.509,0.0,0.0,0.214,0.0,0.0,0.0,
Nate Williams,26.0,GSW,SG,12.0,1.0,192.0,0.485,10.0,0.691,0.309,0.368,0.015,0.0,0.309,0.088,5.0,0.714,0.333,0.0,0.0,
A.J. Lawson,25.0,TOR,SG,21.0,0.0,190.0,0.446,14.4,0.446,0.292,0.154,0.0,0.0,0.554,0.062,3.0,0.639,0.478,0.0,0.0,
John Poulakidas,22.0,DAL,SG,11.0,0.0,188.0,0.419,23.4,0.177,0.016,0.016,0.081,0.065,0.823,0.0,0.0,0.196,0.7,0.0,0.0,
Zach Collins,28.0,CHI,C,10.0,0.0,184.0,0.578,10.8,0.672,0.422,0.156,0.078,0.016,0.328,0.016,1.0,0.429,0.556,0.0,0.0,
Chris Youngblood,23.0,2TM,SG,33.0,0.0,183.0,0.349,23.7,0.143,0.032,0.063,0.032,0.016,0.857,0.0,0.0,0.259,0.357,0.0,0.0,
Chris Youngblood,23.0,OKC,SG,32.0,0.0,174.0,0.333,23.0,0.15,0.033,0.067,0.033,0.017,0.85,0.0,0.0,0.255,0.308,0.0,0.0,
Chris Youngblood,23.0,POR,SG,1.0,0.0,9.0,0.667,24.4,0.0,0.0,0.0,0.0,0.0,1.0,0.0,0.0,0.333,1.0,0.0,0.0,
RayJ Dennis,24.0,3TM,PG,16.0,0.0,180.0,0.301,21.1,0.466,0.123,0.192,0.123,0.027,0.534,0.0,0.0,0.154,0.0,0.0,0.0,
RayJ Dennis,24.0,IND,PG,13.0,0.0,168.0,0.306,17.5,0.472,0.125,0.194,0.125,0.028,0.528,0.0,0.0,0.158,0.0,0.0,0.0,
RayJ Dennis,24.0,LAC,PG,1.0,0.0,4.0,,,,,,,,,,0.0,,,0.0,0.0,
RayJ Dennis,24.0,ATL,PG,2.0,0.0,8.0,0.0,24.7,0.0,0.0,0.0,0.0,0.0,1.0,0.0,0.0,0.0,,0.0,0.0,
Xavier Tillman Sr.,27.0,2TM,C,29.0,1.0,180.0,0.422,11.5,0.6,0.267,0.289,0.044,0.0,0.4,0.022,0.0,0.278,0.0,0.0,0.0,
Xavier Tillman Sr.,27.0,BOS,C,14.0,1.0,111.0,0.452,14.3,0.516,0.194,0.29,0.032,0.0,0.484,0.0,0.0,0.333,0.0,0.0,0.0,
Xavier Tillman Sr.,27.0,CHA,C,15.0,0.0,69.0,0.357,8.6,0.786,0.429,0.286,0.071,0.0,0.214,0.071,0.0,0.0,,0.0,0.0,
Andersson Garcia,25.0,UTA,SF,5.0,2.0,169.0,0.31,12.9,0.552,0.241,0.31,0.0,0.0,0.448,0.103,2.0,0.308,0.0,0.0,0.0,
Yuki Kawamura,24.0,CHI,PG,15.0,0.0,164.0,0.344,20.3,0.313,0.125,0.0,0.156,0.031,0.688,0.0,0.0,0.273,0.333,0.0,0.0,
Hunter Tyson,25.0,DEN,PF,21.0,2.0,162.0,0.269,18.1,0.365,0.135,0.173,0.019,0.038,0.635,0.038,2.0,0.212,0.0,0.0,0.0,
Mason Plumlee,35.0,2TM,C,19.0,2.0,156.0,0.769,0.8,1.0,0.846,0.154,0.0,0.0,0.0,0.308,4.0,,,0.0,0.0,
Mason Plumlee,35.0,CHA,C,14.0,2.0,125.0,0.75,1.4,1.0,0.833,0.167,0.0,0.0,0.0,0.333,4.0,,,0.0,0.0,
Mason Plumlee,35.0,SAS,C,5.0,0.0,31.0,1.0,0.1,1.0,1.0,0.0,0.0,0.0,0.0,0.0,0.0,,,0.0,0.0,
Walker Kessler,24.0,UTA,C,5.0,5.0,154.0,0.703,7.5,0.784,0.459,0.324,0.0,0.0,0.216,0.27,9.0,0.25,1.0,0.0,0.0,
Jeff Green,39.0,HOU,PF,29.0,0.0,151.0,0.383,20.0,0.333,0.117,0.1,0.067,0.05,0.667,0.017,1.0,0.325,0.308,0.0,0.0,
Lucas Williamson,27.0,MEM,SG,5.0,1.0,141.0,0.357,19.1,0.286,0.214,0.024,0.048,0.0,0.714,0.0,0.0,0.2,0.333,0.0,0.0,
Bismack Biyombo,33.0,SAS,C,24.0,1.0,136.0,0.571,3.1,1.0,0.643,0.357,0.0,0.0,0.0,0.357,5.0,,,0.0,0.0,
Amari Williams,24.0,BOS,PF,21.0,2.0,136.0,0.474,3.5,1.0,0.474,0.474,0.053,0.0,0.0,0.211,4.0,,,0.0,0.0,
Miles Kelly,23.0,DAL,PG,14.0,0.0,134.0,0.364,20.1,0.25,0.091,0.068,0.023,0.068,0.75,0.0,0.0,0.606,0.45,0.0,0.0,
Toby Okani,24.0,MEM,SG,4.0,2.0,134.0,0.342,16.6,0.5,0.184,0.132,0.079,0.105,0.5,0.053,0.0,0.316,0.167,0.0,0.0,
Tolu Smith,25.0,DET,PF,14.0,0.0,132.0,0.5,2.6,1.0,0.588,0.412,0.0,0.0,0.0,0.118,4.0,,,0.0,0.0,
Alijah Martin,24.0,TOR,SG,21.0,0.0,131.0,0.341,14.4,0.545,0.25,0.182,0.114,0.0,0.455,0.023,1.0,0.25,0.0,0.0,0.0,
Kevin McCullar Jr.,24.0,NYK,SF,20.0,0.0,130.0,0.389,14.7,0.5,0.333,0.111,0.0,0.056,0.5,0.0,0.0,0.333,0.333,0.0,0.0,
Adou Thiero,21.0,LAL,SF,22.0,0.0,129.0,0.462,5.7,0.885,0.5,0.385,0.0,0.0,0.115,0.269,6.0,0.0,,0.0,0.0,
Thanasis Antetokounmpo,33.0,MIL,SF,33.0,0.0,121.0,0.462,6.5,0.846,0.462,0.385,0.0,0.0,0.154,0.269,7.0,0.75,0.0,0.0,0.0,
Bradley Beal,32.0,LAC,SG,6.0,6.0,121.0,0.375,16.1,0.604,0.125,0.146,0.208,0.125,0.396,0.0,0.0,0.211,0.25,0.0,0.0,
Joe Ingles,38.0,MIN,SF,26.0,1.0,120.0,0.588,18.2,0.412,0.235,0.059,0.0,0.118,0.588,0.0,0.0,0.2,0.5,0.0,0.0,
Dariq Whitehead,21.0,MEM,SF,4.0,0.0,120.0,0.333,19.9,0.278,0.13,0.111,0.019,0.019,0.722,0.074,3.0,0.154,0.167,0.0,0.0,
Kobe Bufkin,22.0,LAL,SG,15.0,1.0,116.0,0.292,17.9,0.479,0.104,0.229,0.042,0.104,0.521,0.0,0.0,0.2,0.2,0.0,0.0,
Dereck Lively II,21.0,DAL,C,7.0,4.0,115.0,0.611,2.0,1.0,0.778,0.222,0.0,0.0,0.0,0.444,8.0,,,0.0,0.0,
Kyle Lowry,39.0,PHI,PG,13.0,0.0,113.0,0.2,26.3,0.0,0.0,0.0,0.0,0.0,1.0,0.0,0.0,0.1,0.5,0.0,0.0,
Tyler Smith,21.0,DAL,PF,10.0,0.0,110.0,0.355,18.5,0.29,0.226,0.032,0.0,0.032,0.71,0.129,3.0,0.409,0.333,0.0,0.0,
Pacôme Dadiet,20.0,NYK,SG,27.0,0.0,105.0,0.314,20.7,0.286,0.114,0.057,0.057,0.057,0.714,0.029,1.0,0.36,0.222,0.0,0.0,
Omer Yurtseven,27.0,GSW,C,9.0,0.0,104.0,0.423,7.4,0.846,0.385,0.385,0.077,0.0,0.154,0.115,2.0,0.5,0.0,0.0,0.0,
Luke Travers,24.0,CLE,SG,12.0,0.0,103.0,0.25,12.7,0.556,0.361,0.167,0.0,0.028,0.444,0.056,2.0,0.25,0.25,0.0,0.0,
Patrick Baldwin Jr.,23.0,3TM,SF,9.0,1.0,102.0,0.407,18.1,0.481,0.185,0.259,0.037,0.0,0.519,0.037,1.0,0.286,0.25,0.0,0.0,
Patrick Baldwin Jr.,23.0,LAC,SF,2.0,0.0,12.0,0.75,21.6,0.25,0.0,0.25,0.0,0.0,0.75,0.0,0.0,0.0,,0.0,0.0,
Patrick Baldwin Jr.,23.0,PHI,SF,1.0,0.0,2.0,,,,,,,,,,0.0,,,0.0,0.0,
Patrick Baldwin Jr.,23.0,SAC,SF,6.0,1.0,88.0,0.348,14.6,0.522,0.217,0.261,0.043,0.0,0.478,0.043,1.0,0.364,0.25,0.0,0.0,
Alondes Williams,26.0,WAS,SG,4.0,0.0,101.0,0.615,15.6,0.462,0.385,0.038,0.0,0.038,0.538,0.192,5.0,0.286,0.25,0.0,0.0,
Seth Curry,35.0,GSW,SG,8.0,0.0,98.0,0.545,20.3,0.455,0.03,0.121,0.03,0.273,0.545,0.0,0.0,0.333,0.5,0.0,0.0,
Javonte Cooke,26.0,POR,SG,19.0,0.0,94.0,0.22,16.6,0.439,0.171,0.244,0.024,0.0,0.561,0.024,1.0,0.217,0.0,0.0,0.0,
Chris Boucher,33.0,BOS,PF,9.0,0.0,94.0,0.32,16.8,0.4,0.24,0.12,0.0,0.04,0.6,0.04,1.0,0.2,0.0,0.0,0.0,
Mac McClung,27.0,2TM,SG,8.0,0.0,92.0,0.39,14.5,0.537,0.366,0.122,0.049,0.0,0.463,0.0,0.0,0.105,0.0,0.0,0.0,
Mac McClung,27.0,IND,SG,3.0,0.0,34.0,0.389,17.3,0.444,0.222,0.167,0.056,0.0,0.556,0.0,0.0,0.0,,0.0,0.0,
Mac McClung,27.0,CHI,SG,5.0,0.0,58.0,0.391,11.8,0.609,0.478,0.087,0.043,0.0,0.391,0.0,0.0,0.222,0.0,0.0,0.0,
Charles Bassey,25.0,4TM,C,10.0,0.0,90.0,0.633,3.1,1.0,0.5,0.4,0.1,0.0,0.0,0.267,7.0,,,0.0,0.0,
Charles Bassey,25.0,MEM,C,2.0,0.0,31.0,0.375,4.4,1.0,0.375,0.5,0.125,0.0,0.0,0.375,2.0,,,0.0,0.0,
Charles Bassey,25.0,PHI,C,1.0,0.0,5.0,1.0,1.2,1.0,1.0,0.0,0.0,0.0,0.0,1.0,1.0,,,0.0,0.0,
Charles Bassey,25.0,BOS,C,5.0,0.0,17.0,0.857,2.6,1.0,0.714,0.286,0.0,0.0,0.0,0.143,1.0,,,0.0,0.0,
Charles Bassey,25.0,GSW,C,2.0,0.0,37.0,0.643,4.0,1.0,0.429,0.429,0.143,0.0,0.0,0.214,3.0,,,0.0,0.0,
Johnny Juzang,24.0,MIN,SG,21.0,0.0,88.0,0.421,19.1,0.368,0.105,0.079,0.132,0.053,0.632,0.0,0.0,0.375,0.222,0.0,0.0,
TyTy Washington Jr.,24.0,LAC,PG,15.0,0.0,86.0,0.474,14.8,0.579,0.158,0.316,0.105,0.0,0.421,0.053,1.0,0.125,1.0,0.0,0.0,
Nikola Topić,20.0,OKC,PG,8.0,0.0,82.0,0.348,11.6,0.696,0.174,0.435,0.087,0.0,0.304,0.0,0.0,0.0,,0.0,0.0,
Haywood Highsmith,29.0,PHX,SF,6.0,0.0,80.0,0.5,18.7,0.35,0.1,0.2,0.05,0.0,0.65,0.0,0.0,0.154,0.5,0.0,0.0,
Taj Gibson,40.0,MEM,C,9.0,0.0,78.0,0.5,11.0,0.727,0.227,0.364,0.136,0.0,0.273,0.045,0.0,0.833,0.6,0.0,0.0,
Isaiah Crawford,24.0,HOU,SF,13.0,0.0,76.0,0.333,17.1,0.444,0.222,0.056,0.056,0.111,0.556,0.056,1.0,0.7,0.286,0.0,0.0,
Tre Scott,29.0,BKN,PF,3.0,1.0,76.0,0.467,12.9,0.6,0.333,0.133,0.133,0.0,0.4,0.133,2.0,0.333,0.5,0.0,0.0,
Caleb Houstan,23.0,ATL,SF,18.0,0.0,75.0,0.538,21.0,0.192,0.077,0.115,0.0,0.0,0.808,0.038,1.0,0.333,0.571,0.0,0.0,
Eric Gordon,37.0,PHI,SG,6.0,0.0,74.0,0.571,18.9,0.333,0.238,0.095,0.0,0.0,0.667,0.0,0.0,0.143,1.0,0.0,0.0,
Bobi Klintman,22.0,DET,SF,12.0,0.0,71.0,0.333,15.2,0.519,0.111,0.37,0.0,0.037,0.481,0.037,1.0,0.308,0.0,0.0,0.0,
Garrett Temple,39.0,TOR,SG,21.0,0.0,69.0,0.214,21.9,0.214,0.0,0.143,0.071,0.0,0.786,0.0,0.0,0.273,0.333,0.0,0.0,
David Jones García,24.0,SAS,SF,11.0,0.0,68.0,0.52,7.7,0.8,0.52,0.28,0.0,0.0,0.2,0.04,1.0,0.0,,0.0,0.0,
Antonio Reeves,25.0,CHA,SG,10.0,0.0,68.0,0.5,18.3,0.35,0.15,0.1,0.1,0.0,0.65,0.05,1.0,0.462,0.667,0.0,0.0,
Kadary Richmond,24.0,WAS,SG,3.0,0.0,67.0,0.625,9.1,0.75,0.438,0.25,0.063,0.0,0.25,0.125,2.0,0.25,0.0,0.0,0.0,
Monte Morris,30.0,IND,PG,6.0,0.0,65.0,0.35,13.8,0.6,0.25,0.2,0.1,0.05,0.4,0.0,0.0,0.375,0.0,0.0,0.0,
Trey Alexander,22.0,NOP,SG,7.0,0.0,64.0,0.5,11.8,0.75,0.188,0.313,0.188,0.063,0.25,0.0,0.0,0.75,0.667,0.0,0.0,
Drew Peterson,26.0,CHA,PF,6.0,0.0,64.0,0.125,20.2,0.25,0.188,0.063,0.0,0.0,0.75,0.0,0.0,0.417,0.0,0.0,0.0,
Trey Jemison,26.0,NYK,C,11.0,0.0,61.0,0.571,5.0,1.0,0.143,0.714,0.143,0.0,0.0,0.143,1.0,,,0.0,0.0,
Wendell Moore Jr.,24.0,DET,SG,6.0,0.0,60.0,0.571,5.8,0.857,0.286,0.571,0.0,0.0,0.143,0.143,1.0,1.0,0.0,0.0,0.0,
DaQuan Jeffries,28.0,SAC,SG,3.0,0.0,60.0,0.579,12.8,0.526,0.421,0.105,0.0,0.0,0.474,0.158,3.0,0.444,0.75,0.0,0.0,
James Wiseman,24.0,IND,C,4.0,1.0,58.0,0.6,4.6,1.0,0.5,0.4,0.0,0.1,0.0,0.4,4.0,,,0.0,0.0,
Johni Broome,23.0,PHI,C,11.0,0.0,55.0,0.167,9.0,0.792,0.333,0.333,0.125,0.0,0.208,0.042,0.0,0.2,0.0,0.0,0.0,
Cody Martin,30.0,IND,SF,4.0,0.0,55.0,0.2,15.5,0.5,0.1,0.3,0.1,0.0,0.5,0.1,1.0,0.4,0.0,0.0,0.0,
Jahmir Young,25.0,MIA,PG,11.0,0.0,51.0,0.364,12.3,0.636,0.273,0.227,0.136,0.0,0.364,0.0,0.0,0.25,0.5,0.0,0.0,
Lawson Lovering,22.0,MEM,C,2.0,1.0,49.0,0.6,2.6,1.0,0.5,0.5,0.0,0.0,0.0,0.5,4.0,,,0.0,0.0,
Keshon Gilbert,22.0,WAS,PG,3.0,0.0,48.0,0.25,13.9,0.5,0.25,0.25,0.0,0.0,0.5,0.0,0.0,0.0,,0.0,0.0,
Tristan Enaruna,24.0,CLE,SF,7.0,0.0,46.0,0.389,10.5,0.667,0.278,0.333,0.056,0.0,0.333,0.056,1.0,0.5,0.0,0.0,0.0,
Mo Bamba,27.0,2TM,C,4.0,0.0,44.0,0.455,2.8,1.0,0.727,0.091,0.182,0.0,0.0,0.273,3.0,,,0.0,0.0,
Mo Bamba,27.0,TOR,C,2.0,0.0,6.0,0.0,2.0,1.0,1.0,0.0,0.0,0.0,0.0,0.0,0.0,,,0.0,0.0,
Mo Bamba,27.0,UTA,C,2.0,0.0,38.0,0.556,3.7,1.0,0.667,0.111,0.222,0.0,0.0,0.333,3.0,,,0.0,0.0,
Isaiah Stevens,25.0,SAC,PG,3.0,0.0,43.0,0.429,8.5,0.857,0.429,0.286,0.143,0.0,0.143,0.0,0.0,0.0,,0.0,0.0,
Koby Brea,23.0,PHX,SG,10.0,0.0,41.0,0.412,22.5,0.176,0.118,0.0,0.059,0.0,0.824,0.0,0.0,0.214,0.333,0.0,0.0,
Dario Šarić,31.0,SAC,C,5.0,0.0,41.0,0.167,15.3,0.5,0.333,0.0,0.0,0.167,0.5,0.0,0.0,0.667,0.5,0.0,0.0,
Skal Labissière,29.0,WAS,PF,3.0,0.0,38.0,0.6,16.5,0.5,0.2,0.1,0.1,0.1,0.5,0.1,1.0,0.2,0.0,0.0,0.0,
Chris Mañon,24.0,LAL,SG,7.0,0.0,37.0,0.25,15.4,0.5,0.25,0.25,0.0,0.0,0.5,0.0,0.0,0.0,,0.0,0.0,
Curtis Jones,24.0,DEN,SG,8.0,0.0,36.0,0.267,17.8,0.4,0.067,0.333,0.0,0.0,0.6,0.0,0.0,0.111,0.0,0.0,0.0,
Markelle Fultz,27.0,TOR,PG,5.0,0.0,36.0,0.182,10.6,1.0,0.091,0.364,0.364,0.182,0.0,0.0,0.0,,,0.0,0.0,
Grant Nelson,23.0,BKN,PF,4.0,0.0,35.0,0.556,4.1,1.0,0.556,0.333,0.111,0.0,0.0,0.333,3.0,,,0.0,0.0,
Emanuel Miller,25.0,CHI,PF,5.0,0.0,33.0,0.462,15.2,0.538,0.231,0.231,0.0,0.077,0.462,0.0,0.0,0.333,1.0,0.0,0.0,
Jahmyl Telfort,24.0,LAC,PF,8.0,0.0,32.0,0.0,24.1,0.0,0.0,0.0,0.0,0.0,1.0,0.0,0.0,0.5,0.0,0.0,0.0,
Sean Pedulla,23.0,LAC,PG,6.0,0.0,29.0,0.333,20.9,0.333,0.0,0.133,0.133,0.067,0.667,0.0,0.0,0.2,0.0,0.0,0.0,
Dillon Jones,24.0,NYK,SF,6.0,0.0,27.0,0.167,22.8,0.333,0.0,0.0,0.333,0.0,0.667,0.0,0.0,0.25,1.0,0.0,0.0,
Hunter Sallis,22.0,PHI,SG,7.0,0.0,26.0,0.6,5.4,1.0,0.4,0.4,0.2,0.0,0.0,0.0,0.0,,,0.0,0.0,
Mark Sears,23.0,MIL,PG,7.0,0.0,26.0,0.462,19.2,0.385,0.077,0.154,0.154,0.0,0.615,0.0,0.0,0.0,,0.0,0.0,
Josh Oduro,25.0,NOP,PF,1.0,0.0,26.0,0.571,3.0,1.0,0.714,0.286,0.0,0.0,0.0,0.0,0.0,,,0.0,0.0,
Isaac Jones,25.0,2TM,PF,6.0,1.0,26.0,0.5,11.2,0.667,0.5,0.167,0.0,0.0,0.333,0.167,1.0,0.5,0.0,0.0,0.0,
Isaac Jones,25.0,SAC,PF,3.0,1.0,17.0,0.5,14.0,0.5,0.5,0.0,0.0,0.0,0.5,0.0,0.0,0.0,,0.0,0.0,
Isaac Jones,25.0,DET,PF,3.0,0.0,9.0,0.5,8.3,0.75,0.5,0.25,0.0,0.0,0.25,0.25,1.0,1.0,0.0,0.0,0.0,
Orlando Robinson,25.0,ORL,C,4.0,1.0,25.0,0.6,13.0,0.6,0.4,0.2,0.0,0.0,0.4,0.0,0.0,0.0,,0.0,0.0,
Riley Minix,25.0,2TM,SF,7.0,0.0,25.0,0.667,13.9,0.5,0.333,0.167,0.0,0.0,0.5,0.083,1.0,0.5,1.0,0.0,0.0,
Riley Minix,25.0,SAS,SF,3.0,0.0,8.0,0.667,13.1,0.5,0.5,0.0,0.0,0.0,0.5,0.167,1.0,0.333,1.0,0.0,0.0,
Riley Minix,25.0,CLE,SF,4.0,0.0,17.0,0.667,14.6,0.5,0.167,0.333,0.0,0.0,0.5,0.0,0.0,0.667,1.0,0.0,0.0,
Dalano Banton,26.0,2TM,PG,5.0,0.0,25.0,0.444,6.0,1.0,0.333,0.444,0.222,0.0,0.0,0.0,0.0,,,0.0,0.0,
Dalano Banton,26.0,LAC,PG,2.0,0.0,10.0,0.75,4.6,1.0,0.75,0.0,0.25,0.0,0.0,0.0,0.0,,,0.0,0.0,
Dalano Banton,26.0,BOS,PG,3.0,0.0,15.0,0.2,7.4,1.0,0.0,0.8,0.2,0.0,0.0,0.0,0.0,,,0.0,0.0,
Norchad Omier,24.0,LAC,PF,5.0,0.0,22.0,0.75,7.4,0.875,0.5,0.25,0.125,0.0,0.125,0.125,1.0,0.0,,0.0,0.0,
Harrison Ingram,23.0,SAS,SF,6.0,0.0,20.0,0.833,6.9,0.833,0.5,0.333,0.0,0.0,0.167,0.0,0.0,0.0,,0.0,0.0,
Brandon Clarke,29.0,MEM,PF,2.0,2.0,20.0,0.333,4.1,1.0,0.556,0.444,0.0,0.0,0.0,0.0,0.0,,,0.0,0.0,
Jayson Kent,23.0,POR,SF,3.0,0.0,19.0,0.667,13.8,0.5,0.5,0.0,0.0,0.0,0.5,0.167,1.0,0.0,,0.0,0.0,
Alex Morales,28.0,ORL,PG,3.0,0.0,18.0,0.5,5.4,1.0,0.333,0.5,0.167,0.0,0.0,0.0,0.0,,,0.0,0.0,
Vladislav Goldin,24.0,MIA,C,6.0,0.0,17.0,0.667,1.0,1.0,1.0,0.0,0.0,0.0,0.0,0.333,1.0,,,0.0,0.0,
Jacob Toppin,25.0,ATL,SF,5.0,0.0,17.0,0.667,4.8,1.0,0.5,0.167,0.333,0.0,0.0,0.5,3.0,,,0.0,0.0,
Hunter Dickinson,25.0,NOP,C,3.0,0.0,17.0,0.2,16.0,0.6,0.0,0.2,0.4,0.0,0.4,0.0,0.0,0.5,0.0,0.0,0.0,
Chris Livingston,22.0,CLE,SF,3.0,0.0,17.0,0.571,11.7,0.571,0.429,0.143,0.0,0.0,0.429,0.0,0.0,1.0,0.0,0.0,0.0,
Alex Antetokounmpo,24.0,MIL,SF,5.0,0.0,16.0,0.2,23.0,0.2,0.0,0.0,0.2,0.0,0.8,0.0,0.0,0.5,0.0,0.0,0.0,
Rocco Zikarsky,19.0,MIN,C,4.0,0.0,16.0,0.6,6.1,1.0,0.6,0.2,0.0,0.2,0.0,0.2,1.0,,,0.0,0.0,
Buddy Boeheim,26.0,OKC,SF,4.0,0.0,15.0,0.333,24.8,0.0,0.0,0.0,0.0,0.0,1.0,0.0,0.0,0.667,0.5,0.0,0.0,
N'Faly Dante,24.0,ATL,C,4.0,0.0,15.0,0.25,4.3,1.0,0.5,0.25,0.25,0.0,0.0,0.25,1.0,,,0.0,0.0,
Colin Castleton,25.0,ORL,C,3.0,0.0,15.0,0.333,8.4,1.0,0.0,1.0,0.0,0.0,0.0,0.0,0.0,,,0.0,0.0,
David Roddy,24.0,DEN,PF,3.0,0.0,14.0,0.2,21.2,0.2,0.0,0.2,0.0,0.0,0.8,0.0,0.0,0.25,0.0,0.0,0.0,
Max Shulga,23.0,BOS,SG,9.0,0.0,13.0,0.25,15.5,0.75,0.25,0.25,0.0,0.25,0.25,0.0,0.0,0.0,,0.0,0.0,
Chucky Hepburn,22.0,TOR,PG,2.0,0.0,13.0,0.0,23.0,0.167,0.0,0.0,0.167,0.0,0.833,0.0,0.0,0.0,,0.0,0.0,
John Tonje,24.0,BOS,SG,5.0,0.0,12.0,0.0,26.0,0.0,0.0,0.0,0.0,0.0,1.0,0.0,0.0,0.0,,0.0,0.0,
Zyon Pullin,24.0,MIN,SG,4.0,0.0,12.0,1.0,0.5,1.0,1.0,0.0,0.0,0.0,0.0,0.0,0.0,,,0.0,0.0,
Enrique Freeman,25.0,MIN,PF,3.0,0.0,11.0,,,,,,,,,,0.0,,,0.0,0.0,
Tosan Evbuomwan,24.0,NYK,SF,5.0,0.0,8.0,0.0,6.2,1.0,0.0,1.0,0.0,0.0,0.0,0.0,0.0,,,0.0,0.0,
Trevor Keels,22.0,MIA,SG,5.0,0.0,8.0,0.0,21.7,0.2,0.0,0.2,0.0,0.0,0.8,0.0,0.0,0.25,0.0,0.0,0.0,
CJ Huntley,24.0,PHX,SF,2.0,0.0,7.0,0.5,0.8,1.0,1.0,0.0,0.0,0.0,0.0,0.5,1.0,,,0.0,0.0,
Payton Sandfort,23.0,OKC,SF,2.0,0.0,7.0,0.2,20.0,0.2,0.2,0.0,0.0,0.0,0.8,0.0,0.0,0.5,0.5,0.0,0.0,
Stanley Umude,26.0,SAS,SG,2.0,0.0,7.0,0.5,16.4,0.5,0.0,0.5,0.0,0.0,0.5,0.0,0.0,1.0,0.0,0.0,0.0,
Colby Jones,23.0,DET,SG,1.0,0.0,7.0,0.333,16.9,0.333,0.0,0.333,0.0,0.0,0.667,0.0,0.0,1.0,0.0,0.0,0.0,
Noa Essengue,19.0,CHI,PF,2.0,0.0,6.0,0.0,16.9,0.333,0.333,0.0,0.0,0.0,0.667,0.0,0.0,0.5,0.0,0.0,0.0,
Trentyn Flowers,20.0,CHI,SF,2.0,0.0,6.0,0.667,8.3,0.667,0.667,0.0,0.0,0.0,0.333,0.333,1.0,1.0,0.0,0.0,0.0,
Olivier Sarr,26.0,CLE,C,2.0,0.0,5.0,,,,,,,,,,0.0,,,0.0,0.0,
Darius Brown II,26.0,CLE,SG,1.0,0.0,3.0,0.0,17.5,1.0,0.0,0.0,0.0,1.0,0.0,0.0,0.0,,,0.0,0.0,
League Average,,,,,,,0.471,13.9,0.585,0.231,0.209,0.095,0.049,0.415,0.061,,0.246,0.388,,,
