PLAYER_ID,PLAYER_NAME,TEAM_ABBREVIATION
1630173,Precious Achiuwa,SAC
203500,Steven Adams,HOU
1628389,Bam Adebayo,MIA
1630534,Ochai Agbaji,BKN
1630583,Santi Aldama,MEM
1641725,Trey Alexander,NOP
1629638,Nickeil Alexander-Walker,ATL
1628960,Grayson Allen,PHX
1628386,Jarrett Allen,CLE
1630631,Jose Alvarado,NYK
203937,Kyle Anderson,MIN
1630828,Alex Antetokounmpo,MIL
203507,Giannis Antetokounmpo,MIL
203648,Thanasis Antetokounmpo,MIL
1628384,OG Anunoby,NYK
1630166,Deni Avdija,POR
1629028,Deandre Ayton,LAL
1628963,Marvin Bagley III,DAL
1642846,Ace Bailey,UTA
1631116,Patrick Baldwin Jr.,SAC
1630163,LaMelo Ball,CHA
1631094,Paolo Banchero,ORL
1630217,Desmond Bane,ORL
1630625,Dalano Banton,BOS
1631230,Dominick Barlow,PHI
203084,Harrison Barnes,SAS
1630567,Scottie Barnes,TOR
1642964,Brooks Barnhizer,OKC
1629628,RJ Barrett,TOR
1629646,Charles Bassey,GSW
1642419,Jamison Battle,TOR
201587,Nicolas Batum,LAC
203078,Bradley Beal,LAC
1630699,MarJon Beauchamp,PHI
1642866,Joan Beringer,MIN
1630180,Saddiq Bey,NOP
1629048,Goga Bitadze,ORL
202687,Bismack Biyombo,SAS
1641710,Anthony Black,ORL
1641778,Leaky Black,WAS
203992,Bogdan Bogdanović,LAC
1641737,Adem Bona,PHI
1626164,Devin Booker,PHX
1631123,Jamaree Bouyea,PHX
1628396,Tony Bradley,ATL
1631128,Christian Braun,DEN
1642886,Koby Brea,PHX
1628969,Mikal Bridges,NYK
1628970,Miles Bridges,CHA
1628415,Dillon Brooks,PHX
1641780,Johni Broome,PHI
1628971,Bruce Brown,DEN
1627759,Jaylen Brown,BOS
1641738,Kobe Brown,IND
1628973,Jalen Brunson,NYK
1642868,Carter Bryant,SAS
1628418,Thomas Bryant,CLE
202710,Jimmy Butler III,GSW
1641824,Matas Buzelis,CHI
1631288,Jamal Cain,ORL
203484,Kentavious Caldwell-Pope,MEM
1641739,Toumani Camara,POR
203991,Clint Capela,HOU
1642928,Dylan Cardwell,SAC
1642382,Branden Carlson,OKC
1642267,Bub Carrington,WAS
1642269,Devin Carter,SAC
1628975,Jevon Carter,ORL
1628976,Wendell Carter Jr.,ORL
1627936,Alex Caruso,OKC
1642264,Stephon Castle,SAS
1630658,Colin Castleton,ORL
1630577,Julian Champagnie,SAS
1630551,Justin Champagnie,WAS
1642353,Cam Christie,LAC
1631108,Max Christie,DAL
1630619,Moussa Cisse,DAL
1631321,Sidy Cissoko,POR
1641740,Jaylen Clark,MIN
1629634,Brandon Clarke,MEM
203903,Jordan Clarkson,NYK
1629651,Nic Claxton,BKN
1642383,Walter Clayton Jr.,MEM
1642363,Nique Clifford,SAC
1642270,Donovan Clingan,POR
1641730,Noah Clowney,BKN
1629599,Amir Coffey,PHX
1642268,Isaiah Collier,UTA
1628381,John Collins,LAC
1628380,Zach Collins,CHI
201144,Mike Conley,MIN
1626192,Pat Connaughton,CHA
1630536,Sharife Cooper,WAS
1641731,Bilal Coulibaly,WAS
1642907,Cedric Coward,MEM
1642384,Isaiah Crawford,HOU
1643018,LJ Cryer,GSW
1630595,Cade Cunningham,DET
203552,Seth Curry,GSW
201939,Stephen Curry,GSW
1642359,Pacôme Dadiet,NYK
1630700,Dyson Daniels,ATL
203076,Anthony Davis,WAS
1631120,JD Davison,HOU
201942,DeMar DeRozan,SAC
1642484,RayJ Dennis,ATL
1628978,Donte DiVincenzo,MIN
1631217,Moussa Diabaté,CHA
1642885,Mohamed Diawara,NYK
1641711,Gradey Dick,TOR
1630621,Hunter Dickinson,NOP
1631172,Ousmane Dieng,MIL
1642265,Rob Dillingham,CHI
1629029,Luka Dončić,LAL
1629652,Luguentz Dort,OKC
1630245,Ayo Dosunmu,MIN
203083,Andre Drummond,PHI
1627739,Kris Dunn,LAC
1642346,Ryan Dunn,PHX
201142,Kevin Durant,HOU
1631105,Jalen Duren,DET
1642856,Egor Dëmin,BKN
1631106,Tari Eason,HOU
1641744,Zach Edey,MEM
1642845,VJ Edgecombe,PHI
1630162,Anthony Edwards,MIN
1642348,Justin Edwards,PHI
1631165,Keon Ellis,CLE
203954,Joel Embiid,PHI
1642400,Tristan Enaruna,CLE
1642855,Noa Essengue,CHI
1630623,Tyson Etienne,BKN
1629234,Drew Eubanks,SAC
1641787,Tosan Evbuomwan,CHA
1642847,Jeremiah Fears,NOP
1642271,Kyle Filipowski,UTA
1627827,Dorian Finney-Smith,HOU
1642843,Cooper Flagg,DAL
1642853,Rasheer Fleming,PHX
1631323,Simone Fontecchio,MIA
1628368,De'Aaron Fox,SAS
1642402,Enrique Freeman,MIN
1642277,Johnny Furphy,IND
1629655,Daniel Gafford,DAL
1642066,Myron Gardner,MIA
1629636,Darius Garland,LAC
1630568,Luka Garza,BOS
1641718,Keyonte George,UTA
1642273,Kyshawn George,WAS
202331,Paul George,PHI
201959,Taj Gibson,MEM
1630581,Josh Giddey,CHI
1642933,Keshon Gilbert,ATL
1628983,Shai Gilgeous-Alexander,OKC
1630264,Anthony Gill,WAS
1631221,Collin Gillespie,PHX
203497,Rudy Gobert,MIN
1642884,Vladislav Goldin,MIA
1642864,Hugo González,BOS
1630692,Jordan Goodwin,PHX
203932,Aaron Gordon,DEN
203924,Jerami Grant,POR
1643060,Hayden Gray,UTA
1631260,AJ Green,MIL
203110,Draymond Green,GSW
1630224,Jalen Green,PHX
1629750,Javonte Green,DET
201145,Jeff Green,HOU
1630182,Josh Green,CHA
1629656,Quentin Grimes,PHI
1631338,Mouhamadou Gueye,CHI
1631243,Mouhamed Gueye,ATL
1629060,Rui Hachimura,LAL
1641790,PJ Hall,CHA
203501,Tim Hardaway Jr.,DEN
201935,James Harden,CLE
1630702,Jaden Hardy,WAS
1641989,Elijah Harkless,UTA
1642844,Dylan Harper,SAS
1631199,Ron Harper Jr.,BOS
203914,Gary Harris,MIL
202699,Tobias Harris,DET
1628404,Josh Hart,NYK
1628392,Isaiah Hartenstein,OKC
1630573,Sam Hauser,BOS
1641722,Jordan Hawkins,NOP
1629637,Jaxson Hayes,LAL
1630165,Killian Hayes,SAC
1630703,Scoot Henderson,POR
1641707,Taylor Hendricks,MEM
1642935,Chucky Hepburn,TOR
1629639,Tyler Herro,MIA
1627741,Buddy Hield,ATL
1629312,Haywood Highsmith,PHX
1642396,Blake Hinson,UTA
1628988,Aaron Holiday,HOU
201950,Jrue Holiday,POR
1641842,Ronald Holland II,DET
1641747,DaRon Holmes II,DEN
1631096,Chet Holmgren,OKC
201143,Al Horford,GSW
1641724,Jett Howard,ORL
1628989,Kevin Huerter,DET
1630643,Jay Huff,IND
1630574,Ariel Hukporti,NYK
1629631,De'Andre Hunter,SAC
1643047,CJ Huntley,PHX
1630538,Bones Hyland,MIN
1642345,Oso Ighodaro,PHX
204060,Joe Ingles,MIN
1627742,Brandon Ingram,TOR
1631127,Harrison Ingram,SAS
1628371,Jonathan Isaac,ORL
1641713,GG Jackson,MEM
1630543,Isaiah Jackson,LAC
1631245,Quenton Jackson,IND
1641748,Andre Jackson Jr.,MIL
1628991,Jaren Jackson Jr.,UTA
1631218,Trayce Jackson-Davis,TOR
1642857,Kasparas Jakučionis,MIA
1642355,Bronny James,LAL
2544,LeBron James,LAL
1642883,Sion James,CHA
1631170,Jaime Jaquez Jr.,MIA
1641998,Trey Jemison III,NYK
1642450,Daniss Jenkins,DET
1629660,Ty Jerome,MEM
1630198,Isaiah Joe,OKC
1642358,AJ Johnson,DAL
1629661,Cameron Johnson,DEN
1643052,Chaney Johnson,BKN
1630552,Jalen Johnson,ATL
1629640,Keldon Johnson,SAS
1642352,Keshad Johnson,MIA
1642848,Tre Johnson,WAS
203999,Nikola Jokić,DEN
1642938,Curtis Jones,DEN
1641794,Dillon Jones,NYK
1630529,Herbert Jones,NOP
1642403,Isaac Jones,DET
1642880,Kam Jones,IND
1642461,Spencer Jones,DEN
1630200,Tre Jones,CHI
1626145,Tyus Jones,DEN
1642357,David Jones Garcia,SAS
1627884,Derrick Jones Jr.,LAC
201599,DeAndre Jordan,NOP
1631107,Nikola Jović,MIA
1641750,Ryan Kalkbrenner,CHA
1642530,Yuki Kawamura,CHI
1631211,Trevor Keels,MIA
1628379,Luke Kennard,LAL
1643257,Jayson Kent,POR
1631117,Walker Kessler,UTA
1630557,Corey Kispert,ATL
1628467,Maxi Kleber,LAL
1642261,Dalton Knecht,LAL
1642851,Kon Knueppel,CHA
1642278,Tyler Kolek,NYK
1631132,Christian Koloko,ATL
1629723,John Konchar,UTA
1628436,Luke Kornet,SAS
1630249,Vít Krejčí,POR
1630228,Jonathan Kuminga,ATL
1628398,Kyle Kuzma,MIL
1631222,Jake LaRavia,LAL
203897,Zach LaVine,SAC
1629111,Jock Landale,ATL
1642404,Chaz Lanier,DET
1641796,Pelle Larsson,MIA
1630639,A.J. Lawson,TOR
1627747,Caris LeVert,DET
202695,Kawhi Leonard,LAC
1642502,Malevy Leons,GSW
1630604,E.J. Liddell,BKN
1641726,Dereck Lively II,DAL
1630587,Isaiah Livers,PHX
1626172,Kevon Looney,NOP
201572,Brook Lopez,LAC
1631126,Caleb Love,POR
201567,Kevin Love,UTA
200768,Kyle Lowry,PHI
1642863,Khaman Maluach,PHX
1630572,Sandro Mamukelashvili,TOR
1629611,Terance Mann,BKN
1630544,Tre Mann,CHA
1628374,Lauri Markkanen,UTA
1630230,Naji Marshall,DAL
1642918,Alijah Martin,TOR
1628997,Caleb Martin,DAL
1631213,Tyrese Martin,PHI
1642942,Jahmai Mashack,MEM
1631097,Bennedict Mathurin,LAC
1631255,Karlo Matković,NOP
1630178,Tyrese Maxey,PHI
1643024,Chris Mañon,LAL
1643016,Bez Mbeng,UTA
1630540,Miles McBride,NYK
1642272,Jared McCain,OKC
1630644,Mac McClung,CHI
203468,CJ McCollum,ATL
204456,T.J. McConnell,IND
1641755,Kevin McCullar Jr.,NYK
1630183,Jaden McDaniels,MIN
203926,Doug McDermott,SAC
1631121,Bryce McGowens,NOP
1629162,Jordan McLaughlin,SAS
1642862,Liam McNeeley,CHA
1629001,De'Anthony Melton,GSW
1630241,Sam Merrill,CLE
203114,Khris Middleton,DAL
1641706,Brandon Miller,CHA
1641801,Emanuel Miller,SAS
1641757,Jordan Miller,LAC
1631159,Leonard Miller,CHI
1642434,Riley Minix,CLE
1631169,Josh Minott,BKN
1642274,Yves Missi,NOP
1642349,Ajay Mitchell,OKC
1630558,Davion Mitchell,MIA
1628378,Donovan Mitchell,CLE
1630596,Evan Mobley,CLE
1642367,Jonathan Mogbo,TOR
1628370,Malik Monk,SAC
1630541,Moses Moody,GSW
1631111,Wendell Moore Jr.,DET
1631457,Alex Morales,ORL
1629630,Ja Morant,MEM
1630530,Trey Murphy III,NOP
1627749,Dejounte Murray,NOP
1627750,Jamal Murray,DEN
1631099,Keegan Murray,SAC
1631200,Kris Murray,POR
1642867,Collin Murray-Boyles,TOR
1629004,Svi Mykhailiuk,UTA
1631250,Pete Nance,MIL
1626204,Larry Nance Jr.,CLE
1629614,Andrew Nembhard,IND
1642948,Ryan Nembhard,DAL
1630174,Aaron Nesmith,IND
1642854,Asa Newell,ATL
1641803,Tristen Newton,HOU
1642949,Yanic Konan Niederhäuser,LAC
1630192,Zeke Nnaji,DEN
203994,Jusuf Nurkić,UTA
1626220,Royce O'Neale,PHX
1642490,Josh Oduro,NOP
1629006,Josh Okogie,HOU
1630168,Onyeka Okongwu,ATL
1630171,Isaac Okoro,CHI
1642950,Lachlan Olbrich,CHI
203482,Kelly Olynyk,SAS
1641807,Norchad Omier,LAC
1626162,Kelly Oubre Jr.,PHI
1627780,Gary Payton II,GSW
1642877,Micah Peavy,NOP
1642951,Sean Pedulla,LAC
1642869,Noah Penda,ORL
1643007,Taelon Peter,IND
1641763,Julian Phillips,MIN
1629618,Jalen Pickett,DEN
1630590,Scotty Pippen Jr.,MEM
1631342,Daeqwon Plowden,SAC
203486,Mason Plumlee,SAS
1641764,Brandin Podziemski,GSW
1627751,Jakob Poeltl,TOR
1629673,Jordan Poole,NOP
1641854,Craig Porter Jr.,CLE
1629645,Kevin Porter Jr.,MIL
1629008,Michael Porter Jr.,BKN
1626171,Bobby Portis Jr.,MIL
204001,Kristaps Porziņģis,GSW
1642366,Quinten Post,GSW
1630695,Micah Potter,IND
1642967,John Poulakidas,DAL
1642962,Drake Powell,BKN
203939,Dwight Powell,DAL
1626181,Norman Powell,MIA
1627752,Taurean Prince,MIL
1630202,Payton Pritchard,BOS
1642878,Tyrese Proctor,CLE
1641765,Olivier-Maxence Prosper,MEM
1642389,Zyon Pullin,MIN
1642852,Derik Queen,NOP
1629674,Neemias Queta,BOS
1630193,Immanuel Quickley,TOR
203944,Julius Randle,MIN
1642875,Maxime Raynaud,SAC
1630559,Austin Reaves,LAL
1630194,Paul Reed,DET
1642882,Julian Reese,WAS
1641810,Antonio Reeves,CHA
1629675,Naz Reid,MIN
1642954,Will Richard,GSW
1630208,Nick Richards,CHI
1642859,Jase Richardson,ORL
1642860,Will Riley,WAS
1642258,Zaccharie Risacher,ATL
1629130,Duncan Robinson,DET
1629011,Mitchell Robinson,NYK
1631223,David Roddy,DEN
1631157,Ryan Rollins,MIL
1641712,Rayan Rupert,MEM
1626156,D'Angelo Russell,WAS
1642504,Cormac Ryan,MIL
1627734,Domantas Sabonis,SAC
1642275,Tidjane Salaün,CHA
1642920,Kobe Sanders,LAC
1642362,Payton Sandfort,OKC
1630611,Gui Santos,GSW
1642879,Ben Saraf,BKN
1642259,Alex Sarr,WAS
1630846,Olivier Sarr,CLE
1631204,Marcus Sasser,DET
1631248,Baylor Scheierman,BOS
203471,Dennis Schröder,CLE
1630578,Alperen Sengun,HOU
1641729,Brice Sensabaugh,UTA
1629012,Collin Sexton,CHI
1629013,Landry Shamet,NYK
1630545,Terrence Shannon Jr,MIN
1630549,Day'Ron Sharpe,BKN
1631101,Shaedon Sharpe,POR
1642347,Jamal Shead,TOR
1641767,Ben Sheppard,IND
1642263,Reed Sheppard,HOU
1642917,Max Shulga,BOS
1627783,Pascal Siakam,IND
1629014,Anfernee Simons,CHI
1642354,KJ Simpson,DEN
1630579,Jericho Sims,MIL
1641771,Jalen Slawson,IND
1642914,Javon Small,MEM
203935,Marcus Smart,LAL
1630696,Dru Smith,MIA
1630188,Jalen Smith,CHI
1641869,Malachi Smith,BKN
1642449,Tolu Smith,DET
1641890,Tyler Smith,DAL
1631095,Jabari Smith Jr.,HOU
1641733,Nick Smith Jr.,LAL
1631110,Jeremy Sochan,NYK
1642285,Cam Spencer,MEM
1630311,Pat Spencer,GSW
1641815,Isaiah Stevens,SAC
1630191,Isaiah Stewart,DET
1631124,Julian Strawther,DEN
1629622,Max Strus,CLE
1630591,Jalen Suggs,ORL
1630256,Jae'Sean Tate,HOU
1628369,Jayson Tatum,BOS
202066,Garrett Temple,TOR
1631207,Dalen Terry,PHI
1642876,Adou Thiero,LAL
1641708,Amen Thompson,HOU
1641709,Ausar Thompson,DET
1630679,Ethan Thompson,IND
202691,Klay Thompson,DAL
1629680,Matisse Thybulle,POR
1630214,Xavier Tillman,CHA
1631166,Drew Timme,LAL
1641772,Nae'Qwan Tomlin,CLE
1642910,John Tonje,BOS
1642260,Nikola Topić,OKC
1630167,Obi Toppin,IND
1626157,Karl-Anthony Towns,NYK
1642849,Nolan Traore,BKN
1629018,Gary Trent Jr.,MIL
1631131,Oscar Tshiebwe,UTA
1626167,Myles Turner,MIL
1642281,Jaylon Tyson,CLE
202685,Jonas Valanciunas,DEN
1629020,Jarred Vanderbilt,LAL
1630170,Devin Vassell,SAS
1629216,Gabe Vincent,ATL
1641774,Tristan Vukcevic,WAS
202696,Nikola Vučević,BOS
1629731,Dean Wade,CLE
1630532,Franz Wagner,ORL
1629021,Moritz Wagner,ORL
1631133,Jabari Walker,PHI
1641716,Jarace Walker,IND
1641717,Cason Wallace,OKC
1630811,Keaton Wallace,ATL
1641775,Jordan Walsh,BOS
1642266,Ja'Kobe Walter,TOR
1642276,Kel'el Ware,MIA
1629023,P.J. Washington,DAL
1631102,TyTy Washington Jr.,LAC
1630322,Lindy Waters III,SAS
1630570,Trendon Watford,PHI
1642364,Jamir Watkins,WAS
1631212,Peyton Watson,DEN
1642377,Jaylen Wells,MEM
1641705,Victor Wembanyama,SAS
1631104,Blake Wesley,POR
201566,Russell Westbrook,SAC
1629632,Coby White,CHA
1628401,Derrick White,BOS
1641715,Cam Whitmore,WAS
1630598,Aaron Wiggins,OKC
203952,Andrew Wiggins,MIA
1642873,Amari Williams,BOS
1630314,Brandon Williams,DAL
1642262,Cody Williams,UTA
1629684,Grant Williams,CHA
1631114,Jalen Williams,OKC
1631119,Jaylin Williams,OKC
1629026,Kenrich Williams,OKC
1631109,Mark Williams,PHX
1631466,Nate Williams,GSW
1630172,Patrick Williams,CHI
1630533,Ziaire Williams,BKN
1629057,Robert Williams III,POR
1629627,Zion Williamson,NOP
1630592,Jalen Wilson,BKN
1642874,Danny Wolf,BKN
1627824,Guerschon Yabusele,CHI
1642905,Yang Hansen,POR
1642443,Jahmir Young,MIA
1629027,Trae Young,WAS
1642959,Chris Youngblood,POR
1642911,Rocco Zikarsky,MIN
1627826,Ivica Zubac,IND
1641783,Tristan da Silva,ORL
