Player,Age,Tm,Pos,G,GS,MP,PER,TS%,3PAr,FTr,ORB%,DRB%,TRB%,AST%,STL%,BLK%,TOV%,USG%,OWS,DWS,WS,WS/48,OBPM,DBPM,BPM,VORP,Awards
Amen Thompson,23,HOU,PG,69,69,2564,18.5,.586,.117,.370,8.9,14.4,11.7,20.2,2.0,1.5,13.9,20.2,5.1,3.2,8.3,.155,1.4,0.9,2.2,2.7,
Kevin Durant,37,HOU,SF,68,68,2480,20.9,.639,.325,.330,1.7,14.8,8.3,19.5,1.1,2.2,13.6,27.1,6.2,2.7,8.9,.172,4.0,0.0,4.1,3.8,AS
Desmond Bane,27,ORL,SG,72,72,2463,17.0,.606,.349,.269,3.9,9.9,6.9,19.3,1.5,1.1,10.6,23.3,4.5,2.2,6.6,.129,1.6,-0.3,1.3,2.0,
Mikal Bridges,29,NYK,SF,73,73,2437,15.4,.582,.435,.098,3.3,10.2,6.7,16.4,2.0,2.5,7.5,17.4,4.3,3.2,7.4,.146,1.4,1.5,2.9,3.0,
Toumani Camara,25,POR,PF,73,73,2427,10.8,.571,.664,.165,5.1,12.0,8.5,10.7,1.5,1.1,14.0,16.2,1.5,2.1,3.5,.070,-1.3,-0.3,-1.6,0.3,
Jamal Murray,28,DEN,PG,68,68,2381,21.6,.613,.402,.292,1.4,12.1,7.0,31.8,1.3,0.9,10.0,28.2,6.7,1.5,8.2,.165,5.2,-1.4,3.8,3.5,AS
Julius Randle,31,MIN,PF,72,72,2375,18.8,.587,.289,.409,5.7,16.8,11.4,23.3,1.6,0.6,13.1,26.4,4.3,2.8,7.1,.143,1.5,0.0,1.5,2.1,
Jabari Smith Jr.,22,HOU,PF,67,67,2347,13.6,.569,.495,.217,4.6,16.7,10.7,7.4,1.1,2.4,8.7,17.9,3.0,2.7,5.8,.118,-0.5,-0.1,-0.6,0.8,
Scottie Barnes,24,TOR,PF,69,69,2346,19.0,.577,.207,.262,6.6,19.5,13.0,24.1,2.0,4.3,14.1,23.6,2.7,3.8,6.5,.134,1.5,2.1,3.6,3.3,AS
Jalen Brunson,29,NYK,PG,67,67,2339,20.1,.581,.363,.292,1.4,9.4,5.3,30.4,1.1,0.3,9.4,30.4,5.9,2.1,8.0,.165,4.0,-1.0,3.0,2.9,AS
Tyrese Maxey,25,PHI,PG,61,61,2334,22.5,.589,.406,.279,0.8,11.2,5.9,29.5,2.6,2.0,9.0,29.8,5.5,2.5,7.9,.163,5.3,0.6,5.9,4.6,AS
Derrick White,31,BOS,SG,68,68,2331,16.9,.530,.575,.186,3.6,10.7,7.2,23.0,1.8,4.1,9.9,22.9,3.3,3.2,6.5,.134,2.6,1.1,3.7,3.4,
Brandon Ingram,28,TOR,SF,68,68,2314,16.0,.568,.279,.272,2.6,16.1,9.3,16.9,1.1,2.1,11.7,27.1,1.0,2.6,3.6,.075,0.8,-0.6,0.1,1.3,AS
Nickeil Alexander-Walker,27,ATL,SG,69,62,2276,16.0,.600,.524,.261,2.1,9.2,5.6,16.0,1.8,1.4,11.0,24.1,2.7,2.3,4.9,.104,1.1,-0.6,0.5,1.4,
VJ Edgecombe,20,PHI,SG,65,65,2276,13.7,.535,.414,.178,5.1,12.9,8.9,16.7,2.0,1.5,10.9,20.3,1.4,2.1,3.6,.075,-0.5,-0.2,-0.8,0.7,
Trey Murphy III,25,NOP,SF,64,64,2272,18.6,.614,.541,.234,3.0,14.5,8.7,16.3,2.1,0.9,9.3,22.9,4.5,1.6,6.1,.130,3.1,-0.6,2.5,2.6,
DeMar DeRozan,36,SAC,PF,72,72,2268,17.5,.593,.150,.437,1.5,9.1,5.2,19.7,1.7,0.9,7.6,22.5,4.7,0.4,5.1,.108,0.7,-0.9,-0.3,1.0,
Dyson Daniels,22,ATL,SG,68,68,2246,15.3,.539,.146,.157,7.4,14.4,10.8,24.2,2.7,1.1,14.0,16.0,2.5,3.1,5.6,.120,-0.8,1.6,0.8,1.6,
Payton Pritchard,28,BOS,PG,69,49,2243,16.7,.572,.519,.128,2.9,10.6,6.8,23.9,1.2,0.4,8.5,21.2,5.0,2.2,7.2,.153,2.1,-0.3,1.8,2.1,
Kon Knueppel,20,CHO,SF,71,70,2231,17.9,.650,.597,.219,4.3,14.3,9.4,16.9,1.1,0.7,11.9,22.3,5.5,2.1,7.6,.164,3.7,-0.3,3.3,3.0,
Jaden McDaniels,25,MIN,PF,70,70,2225,13.9,.616,.314,.226,3.8,10.8,7.4,12.4,1.7,2.6,13.3,18.2,2.6,2.6,5.2,.111,-0.9,0.6,-0.3,1.0,
Donte DiVincenzo,29,MIN,SG,72,72,2221,12.9,.573,.763,.127,3.3,12.1,7.8,17.5,2.1,1.1,12.2,16.6,2.4,2.6,5.0,.109,0.1,0.8,0.9,1.7,
Jalen Johnson,24,ATL,SF,63,63,2219,20.9,.583,.271,.316,4.4,27.8,15.9,34.4,1.8,1.2,14.7,27.1,3.4,3.4,6.8,.146,3.0,1.4,4.4,3.6,AS
Ryan Rollins,23,MIL,PG,69,62,2218,16.0,.580,.438,.150,2.6,13.5,8.1,26.9,2.3,1.3,15.4,23.7,1.5,1.8,3.3,.071,0.4,-0.4,0.0,1.1,
Jaylen Brown,29,BOS,SF,64,64,2189,22.3,.572,.261,.339,3.7,18.5,11.2,26.4,1.5,1.2,12.5,36.1,3.3,3.0,6.3,.139,3.7,-0.1,3.7,3.1,AS
Immanuel Quickley,26,TOR,PG,67,67,2174,16.7,.579,.525,.234,1.8,12.5,7.1,26.6,2.0,0.2,9.4,21.2,3.9,2.4,6.3,.139,1.9,0.4,2.3,2.3,
Rudy Gobert,33,MIN,C,69,69,2172,17.8,.674,.009,.661,14.0,25.7,20.0,7.4,1.2,4.5,14.3,12.8,4.6,3.6,8.2,.182,0.3,0.9,1.1,1.7,
Paolo Banchero,23,ORL,PF,62,62,2170,18.2,.571,.244,.506,3.6,23.2,13.3,22.8,0.9,1.6,13.2,27.8,2.0,2.5,4.5,.100,1.7,-0.1,1.7,2.0,
James Harden,36,2TM,PG,62,62,2170,21.2,.611,.507,.470,2.1,13.8,8.1,35.4,1.6,1.1,15.3,29.3,5.2,1.8,7.0,.154,4.9,-0.8,4.1,3.3,
James Harden,36,LAC,PG,44,44,1559,21.8,.598,.505,.485,2.1,13.5,7.9,36.5,1.8,1.0,14.8,31.3,3.5,1.3,4.8,.147,4.8,-1.0,3.8,2.3,
James Harden,36,CLE,PG,18,18,611,19.7,.655,.514,.424,2.0,14.7,8.3,32.6,1.1,1.4,17.1,24.1,1.6,0.6,2.2,.171,5.0,-0.2,4.8,1.1,
Luka Dončić,26,LAL,PG,60,60,2153,27.9,.613,.478,.449,2.1,23.0,12.8,40.6,2.2,1.4,12.7,38.0,6.3,2.7,9.0,.200,8.0,1.3,9.3,6.2,AS
Donovan Mitchell,29,CLE,SG,63,63,2116,23.2,.611,.448,.307,2.3,12.3,7.3,28.4,2.2,0.8,10.9,32.5,5.4,2.3,7.6,.173,5.4,-0.2,5.2,3.9,AS
Karl-Anthony Towns,30,NYK,C,68,68,2110,21.8,.614,.305,.407,11.1,31.8,21.4,13.7,1.4,1.8,13.1,26.0,4.9,3.7,8.6,.195,2.4,0.4,2.8,2.6,AS
Miles Bridges,27,CHO,PF,67,67,2107,15.5,.562,.436,.245,3.4,17.2,10.5,15.9,1.0,1.3,8.8,22.5,3.1,2.2,5.3,.121,0.9,-0.3,0.6,1.4,
Cade Cunningham,24,DET,PG,61,61,2096,22.0,.567,.308,.330,2.8,15.1,9.0,44.9,2.1,2.5,14.6,30.6,4.3,3.5,7.8,.178,4.9,1.5,6.5,4.5,AS
Collin Gillespie,26,PHO,PG,72,53,2080,16.1,.592,.680,.109,4.0,12.2,8.0,23.8,2.2,0.6,12.4,18.9,3.8,2.2,6.0,.139,2.5,0.6,3.1,2.7,
Alperen Şengün,23,HOU,C,62,62,2077,21.1,.564,.112,.342,10.0,19.7,14.9,29.1,1.9,2.8,15.5,26.9,3.3,3.1,6.4,.147,2.5,1.3,3.8,3.0,AS
Anthony Edwards,24,MIN,SG,58,58,2061,22.3,.621,.418,.359,1.9,13.6,7.9,17.4,1.9,2.0,10.7,31.6,4.2,2.6,6.7,.157,5.0,-0.1,4.9,3.6,AS
Saddiq Bey,26,NOP,SF,66,58,2051,17.3,.579,.430,.310,5.9,14.0,9.9,12.3,1.4,0.2,5.8,21.5,4.2,1.0,5.2,.122,2.3,-1.8,0.5,1.3,
Naji Marshall,28,DAL,SF,69,42,2046,15.7,.601,.262,.365,3.4,13.5,8.6,16.4,1.6,0.2,11.5,20.4,2.6,1.7,4.3,.102,-0.5,0.0,-0.4,0.8,
Onyeka Okongwu,25,ATL,C,66,55,2045,16.2,.592,.441,.229,6.4,20.8,13.5,14.6,1.7,3.2,11.8,19.9,2.4,3.0,5.3,.125,0.0,0.8,0.8,1.4,
Matas Buzelis,21,CHI,PF,70,70,2039,15.1,.592,.510,.249,3.9,16.5,10.3,10.3,1.2,4.5,12.7,22.6,0.7,2.0,2.7,.063,-0.4,-0.3,-0.7,0.6,
Brandin Podziemski,22,GSW,SG,72,33,2037,14.1,.563,.474,.257,3.7,17.0,10.2,19.3,1.9,0.6,12.3,19.6,1.9,2.2,4.0,.095,-0.3,0.0,-0.2,0.9,
Royce O'Neale,32,PHO,SF,70,65,2035,11.6,.593,.830,.055,2.8,16.2,9.3,13.2,1.9,1.4,14.1,14.4,1.6,2.5,4.1,.096,-0.3,0.9,0.6,1.3,
Cooper Flagg,19,DAL,SF,60,60,2028,17.2,.548,.207,.282,3.9,16.7,10.4,21.5,1.6,2.3,11.5,26.0,0.9,2.2,3.1,.074,0.6,0.4,1.0,1.5,
Bam Adebayo,28,MIA,C,63,63,2022,18.6,.552,.341,.364,6.7,24.9,15.7,13.2,1.7,1.9,8.4,25.4,2.2,3.2,5.5,.130,1.5,0.5,1.9,2.0,
Wendell Carter Jr.,26,ORL,C,68,68,2012,14.5,.616,.370,.354,7.9,20.4,14.1,10.1,1.3,1.9,11.2,15.6,3.2,2.4,5.6,.135,-0.7,0.5,-0.2,0.9,
Shai Gilgeous-Alexander,27,OKC,PG,60,60,2003,31.3,.666,.223,.455,1.8,12.2,7.2,35.2,2.1,2.4,8.4,33.4,10.0,3.8,13.8,.331,8.9,3.1,12.0,7.0,AS
Julian Champagnie,24,SAS,SF,72,58,1998,12.9,.612,.754,.211,3.6,18.2,11.1,7.0,1.3,1.4,9.1,15.1,2.4,2.9,5.3,.128,0.4,0.8,1.2,1.6,
CJ McCollum,34,2TM,PG,67,51,1985,15.8,.568,.444,.218,2.9,9.5,6.1,19.4,1.2,1.3,9.8,25.7,1.7,0.7,2.4,.059,1.3,-2.0,-0.7,0.6,
CJ McCollum,34,WAS,SG,35,35,1082,15.3,.573,.461,.193,2.2,10.1,6.1,18.2,1.1,0.7,9.2,24.4,1.1,-0.1,1.0,.045,1.2,-2.7,-1.5,0.1,
CJ McCollum,34,ATL,PG,32,16,903,16.5,.561,.424,.247,3.7,8.8,6.2,20.8,1.5,1.9,10.6,27.1,0.6,0.8,1.4,.076,1.3,-1.1,0.2,0.5,
Kris Dunn,31,LAC,PG,72,63,1983,11.7,.589,.442,.177,3.2,10.6,7.0,18.1,2.9,0.5,17.2,12.7,1.8,1.9,3.7,.089,-2.1,1.3,-0.8,0.6,
Nikola Jokić,30,DEN,C,57,57,1983,32.6,.675,.268,.430,9.9,30.1,20.5,51.3,2.0,2.2,15.7,30.7,10.1,3.0,13.1,.316,10.2,4.2,14.4,8.2,AS
Max Christie,22,DAL,SG,67,58,1974,11.3,.608,.604,.179,0.8,11.0,6.0,9.5,1.0,0.9,11.1,16.6,1.3,1.3,2.6,.063,-0.8,-0.5,-1.4,0.3,
De'Aaron Fox,28,SAS,PG,63,63,1971,17.8,.581,.377,.245,2.1,10.6,6.5,30.0,1.8,0.8,12.4,25.0,3.2,2.6,5.7,.140,1.8,0.5,2.3,2.2,AS
Bub Carrington,20,WAS,PG,71,37,1967,9.6,.547,.572,.161,1.7,12.3,6.9,22.5,1.1,0.7,19.5,17.4,-0.3,0.0,-0.3,-0.008,-2.4,-2.2,-4.6,-1.3,
Quentin Grimes,25,PHI,SG,65,18,1956,13.2,.589,.519,.330,2.3,11.4,6.7,16.3,1.4,1.1,13.8,19.2,1.8,1.4,3.2,.079,-0.7,-0.7,-1.4,0.3,
OG Anunoby,28,NYK,PF,59,59,1955,15.8,.616,.482,.278,4.4,13.0,8.7,9.4,2.5,2.1,12.4,20.0,2.5,2.9,5.4,.133,0.7,1.2,1.9,1.9,
Tim Hardaway Jr.,33,DEN,SG,72,5,1939,13.7,.625,.697,.251,0.9,9.7,5.5,7.0,0.9,0.4,4.9,18.8,3.2,0.9,4.0,.100,1.4,-2.0,-0.6,0.7,
Devin Booker,29,PHO,SG,57,57,1911,19.7,.577,.308,.430,2.4,10.8,6.5,29.7,1.2,0.9,12.7,32.1,3.6,1.5,5.2,.130,2.7,-1.1,1.6,1.7,AS
Pascal Siakam,31,IND,PF,57,57,1907,18.9,.563,.257,.335,4.6,17.2,10.7,20.2,1.6,1.1,9.2,29.8,1.3,1.3,2.6,.067,2.1,-1.0,1.1,1.5,AS
Duncan Robinson,31,DET,SF,69,69,1904,11.9,.615,.776,.154,1.6,9.0,5.3,9.8,1.0,1.2,6.7,15.5,3.1,2.1,5.2,.131,0.5,-0.1,0.4,1.2,
A.J. Green,26,MIL,SG,67,60,1904,8.7,.616,.904,.092,1.1,8.7,4.9,8.7,0.8,0.3,10.0,13.5,1.4,0.4,1.7,.044,-2.0,-1.7,-3.7,-0.8,
Deni Avdija,25,POR,SF,57,57,1892,20.2,.598,.379,.573,3.8,19.0,11.3,32.1,1.1,1.6,16.0,29.3,3.8,1.9,5.7,.145,3.8,0.3,4.1,2.9,AS
Reed Sheppard,21,HOU,SG,71,13,1867,15.3,.560,.599,.099,1.4,10.3,5.9,18.8,2.8,2.4,11.7,21.9,2.1,2.6,4.7,.121,0.9,1.3,2.2,2.0,
Cason Wallace,22,OKC,SG,69,56,1863,12.0,.528,.481,.117,3.5,8.7,6.2,13.2,3.6,1.3,11.1,14.5,0.7,3.9,4.6,.119,-2.3,3.3,1.0,1.4,
Donovan Clingan,21,POR,C,68,68,1855,21.1,.606,.356,.311,17.7,28.8,23.1,11.7,0.9,5.4,10.7,17.0,4.7,2.9,7.5,.195,2.6,0.4,3.0,2.4,
Russell Westbrook,37,SAC,SF,64,58,1853,15.1,.528,.452,.218,4.7,16.6,10.4,34.5,2.2,0.6,18.5,25.9,-0.7,0.9,0.3,.008,0.6,-1.1,-0.5,0.7,
Jaime Jaquez Jr.,24,MIA,SF,65,1,1849,15.2,.560,.180,.260,4.6,13.9,9.2,24.2,1.3,0.9,13.4,21.9,1.6,2.0,3.6,.094,-0.2,0.3,0.1,1.0,
Evan Mobley,24,CLE,PF,57,55,1848,19.9,.593,.261,.345,8.2,22.0,15.1,16.6,1.2,5.4,11.0,22.4,3.1,2.7,5.8,.150,1.8,1.3,3.1,2.4,
Anthony Black,22,ORL,PG,60,40,1841,13.9,.552,.385,.292,2.6,11.5,7.0,18.6,2.3,2.0,13.1,22.0,0.4,2.2,2.6,.068,-1.0,0.6,-0.5,0.7,
Jarace Walker,22,IND,PF,71,36,1832,11.5,.543,.483,.253,2.7,19.5,10.8,13.8,1.5,1.1,14.4,20.5,-0.9,1.3,0.4,.012,-1.9,-0.9,-2.8,-0.4,
Jaylen Wells,22,MEM,SG,69,69,1821,11.5,.559,.523,.245,3.6,9.5,6.5,8.7,1.6,0.5,8.7,19.3,1.0,0.9,1.9,.051,-1.8,-1.3,-3.1,-0.5,
Chet Holmgren,23,OKC,PF,62,62,1816,21.4,.649,.308,.363,7.3,25.1,16.6,8.7,0.9,6.4,10.4,21.9,4.0,4.2,8.2,.217,2.3,1.7,4.0,2.7,AS
Jeremiah Fears,19,NOP,PG,73,44,1812,12.8,.518,.297,.218,3.0,12.7,7.8,19.3,2.2,1.3,15.0,25.0,-1.3,1.3,0.0,.000,-2.1,-1.3,-3.4,-0.6,
Nic Claxton,26,BRK,C,64,63,1807,17.7,.588,.031,.403,9.9,19.5,14.5,21.9,1.2,3.8,12.0,17.6,3.2,1.5,4.7,.124,0.4,0.6,1.1,1.4,
Kawhi Leonard,34,LAC,SF,56,56,1803,28.4,.632,.355,.344,3.8,18.5,11.4,21.3,3.1,1.3,8.6,33.8,5.8,2.4,8.2,.217,7.5,0.8,8.3,4.7,AS
Bruce Brown,29,DEN,SG,73,2,1796,10.5,.556,.280,.243,5.2,12.2,8.9,11.3,2.0,0.9,13.8,14.2,0.9,1.5,2.5,.066,-2.6,0.0,-2.5,-0.3,
Naz Reid,26,MIN,C,69,2,1795,16.0,.580,.525,.144,5.0,20.8,13.1,13.0,1.8,3.3,12.0,21.7,1.4,2.8,4.2,.111,0.4,1.0,1.4,1.6,
Myles Turner,29,MIL,C,66,66,1789,13.9,.586,.597,.273,4.4,17.3,10.9,7.7,1.3,5.6,10.8,18.6,1.1,1.7,2.8,.074,-0.9,-0.1,-1.0,0.4,
Keyonte George,22,UTA,PG,54,54,1786,18.7,.609,.410,.429,1.4,10.9,6.1,29.0,1.5,0.8,13.7,28.0,3.3,0.2,3.4,.093,3.0,-2.1,0.9,1.3,
Andrew Wiggins,30,MIA,SF,58,58,1785,15.3,.580,.393,.188,5.8,11.1,8.5,12.6,1.7,3.0,10.3,20.0,1.8,2.2,4.0,.108,0.8,0.7,1.4,1.5,
Stephon Castle,21,SAS,PG,60,59,1781,17.1,.569,.297,.474,5.1,13.0,9.2,33.8,2.0,0.9,17.7,25.1,2.2,2.6,4.8,.130,0.7,0.9,1.6,1.6,
Jake LaRavia,24,LAL,PF,72,34,1775,12.2,.571,.471,.297,7.1,11.0,9.1,9.7,2.3,1.6,11.9,14.9,1.7,1.7,3.4,.092,-1.4,0.2,-1.1,0.4,
Harrison Barnes,33,SAS,PF,67,52,1767,11.8,.603,.623,.213,3.5,8.2,6.0,10.0,1.2,0.6,9.1,14.9,2.3,1.9,4.2,.114,-0.1,0.1,0.0,0.9,
Derik Queen,21,NOP,C,72,45,1765,16.0,.553,.118,.364,6.9,23.2,15.0,21.9,1.9,3.5,18.2,21.4,0.6,2.0,2.6,.071,-1.3,0.8,-0.5,0.7,
Devin Vassell,25,SAS,SG,57,55,1745,12.9,.575,.572,.177,1.8,11.2,6.6,11.1,1.3,1.1,7.0,18.2,1.9,2.1,4.0,.111,0.1,0.2,0.4,1.0,
Josh Hart,30,NYK,SF,58,44,1744,16.1,.606,.401,.217,5.5,22.6,14.0,22.6,1.8,1.0,16.1,16.9,2.9,2.7,5.6,.153,1.1,2.1,3.2,2.3,
Nikola Vučević,35,2TM,C,60,49,1740,18.1,.577,.331,.118,7.5,24.1,15.9,17.8,1.0,2.1,9.0,21.6,2.6,1.8,4.4,.122,1.6,0.1,1.6,1.6,
Nikola Vučević,35,CHI,C,48,48,1480,18.3,.585,.330,.112,7.3,23.5,15.5,18.8,1.0,1.8,9.1,21.6,2.3,1.4,3.7,.119,1.9,-0.1,1.8,1.4,
Nikola Vučević,35,BOS,C,12,1,260,17.0,.532,.336,.155,8.5,27.3,18.0,12.4,1.0,3.5,8.6,21.4,0.3,0.4,0.8,.139,-0.4,1.0,0.6,0.2,
Deandre Ayton,27,LAL,C,63,63,1738,17.9,.675,.000,.224,11.4,23.6,17.7,4.6,1.0,3.0,11.9,16.5,3.4,1.9,5.3,.145,-0.1,-0.9,-1.0,0.4,
Jaylon Tyson,23,CLE,SG,64,40,1727,14.8,.614,.448,.158,7.4,13.5,10.4,11.5,1.4,1.4,12.1,18.9,2.4,1.6,4.1,.114,0.7,-0.5,0.2,0.9,
Davion Mitchell,27,MIA,PG,61,61,1727,12.1,.574,.418,.125,1.5,8.1,4.8,29.9,1.7,0.5,16.1,13.4,2.3,1.7,3.9,.110,-1.4,0.8,-0.6,0.6,
Marcus Smart,31,LAL,SG,60,53,1725,9.9,.547,.616,.269,2.5,8.5,5.6,12.7,2.4,1.2,14.4,15.3,0.5,1.5,1.9,.054,-2.8,0.5,-2.4,-0.2,
Kyle Kuzma,30,MIL,PF,65,40,1715,14.1,.581,.349,.280,3.6,15.7,9.7,14.7,1.2,1.5,12.7,21.6,1.0,1.0,2.0,.056,-1.0,-1.3,-2.3,-0.2,
LeBron James,41,LAL,SF,51,51,1708,20.2,.592,.272,.325,2.9,17.4,10.3,32.3,1.7,1.7,14.6,27.0,2.7,1.6,4.3,.121,3.0,0.0,3.1,2.2,AS
LaMelo Ball,24,CHO,PG,62,59,1706,19.7,.542,.577,.142,3.7,15.8,9.9,43.1,2.2,0.8,13.3,32.1,2.9,2.2,5.1,.142,4.5,-0.1,4.4,2.8,
Ace Bailey,19,UTA,SF,63,52,1705,12.2,.545,.455,.105,6.0,10.6,8.2,9.8,1.5,2.3,10.0,20.9,0.3,0.3,0.6,.016,-1.3,-2.4,-3.7,-0.7,
Noah Clowney,21,BRK,PF,62,56,1695,11.3,.556,.624,.356,3.4,14.7,8.8,9.6,1.3,2.2,12.1,20.3,0.1,1.0,1.2,.033,-2.0,-1.3,-3.3,-0.6,
Jalen Duren,22,DET,C,61,61,1692,26.1,.677,.000,.518,15.5,26.7,21.2,9.6,1.5,2.9,10.7,23.7,6.0,3.3,9.3,.264,4.4,0.3,4.7,2.9,AS
Michael Porter Jr.,27,BRK,SF,52,52,1689,19.9,.595,.506,.237,4.5,21.5,12.6,18.2,1.6,0.7,10.3,30.4,1.8,1.3,3.1,.088,4.3,-1.3,3.0,2.1,
Ayo Dosunmu,26,2TM,SG,63,14,1685,16.4,.632,.384,.193,2.7,10.1,6.5,19.7,1.4,0.8,10.3,20.1,3.3,1.1,4.4,.125,1.3,-0.4,0.8,1.2,
Ayo Dosunmu,26,CHI,SG,45,10,1187,17.1,.636,.397,.216,3.0,9.1,6.1,20.7,1.3,0.9,10.3,21.0,2.4,0.6,3.1,.123,1.7,-0.9,0.8,0.8,
Ayo Dosunmu,26,MIN,SG,18,4,498,14.8,.621,.348,.133,2.0,12.5,7.4,17.1,1.4,0.7,10.3,18.1,0.8,0.5,1.3,.130,0.4,0.6,1.0,0.4,
Rui Hachimura,27,LAL,PF,59,35,1684,11.1,.617,.458,.106,2.5,10.4,6.6,4.1,0.9,1.0,6.7,14.8,1.7,0.9,2.6,.073,-0.9,-1.5,-2.4,-0.2,
Andrew Nembhard,26,IND,PG,54,54,1684,15.8,.565,.385,.312,1.5,8.7,5.0,36.5,1.4,0.4,13.8,23.9,1.9,0.6,2.5,.072,1.1,-2.1,-0.9,0.5,
Neemias Queta,26,BOS,C,67,66,1682,19.6,.659,.014,.353,13.2,22.9,18.1,8.6,1.7,5.0,12.4,14.7,4.2,3.2,7.3,.210,0.3,1.8,2.1,1.8,
Maxime Raynaud,22,SAC,C,65,47,1675,15.6,.611,.102,.220,8.0,23.9,15.7,7.4,0.9,2.0,11.1,18.1,2.0,0.8,2.8,.081,-1.3,-1.6,-2.9,-0.4,
Keldon Johnson,26,SAS,SF,72,0,1670,17.4,.625,.337,.235,7.7,17.2,12.6,8.4,1.1,0.5,7.7,20.4,3.5,2.2,5.7,.164,1.4,-0.2,1.2,1.3,
Zion Williamson,25,NOP,PF,56,49,1669,23.1,.643,.005,.569,7.5,13.4,10.4,18.1,1.6,1.8,10.9,26.2,4.7,1.0,5.7,.165,3.7,-0.5,3.1,2.2,
Victor Wembanyama,22,SAS,C,57,48,1667,28.4,.620,.335,.416,7.2,33.1,20.5,16.7,1.7,9.2,11.3,31.9,3.8,4.4,8.2,.236,5.7,4.0,9.6,4.9,AS
Sam Hauser,28,BOS,PF,68,40,1665,11.7,.571,.850,.027,3.4,13.6,8.6,8.0,1.1,1.3,5.7,14.7,2.2,1.9,4.0,.117,0.2,0.1,0.3,0.9,
Moussa Diabaté,24,CHO,C,64,38,1660,17.6,.652,.006,.488,16.7,21.3,19.0,10.0,1.4,3.6,13.8,11.8,4.2,2.4,6.6,.190,0.5,1.0,1.5,1.5,
Brandon Miller,23,CHO,SF,55,55,1654,16.7,.570,.501,.215,4.0,14.4,9.3,18.9,1.8,2.3,13.5,28.9,1.3,2.0,3.4,.098,1.4,-0.1,1.3,1.4,
Sion James,23,CHO,SG,72,19,1652,8.2,.549,.622,.295,2.9,13.8,8.5,11.0,1.3,1.1,14.4,10.6,1.1,1.6,2.7,.080,-3.0,0.9,-2.1,0.0,
Tristan Da Silva,24,ORL,SF,67,30,1650,12.2,.574,.528,.125,3.3,13.8,8.5,8.8,1.8,1.3,8.7,16.2,1.1,1.8,2.9,.085,-0.6,0.2,-0.4,0.7,
P.J. Washington,27,DAL,PF,53,50,1648,13.2,.534,.352,.287,5.2,18.3,11.9,8.5,1.6,3.0,11.4,20.3,-0.3,2.0,1.6,.047,-1.7,0.2,-1.5,0.2,
Jerami Grant,31,POR,PF,55,36,1642,15.3,.607,.476,.439,3.3,9.4,6.3,11.4,1.2,1.8,12.0,23.6,2.5,1.2,3.7,.109,0.9,-1.0,-0.1,0.8,
Luguentz Dort,26,OKC,SF,59,59,1634,7.6,.507,.708,.121,3.4,10.9,7.3,5.8,1.4,1.4,8.8,14.1,-0.3,2.7,2.4,.070,-3.3,0.6,-2.7,-0.3,
John Collins,28,LAC,PF,59,49,1625,16.2,.648,.345,.237,6.5,15.6,11.2,5.6,1.5,2.7,11.5,19.3,2.4,1.5,3.9,.116,0.1,-0.4,-0.4,0.7,
Bobby Portis,30,MIL,PF,67,9,1619,17.2,.587,.395,.091,6.3,23.3,14.9,10.4,1.2,0.7,7.8,23.1,1.6,1.3,2.9,.086,1.5,-1.6,-0.1,0.8,
Draymond Green,35,GSW,PF,59,59,1611,10.1,.533,.623,.156,3.3,19.7,11.3,26.4,1.5,1.9,25.3,16.6,-0.6,1.9,1.3,.038,-2.6,0.9,-1.7,0.1,
Kyle Filipowski,22,UTA,C,70,34,1606,15.3,.581,.350,.352,8.7,24.6,16.5,15.0,2.0,2.2,15.6,19.3,1.3,1.2,2.5,.074,-1.1,-0.5,-1.6,0.2,
Oso Ighodaro,23,PHO,PF,73,19,1603,13.6,.634,.003,.318,8.1,17.1,12.5,13.9,2.2,2.8,19.6,12.2,1.8,2.2,4.0,.120,-2.3,2.2,-0.1,0.8,
Nique Clifford,23,SAC,SG,67,21,1600,8.8,.496,.397,.160,4.0,12.9,8.3,12.3,1.9,1.2,14.7,16.3,-1.0,0.6,-0.4,-0.012,-3.9,-0.9,-4.8,-1.1,
Ausar Thompson,23,DET,SF,62,61,1596,15.7,.530,.046,.337,9.2,15.8,12.5,15.5,3.6,3.4,13.7,17.4,1.0,3.4,4.4,.133,-0.9,3.2,2.3,1.7,
Cam Spencer,25,MEM,SG,67,17,1595,17.1,.646,.589,.242,2.5,9.3,5.9,32.0,1.4,0.6,12.9,17.4,4.4,0.8,5.1,.154,2.9,-0.7,2.2,1.7,
Norman Powell,32,MIA,SG,53,50,1594,17.7,.609,.454,.355,1.3,11.1,6.2,13.1,1.8,0.7,9.9,27.4,2.2,1.8,3.9,.118,2.0,-0.1,1.9,1.6,AS
Austin Reaves,27,LAL,SG,46,40,1593,20.6,.643,.428,.475,2.3,13.4,8.0,24.2,1.5,1.1,13.6,26.7,4.0,1.2,5.3,.158,3.7,-0.6,3.0,2.0,
Josh Giddey,23,CHI,PG,49,46,1572,18.5,.566,.389,.317,4.1,23.2,13.8,41.4,1.6,1.1,18.8,24.9,1.7,1.6,3.3,.100,2.4,0.5,3.0,2.0,
Pelle Larsson,24,MIA,SG,61,48,1571,13.0,.602,.351,.402,3.7,9.7,6.7,17.2,1.2,0.8,12.8,16.4,2.2,1.5,3.7,.112,-1.1,0.2,-0.9,0.5,
Jamal Shead,23,TOR,PG,71,8,1565,10.4,.483,.530,.225,1.8,8.1,4.9,30.7,2.0,0.7,16.5,15.7,0.5,1.6,2.1,.064,-2.4,0.0,-2.5,-0.2,
Moses Moody,23,GSW,SG,60,49,1540,13.5,.600,.677,.203,3.6,10.9,7.2,9.2,1.8,2.0,8.6,18.2,1.7,1.5,3.2,.099,0.2,-0.3,-0.1,0.7,
Dillon Brooks,30,PHO,SF,50,50,1530,14.8,.547,.392,.216,2.7,10.8,6.6,9.7,1.7,0.5,8.5,29.0,0.7,1.4,2.1,.064,-0.7,-1.3,-2.0,0.0,
Brice Sensabaugh,22,UTA,SF,67,15,1528,14.1,.582,.523,.230,3.9,10.8,7.2,11.2,1.5,0.6,11.0,24.6,0.8,0.1,0.9,.030,0.0,-3.1,-3.0,-0.4,
Peyton Watson,23,DEN,SF,50,39,1522,14.4,.598,.339,.327,3.5,14.2,9.1,9.2,1.6,3.5,12.1,20.3,1.0,1.5,2.5,.079,-0.7,-0.4,-1.1,0.3,
Tobias Harris,33,DET,PF,54,54,1521,14.3,.561,.344,.238,3.6,17.0,10.4,11.8,1.5,1.4,8.0,18.7,1.9,2.3,4.2,.134,0.1,0.6,0.8,1.1,
Isaiah Collier,21,UTA,PG,59,19,1517,14.9,.567,.194,.406,1.5,9.4,5.4,39.9,2.1,1.3,19.6,20.5,1.5,0.3,1.8,.057,-0.6,-1.9,-2.5,-0.2,
Sandro Mamukelashvili,26,TOR,C,69,13,1509,17.6,.628,.466,.254,6.9,18.1,12.4,12.4,1.8,2.4,8.6,18.5,3.0,2.1,5.1,.162,1.6,0.6,2.2,1.6,
Dennis Schröder,32,2TM,PG,61,16,1509,12.7,.524,.376,.320,1.9,10.4,6.1,27.4,1.6,0.6,14.8,21.4,0.5,0.6,1.0,.033,-0.9,-1.4,-2.4,-0.1,
Dennis Schröder,32,SAC,PG,40,14,1056,13.6,.531,.393,.315,2.2,10.8,6.4,28.7,1.5,0.5,14.1,22.5,0.4,0.2,0.6,.028,-0.1,-1.9,-1.9,0.0,
Dennis Schröder,32,CLE,PG,21,2,453,10.6,.504,.327,.333,1.0,9.5,5.2,24.6,1.8,0.8,16.8,18.8,0.0,0.4,0.4,.044,-3.0,-0.4,-3.4,-0.1,
Kel'el Ware,21,MIA,C,67,32,1507,19.7,.605,.344,.151,13.6,28.6,21.1,3.6,1.7,4.4,8.6,18.1,2.5,2.9,5.4,.171,1.6,0.1,1.8,1.4,
Jay Huff,27,IND,C,72,42,1494,15.2,.594,.623,.170,4.5,15.8,10.0,9.6,1.2,7.7,9.7,17.9,1.2,1.6,2.7,.088,-0.9,1.1,0.3,0.9,
Precious Achiuwa,26,SAC,C,64,48,1480,15.9,.565,.168,.220,10.2,21.3,15.6,8.0,1.8,2.7,8.3,16.6,1.6,1.0,2.7,.087,-0.6,-0.8,-1.4,0.2,
Isaac Okoro,25,CHI,SG,55,55,1480,9.3,.565,.480,.247,4.5,6.3,5.4,7.8,1.2,1.4,8.5,13.6,1.1,0.6,1.7,.057,-3.2,-1.0,-4.2,-0.8,
Dominick Barlow,22,PHI,PF,61,54,1472,13.3,.595,.218,.318,8.7,13.2,10.9,7.1,1.8,2.7,11.2,13.3,1.8,1.4,3.3,.107,-1.4,0.2,-1.2,0.3,
Tre Jones,26,CHI,PG,54,30,1459,17.8,.627,.213,.365,2.4,9.2,5.8,28.7,2.2,0.6,11.7,18.2,3.6,1.0,4.6,.151,0.6,0.4,1.0,1.1,
Herbert Jones,27,NOP,SF,50,50,1456,9.5,.496,.537,.134,3.3,9.9,6.6,12.9,2.8,1.6,12.4,15.1,-0.2,1.1,0.9,.031,-3.6,0.8,-2.8,-0.3,
Jaren Jackson Jr.,26,2TM,C,48,48,1454,15.8,.576,.327,.282,3.1,17.3,10.1,10.4,1.7,4.4,11.7,26.1,0.2,1.5,1.7,.057,-1.1,0.5,-0.6,0.5,
Jaren Jackson Jr.,26,MEM,C,45,45,1382,15.4,.574,.328,.279,3.2,17.2,10.1,9.8,1.6,4.6,11.7,25.6,0.1,1.5,1.6,.056,-1.2,0.4,-0.8,0.4,
Jaren Jackson Jr.,26,UTA,C,3,3,72,23.4,.598,.306,.327,1.5,18.5,9.8,20.8,3.9,1.4,11.1,36.1,0.1,0.1,0.1,.086,2.4,2.1,4.5,0.1,
Ivica Zubac,28,2TM,C,48,47,1446,18.7,.622,.000,.295,13.4,27.2,20.5,11.4,0.6,2.6,13.6,19.3,2.7,1.5,4.2,.139,0.7,-1.0,-0.3,0.6,
Ivica Zubac,28,LAC,C,43,42,1328,18.9,.635,.000,.308,13.4,27.8,20.8,11.3,0.6,2.6,14.4,19.0,2.6,1.4,4.0,.145,0.9,-0.8,0.1,0.7,
Ivica Zubac,28,IND,C,5,5,118,16.4,.505,.000,.189,12.5,20.9,16.6,12.2,0.8,2.9,6.5,22.1,0.1,0.1,0.2,.063,-1.9,-3.0,-4.9,-0.1,
Lauri Markkanen,28,UTA,PF,42,42,1443,21.3,.608,.402,.333,6.2,15.8,10.9,10.3,1.4,1.4,6.4,28.2,3.3,0.3,3.7,.122,4.7,-2.1,2.6,1.6,
Terance Mann,29,BRK,SG,59,48,1439,10.3,.561,.410,.223,5.2,10.1,7.5,19.1,1.2,0.9,14.7,13.6,1.2,0.5,1.7,.058,-2.6,-0.8,-3.4,-0.5,
Shaedon Sharpe,22,POR,SG,48,42,1439,15.4,.550,.351,.229,3.5,12.5,7.9,15.1,2.2,0.4,13.4,30.3,-0.3,1.4,1.2,.038,-0.3,-1.0,-1.3,0.3,
Cameron Johnson,29,DEN,SF,47,47,1431,12.2,.619,.530,.256,2.9,10.5,6.9,10.2,1.1,1.1,8.1,15.0,2.2,0.8,3.0,.100,-0.2,-0.9,-1.1,0.3,
Jock Landale,30,2TM,C,65,26,1429,16.6,.591,.348,.225,13.1,14.4,13.8,11.0,1.2,2.2,8.9,18.5,2.6,1.1,3.7,.124,0.8,-1.0,-0.2,0.7,
Jock Landale,30,MEM,C,45,25,1060,16.9,.594,.332,.229,14.3,15.6,14.9,10.5,1.1,1.9,9.7,18.6,2.0,0.7,2.7,.122,1.0,-1.2,-0.2,0.5,
Jock Landale,30,ATL,C,20,1,369,15.9,.581,.396,.216,9.8,11.0,10.4,12.5,1.3,3.0,6.7,18.4,0.6,0.4,1.0,.131,0.3,-0.4,-0.1,0.2,
Luke Kennard,29,2TM,SG,68,1,1421,13.2,.706,.597,.139,2.1,9.5,5.8,12.4,1.5,0.5,11.4,13.1,2.7,1.1,3.7,.126,0.1,0.0,0.1,0.8,
Luke Kennard,29,ATL,SG,46,0,944,13.5,.713,.621,.146,2.1,9.3,5.7,13.3,1.6,0.5,11.1,12.7,1.8,0.8,2.7,.136,0.2,0.3,0.5,0.6,
Luke Kennard,29,LAL,SG,22,1,477,12.6,.694,.551,.126,2.0,9.8,6.0,10.7,1.1,0.6,11.8,13.9,0.8,0.2,1.1,.108,0.0,-0.4,-0.5,0.2,
Jordan Goodwin,27,PHO,PG,63,7,1417,14.3,.515,.535,.100,9.3,15.1,12.1,13.7,3.2,0.8,10.3,17.8,1.1,2.1,3.2,.108,0.0,1.3,1.2,1.1,
RJ Barrett,25,TOR,SF,47,47,1410,17.4,.593,.356,.336,3.4,16.7,10.0,17.1,1.2,1.0,9.6,25.4,1.8,1.6,3.4,.116,1.5,-0.7,0.9,1.0,
Jarrett Allen,27,CLE,C,51,51,1405,21.8,.670,.021,.476,10.4,23.4,16.9,10.2,1.7,2.9,10.6,19.5,3.9,2.0,6.0,.204,2.1,0.5,2.6,1.6,
Cedric Coward,22,MEM,SG,54,39,1403,14.8,.579,.425,.255,5.8,20.1,12.9,16.0,1.0,1.5,13.5,21.3,1.1,1.1,2.2,.076,0.0,-0.5,-0.4,0.6,
Kyshawn George,22,WAS,SF,48,48,1391,13.9,.559,.451,.227,3.3,15.7,9.4,22.7,1.6,2.7,16.5,22.9,0.2,0.5,0.7,.025,-0.6,-0.7,-1.2,0.3,
Vít Krejčí,25,2TM,PG,64,8,1387,11.1,.611,.768,.120,2.4,9.3,5.8,9.6,1.6,1.2,8.4,14.6,1.5,1.2,2.8,.096,-1.5,-0.1,-1.6,0.1,
Vít Krejčí,25,ATL,PG,46,8,1028,11.3,.639,.776,.117,2.0,8.3,5.1,8.7,1.7,1.2,8.5,14.3,1.2,1.0,2.1,.100,-1.3,-0.1,-1.4,0.2,
Vít Krejčí,25,POR,PG,18,0,359,10.7,.538,.746,.127,3.5,11.9,7.7,12.5,1.3,1.2,8.1,15.3,0.3,0.3,0.6,.084,-2.0,-0.3,-2.3,0.0,
Isaiah Joe,26,OKC,SG,63,9,1384,14.8,.639,.778,.238,2.5,10.4,6.6,8.9,1.6,0.8,6.9,18.1,2.7,2.2,4.9,.169,1.4,0.5,1.9,1.4,
Spencer Jones,24,DEN,SF,61,36,1377,9.5,.622,.548,.181,6.2,10.1,8.2,4.6,1.8,1.9,9.7,9.8,1.5,1.1,2.6,.090,-2.4,0.0,-2.4,-0.1,
Anfernee Simons,26,2TM,SG,55,5,1372,14.5,.576,.585,.119,2.5,8.1,5.4,14.7,1.0,0.6,9.1,23.6,1.8,1.1,2.9,.102,1.2,-1.4,-0.2,0.6,
Anfernee Simons,26,BOS,SG,49,0,1202,15.1,.579,.579,.127,2.4,8.2,5.4,14.5,1.1,0.5,8.4,23.6,1.9,1.1,3.0,.118,1.5,-1.1,0.5,0.8,
Anfernee Simons,26,CHI,SG,6,5,170,10.3,.554,.625,.063,3.2,7.4,5.3,15.8,0.0,1.0,13.7,23.5,-0.1,0.0,0.0,-0.013,-1.2,-3.7,-5.0,-0.1,
Bennedict Mathurin,23,2TM,SF,44,25,1372,14.5,.576,.367,.458,3.5,16.7,10.0,11.2,1.2,0.7,12.2,25.4,0.7,0.9,1.6,.055,-1.2,-1.6,-2.8,-0.3,
Bennedict Mathurin,23,IND,SF,28,24,891,12.8,.589,.436,.408,2.6,16.2,9.2,10.7,0.9,0.4,13.2,23.2,0.3,0.4,0.7,.037,-1.1,-1.8,-2.9,-0.2,
Bennedict Mathurin,23,LAC,SF,16,1,481,17.7,.557,.260,.537,5.3,17.5,11.5,12.2,1.9,1.4,10.6,29.5,0.4,0.5,0.9,.088,-1.4,-1.2,-2.5,-0.1,
Zaccharie Risacher,20,ATL,SF,58,45,1370,11.7,.554,.478,.164,4.8,13.4,9.1,7.0,1.9,2.2,9.3,17.8,0.3,1.6,1.9,.067,-2.3,-0.3,-2.6,-0.2,
Klay Thompson,35,DAL,SF,62,8,1369,11.6,.547,.726,.064,1.3,9.0,5.2,9.1,1.1,1.1,7.9,22.5,-0.2,0.9,0.7,.024,0.2,-1.5,-1.2,0.3,
Brook Lopez,37,LAC,C,65,30,1358,11.6,.546,.602,.129,2.8,14.5,8.9,8.4,1.4,4.9,10.0,17.0,0.2,1.4,1.6,.056,-1.7,0.3,-1.3,0.2,
Sidy Cissoko,21,POR,SF,66,26,1355,7.3,.521,.593,.261,4.4,7.9,6.1,9.9,1.8,1.6,15.3,12.7,0.1,1.1,1.2,.043,-4.4,0.4,-4.0,-0.7,
Tre Johnson,19,WAS,SG,56,38,1348,11.0,.542,.500,.145,2.2,10.3,6.2,12.3,1.1,1.2,11.9,22.5,-0.4,-0.1,-0.4,-0.015,-1.7,-2.8,-4.5,-0.8,
Ron Holland,20,DET,SF,67,5,1344,12.1,.529,.362,.292,6.4,16.7,11.6,8.4,2.8,1.6,13.8,18.9,0.0,2.5,2.5,.090,-3.2,1.3,-1.9,0.0,
Grayson Allen,30,PHO,SG,45,26,1335,16.7,.572,.682,.243,2.5,8.9,5.6,21.0,2.3,0.9,9.6,24.0,2.3,1.4,3.7,.133,2.4,0.1,2.4,1.5,
Kelly Oubre Jr.,30,PHI,SF,41,36,1330,13.0,.581,.448,.299,3.3,13.3,8.2,7.7,2.0,1.6,10.2,18.3,1.0,1.3,2.2,.081,-1.1,-0.5,-1.6,0.1,
Mark Williams,24,PHO,C,56,52,1322,21.7,.670,.002,.396,14.2,24.2,19.0,6.5,1.9,3.6,10.9,17.5,3.7,2.1,5.8,.212,1.4,0.4,1.8,1.3,
Brandon Williams,26,DAL,PG,60,15,1320,16.7,.569,.254,.461,2.3,11.7,7.1,25.7,2.0,1.2,14.2,25.1,1.0,1.2,2.2,.081,0.1,0.3,0.4,0.8,
Dylan Harper,19,SAS,SG,59,1,1317,15.9,.563,.275,.198,3.5,12.5,8.1,25.1,1.7,1.3,11.9,22.0,1.6,1.8,3.4,.123,0.0,1.0,1.1,1.0,
Bilal Coulibaly,21,WAS,SG,49,49,1315,12.9,.531,.395,.340,3.3,14.5,8.8,13.8,2.5,3.1,12.3,18.9,0.1,0.8,0.9,.033,-2.1,-0.2,-2.3,-0.1,
Egor Dёmin,19,BRK,PG,52,45,1308,11.4,.561,.717,.145,1.8,13.4,7.3,20.7,1.6,1.2,15.3,18.8,0.2,0.7,0.9,.034,-0.8,-0.8,-1.6,0.1,
Collin Sexton,27,2TM,SG,57,16,1302,17.2,.618,.385,.361,2.3,7.4,4.9,23.0,2.1,0.6,15.0,25.8,2.1,1.1,3.3,.121,1.1,-0.4,0.7,0.9,
Collin Sexton,27,CHO,SG,42,12,938,17.6,.619,.350,.372,2.2,7.3,4.8,26.3,1.9,0.7,15.6,25.7,1.9,0.9,2.7,.139,1.6,-0.4,1.2,0.7,
Collin Sexton,27,CHI,SG,15,4,364,16.1,.617,.468,.333,2.7,7.8,5.3,14.3,2.6,0.2,13.7,26.2,0.3,0.3,0.5,.072,-0.1,-0.4,-0.5,0.1,
Kevin Huerter,27,2TM,SF,59,11,1298,13.1,.547,.550,.129,2.6,14.5,8.6,15.8,1.8,2.2,9.5,18.7,0.7,1.3,2.0,.074,-1.2,0.4,-0.8,0.4,
Kevin Huerter,27,CHI,SF,44,11,1037,13.3,.559,.552,.139,2.4,14.8,8.7,16.0,1.6,2.2,10.3,19.3,0.5,0.9,1.4,.063,-1.1,0.1,-1.0,0.3,
Kevin Huerter,27,DET,SG,15,0,261,12.6,.492,.543,.087,3.4,13.1,8.3,14.8,2.6,2.3,5.9,16.1,0.2,0.4,0.6,.116,-1.8,1.7,-0.1,0.1,
Ryan Kalkbrenner,24,CHO,C,59,30,1290,18.1,.752,.019,.400,13.2,16.0,14.6,5.0,1.1,6.1,15.2,12.0,3.1,1.8,4.9,.183,0.6,1.2,1.8,1.2,
Aaron Wiggins,27,OKC,SG,57,19,1289,11.7,.537,.499,.139,3.3,12.0,7.8,10.5,2.0,2.0,12.8,20.0,-0.5,2.4,1.9,.071,-1.6,0.7,-0.9,0.3,
Will Riley,19,WAS,SF,63,12,1285,11.3,.547,.408,.294,4.1,9.3,6.7,11.9,1.4,0.4,12.6,19.2,0.3,-0.1,0.2,.007,-2.1,-2.7,-4.8,-0.9,
Ben Sheppard,24,IND,SG,60,19,1285,9.6,.556,.604,.135,3.4,12.4,7.8,11.3,1.3,0.3,9.2,13.7,0.7,0.5,1.2,.045,-2.5,-0.7,-3.2,-0.4,
Luke Kornet,30,SAS,C,61,23,1284,18.2,.685,.000,.429,14.7,17.1,16.0,11.2,1.0,4.4,8.1,10.5,4.2,2.0,6.2,.232,1.6,1.9,3.6,1.8,
Ajay Mitchell,23,OKC,SG,49,14,1282,17.3,.590,.295,.278,3.1,10.9,7.2,20.1,2.5,1.1,11.3,22.4,1.9,2.4,4.3,.160,0.5,1.6,2.1,1.3,
Alex Sarr,20,WAS,C,47,47,1282,19.7,.546,.226,.223,8.5,20.5,14.4,16.1,1.4,6.4,10.2,25.8,0.8,0.9,1.7,.065,1.1,-0.1,0.9,0.9,
Dean Wade,29,CLE,PF,57,36,1279,10.8,.571,.703,.139,4.4,16.2,10.3,8.4,1.6,1.6,5.2,10.0,1.6,1.4,3.0,.112,-0.9,1.0,0.1,0.7,
Cody Williams,21,UTA,SG,57,31,1278,9.3,.538,.290,.217,4.4,9.3,6.8,9.5,1.4,1.8,11.5,14.4,0.2,0.1,0.4,.013,-3.3,-1.8,-5.1,-1.0,
Khris Middleton,34,2TM,SF,54,44,1278,11.6,.538,.341,.258,4.0,13.1,8.5,17.6,1.5,0.6,14.8,20.6,0.0,0.5,0.5,.019,-2.5,-1.4,-3.9,-0.6,
Khris Middleton,34,WAS,SF,34,34,827,11.5,.531,.330,.230,3.8,13.6,8.6,19.1,1.5,1.0,14.7,19.6,0.1,0.1,0.2,.011,-2.6,-1.4,-4.0,-0.4,
Khris Middleton,34,DAL,SF,20,10,451,11.8,.548,.359,.304,4.3,12.3,8.4,14.9,1.5,0.0,14.9,22.5,0.0,0.3,0.3,.032,-2.4,-1.3,-3.7,-0.2,
Tari Eason,24,HOU,PF,49,32,1276,12.5,.510,.448,.110,8.6,18.1,13.4,8.4,2.4,1.9,12.8,18.8,0.2,1.9,2.1,.079,-1.9,0.3,-1.6,0.1,
Jrue Holiday,35,POR,PG,44,42,1274,16.6,.570,.493,.146,4.9,12.0,8.4,33.5,1.8,0.3,16.5,23.3,1.7,1.1,2.8,.104,2.3,-0.7,1.6,1.2,
Isaiah Stewart,24,DET,C,55,13,1273,15.1,.626,.303,.324,8.1,16.4,12.3,7.1,0.6,7.0,12.5,16.4,1.9,2.0,3.9,.148,-1.1,1.1,0.0,0.6,
Jalen Suggs,24,ORL,PG,47,46,1268,16.2,.560,.542,.201,2.6,13.1,7.8,29.3,3.3,2.5,17.1,23.4,0.4,1.9,2.3,.087,0.8,2.0,2.7,1.5,
Aaron Nesmith,26,IND,SF,43,40,1267,10.9,.546,.544,.221,3.9,11.5,7.6,9.6,0.9,1.6,9.4,19.7,0.2,0.5,0.7,.026,-1.7,-1.8,-3.5,-0.5,
Will Richard,23,GSW,SG,62,19,1262,11.5,.605,.603,.164,5.3,8.6,6.9,9.4,2.9,0.5,12.8,13.6,1.1,1.4,2.5,.095,-2.4,1.0,-1.4,0.2,
Kevin Porter Jr.,25,MIL,PG,38,36,1261,18.8,.567,.278,.304,3.1,14.5,8.8,33.6,3.2,1.5,15.9,24.3,1.5,1.4,2.8,.108,0.8,1.2,2.0,1.3,
Javonte Green,32,DET,SG,71,5,1259,13.5,.595,.576,.315,4.9,12.1,8.5,4.8,3.4,1.7,9.4,14.7,1.5,2.3,3.8,.145,-0.8,2.3,1.5,1.1,
Gary Trent Jr.,27,MIL,SG,59,17,1246,7.8,.531,.736,.110,0.6,4.8,2.8,7.9,1.1,0.2,6.7,16.3,-0.1,0.2,0.1,.003,-3.1,-2.2,-5.3,-1.0,
Keon Ellis,26,2TM,SG,63,7,1242,10.6,.572,.677,.177,2.8,7.4,5.1,6.0,2.9,3.3,9.8,12.9,0.6,1.1,1.7,.064,-1.9,1.5,-0.3,0.5,
Keon Ellis,26,SAC,SG,43,5,758,9.1,.536,.689,.153,2.1,6.0,4.0,4.6,2.9,2.6,8.6,13.7,0.0,0.4,0.4,.024,-2.9,0.8,-2.0,0.0,
Keon Ellis,26,CLE,SG,20,2,484,12.8,.642,.654,.224,3.8,9.5,6.7,8.1,2.8,4.3,12.0,11.6,0.6,0.7,1.3,.127,-0.3,2.6,2.3,0.5,
Malik Monk,27,SAC,SG,56,1,1240,14.1,.563,.491,.176,1.2,8.7,4.8,20.4,1.2,1.5,11.4,24.4,0.6,0.1,0.8,.030,0.7,-2.2,-1.6,0.1,
Jose Alvarado,27,2TM,PG,62,1,1240,11.9,.542,.665,.096,1.9,11.5,6.7,22.8,2.3,0.5,13.7,16.1,1.0,1.0,2.0,.078,-1.5,0.2,-1.3,0.2,
Jose Alvarado,27,NOP,PG,41,0,896,11.2,.558,.689,.086,1.9,11.9,6.9,19.3,2.0,0.4,13.9,15.8,0.6,0.5,1.1,.058,-1.5,-0.5,-2.0,0.0,
Jose Alvarado,27,NYK,PG,21,1,344,13.8,.503,.605,.123,1.9,10.4,6.1,31.9,3.2,0.6,13.0,17.1,0.4,0.5,0.9,.131,-1.4,2.1,0.7,0.2,
Ryan Dunn,23,PHO,SF,63,14,1232,11.6,.529,.471,.120,7.9,16.0,11.8,10.1,2.2,2.1,12.3,13.8,0.7,1.6,2.3,.089,-2.0,1.1,-1.0,0.3,
Zach LaVine,30,SAC,SG,39,37,1224,14.7,.614,.464,.260,0.7,9.4,4.9,11.3,1.1,0.7,10.8,23.7,1.2,0.0,1.3,.049,0.6,-2.2,-1.6,0.1,
Josh Okogie,27,HOU,SG,68,29,1223,9.8,.553,.556,.229,6.4,9.6,8.0,5.8,2.4,1.0,11.2,11.3,1.0,1.4,2.4,.092,-2.5,1.1,-1.4,0.2,
Stephen Curry,37,GSW,PG,39,39,1222,22.7,.636,.602,.274,1.4,11.3,6.2,27.3,1.7,1.2,11.7,32.7,2.8,1.1,3.9,.153,6.3,-1.0,5.4,2.3,AS
Kobe Sanders,23,LAC,SG,59,16,1217,9.1,.582,.497,.158,2.7,10.7,6.8,11.6,1.6,0.6,17.3,15.9,0.1,0.8,0.9,.035,-3.1,-0.5,-3.6,-0.5,
Walter Clayton,22,2TM,PG,61,4,1212,10.0,.514,.538,.255,1.5,9.6,5.5,26.2,1.6,1.3,17.9,18.1,-0.1,0.3,0.3,.010,-2.6,-1.7,-4.3,-0.7,
Walter Clayton,22,UTA,PG,45,0,811,10.5,.540,.559,.242,2.0,10.0,5.9,23.8,1.4,1.5,16.8,17.3,0.3,0.1,0.4,.022,-1.8,-1.4,-3.2,-0.2,
Walter Clayton,22,MEM,PG,16,4,401,9.0,.465,.500,.279,0.5,8.7,4.6,31.0,2.0,0.9,19.9,19.7,-0.4,0.3,-0.1,-0.014,-4.2,-2.4,-6.6,-0.5,
Nicolas Batum,37,LAC,PF,66,6,1210,8.1,.597,.959,.050,2.1,14.0,8.2,6.4,1.9,1.6,13.9,9.5,0.4,1.1,1.5,.060,-1.9,0.6,-1.3,0.2,
Sam Merrill,29,CLE,SG,46,34,1210,14.1,.663,.780,.142,2.4,8.4,5.4,11.8,1.1,0.5,7.6,16.9,2.7,0.8,3.5,.137,1.5,-1.0,0.6,0.8,
Patrick Williams,24,CHI,PF,61,4,1199,8.3,.506,.567,.142,3.9,11.3,7.7,9.0,1.5,1.5,13.1,16.6,-0.8,0.8,0.0,.001,-3.2,-1.1,-4.3,-0.7,
Santi Aldama,25,MEM,PF,43,11,1198,16.4,.572,.420,.239,6.0,20.1,13.0,15.6,1.5,2.4,9.5,20.1,1.4,1.1,2.5,.101,1.3,0.5,1.7,1.1,
Gui Santos,23,GSW,PF,61,24,1188,13.9,.604,.503,.235,6.0,15.7,10.8,16.8,2.1,1.6,16.9,17.9,1.0,1.4,2.4,.095,-0.9,0.6,-0.3,0.5,
Danny Wolf,21,BRK,PF,57,15,1187,12.3,.521,.480,.248,5.3,23.0,13.7,17.1,1.3,2.5,13.0,20.6,-0.1,1.0,0.9,.035,-2.2,-0.3,-2.5,-0.2,
Ziaire Williams,24,BRK,SF,52,10,1187,12.3,.589,.619,.312,2.7,10.2,6.3,7.0,2.7,1.6,10.7,18.1,0.7,0.9,1.6,.065,-1.9,0.2,-1.7,0.1,
Christian Braun,24,DEN,SG,37,37,1183,12.5,.603,.358,.280,5.3,11.7,8.6,12.0,1.1,0.8,10.0,14.7,1.8,0.7,2.5,.099,-0.5,-0.7,-1.2,0.3,
Jimmy Butler,36,GSW,SF,38,38,1182,23.5,.646,.184,.621,8.1,11.7,9.9,24.1,2.2,0.6,9.3,23.2,4.7,1.2,5.8,.237,5.0,0.5,5.5,2.3,
Justin Champagnie,24,WAS,SF,61,17,1181,17.6,.599,.357,.241,11.5,19.0,15.2,8.4,2.1,2.8,8.5,16.3,2.2,0.7,2.9,.119,0.9,-0.9,0.0,0.6,
De'Andre Hunter,28,2TM,SF,45,25,1176,11.5,.545,.491,.285,2.8,14.5,8.6,10.7,1.2,0.5,11.7,22.8,0.1,1.0,1.1,.047,-2.5,-1.5,-3.9,-0.6,
De'Andre Hunter,28,CLE,SF,43,23,1125,12.2,.553,.492,.284,2.8,14.9,8.9,11.1,1.3,0.5,11.6,22.9,0.4,1.0,1.4,.059,-2.1,-1.3,-3.4,-0.4,
De'Andre Hunter,28,SAC,SF,2,2,51,-3.4,.347,.474,.316,2.1,4.5,3.3,2.5,0.0,0.0,15.6,21.4,-0.2,0.0,-0.2,-0.227,-11.0,-5.6,-16.6,-0.2,
Ja'Kobe Walter,21,TOR,SG,61,12,1173,11.8,.604,.651,.228,4.4,9.9,7.1,7.5,2.5,1.0,8.0,14.2,1.4,1.4,2.9,.117,-1.6,1.0,-0.6,0.4,
Baylor Scheierman,25,BOS,SG,66,17,1167,11.1,.604,.723,.070,4.5,16.9,10.8,10.1,1.6,0.4,12.0,11.1,1.5,1.5,3.0,.124,-1.3,1.5,0.2,0.7,
Day'Ron Sharpe,24,BRK,C,62,7,1160,20.6,.638,.110,.427,16.3,25.4,20.7,21.1,2.9,2.1,20.0,19.8,2.0,1.5,3.5,.145,0.5,0.9,1.4,1.0,
Quinten Post,25,GSW,PF,66,35,1155,13.0,.561,.632,.098,6.3,19.5,12.8,11.9,1.1,2.7,10.9,18.8,0.7,1.3,2.0,.081,-1.0,-0.1,-1.1,0.3,
Yves Missi,21,NOP,C,60,10,1151,15.2,.551,.004,.324,15.6,16.9,16.3,8.8,0.8,7.4,14.1,12.7,1.4,1.0,2.4,.101,-1.4,-0.3,-1.6,0.1,
Jaylin Williams,23,OKC,PF,57,11,1147,13.9,.597,.724,.257,3.1,25.5,14.8,16.4,1.2,3.2,14.9,15.9,1.2,2.5,3.7,.154,0.0,2.5,2.5,1.3,
Jordan Clarkson,33,NYK,SG,63,1,1144,11.7,.553,.439,.184,4.9,5.5,5.2,10.7,1.1,0.8,10.3,21.2,0.8,1.0,1.7,.073,-1.7,-1.5,-3.2,-0.4,
Kris Murray,25,POR,SF,48,15,1133,9.7,.537,.434,.197,7.3,9.8,8.5,7.4,1.9,1.5,12.2,10.8,0.7,1.0,1.7,.074,-2.3,0.7,-1.6,0.1,
Svi Mykhailiuk,28,UTA,SF,48,41,1123,11.1,.623,.652,.083,3.2,8.3,5.7,11.2,1.0,0.3,10.0,14.3,1.3,-0.2,1.1,.048,0.0,-2.0,-1.9,0.0,
Dru Smith,28,MIA,SG,67,1,1122,14.6,.534,.395,.317,5.5,10.2,7.9,20.2,4.0,1.7,13.1,15.1,1.1,1.9,3.1,.132,-1.4,3.7,2.3,1.2,
Daniel Gafford,27,DAL,C,51,40,1119,18.6,.684,.000,.469,12.2,21.4,16.9,7.1,1.6,4.8,15.0,15.5,2.3,1.6,3.9,.166,-0.6,1.2,0.6,0.7,
Daniss Jenkins,24,DET,PG,61,11,1118,13.3,.519,.347,.263,3.7,8.4,6.1,24.6,2.4,1.1,14.4,21.1,0.6,1.6,2.2,.093,-1.1,0.4,-0.7,0.4,
Jordan Miller,26,LAC,SF,51,1,1106,15.8,.621,.266,.455,5.1,11.4,8.3,14.7,1.7,0.7,11.9,18.3,2.0,0.7,2.8,.120,0.5,-0.6,-0.1,0.5,
Simone Fontecchio,30,MIA,SF,64,7,1099,13.2,.566,.697,.214,4.8,13.7,9.3,11.5,1.4,0.7,8.9,19.5,1.1,1.2,2.3,.100,0.3,-0.1,0.2,0.6,
Derrick Jones Jr.,28,LAC,SF,40,35,1099,14.4,.620,.423,.266,4.9,8.6,6.8,7.7,1.8,3.6,8.2,15.7,1.7,0.9,2.6,.114,0.2,0.0,0.2,0.6,
Adem Bona,22,PHI,C,62,14,1097,12.8,.624,.030,.518,11.3,16.5,13.9,3.4,1.2,6.7,16.8,11.2,1.2,1.3,2.5,.109,-3.2,0.4,-2.9,-0.2,
Jalen Smith,25,CHI,C,52,20,1089,16.8,.609,.543,.231,9.7,24.7,17.4,8.6,1.0,3.3,10.7,19.2,1.5,1.2,2.7,.118,0.3,-0.9,-0.6,0.4,
Kentavious Caldwell-Pope,32,MEM,SG,51,14,1088,11.0,.533,.475,.219,2.0,10.6,6.2,17.6,1.9,0.7,13.2,17.6,0.2,0.7,0.9,.041,-2.3,-0.2,-2.5,-0.1,
Jusuf Nurkić,31,UTA,C,41,36,1083,16.5,.548,.198,.316,10.5,32.7,21.4,25.8,2.3,2.0,19.9,19.4,0.5,1.1,1.6,.072,-0.4,1.6,1.2,0.9,
Nolan Traoré,19,BRK,PG,49,26,1082,7.2,.471,.376,.195,1.3,7.7,4.3,26.5,1.5,1.7,19.8,21.7,-1.9,0.5,-1.4,-0.064,-4.9,-2.2,-7.1,-1.4,
Coby White,25,2TM,SG,41,26,1080,15.9,.593,.521,.381,1.1,13.4,7.4,25.5,1.1,0.4,15.0,28.2,1.0,0.7,1.6,.073,0.2,-1.9,-1.6,0.1,
Coby White,25,CHI,SG,29,26,843,14.3,.586,.529,.392,0.9,12.6,6.8,24.0,1.1,0.2,16.0,27.3,0.3,0.4,0.7,.042,-1.0,-2.3,-3.3,-0.3,
Coby White,25,CHO,SG,12,0,237,21.6,.613,.496,.348,1.9,16.3,9.3,30.8,0.8,1.2,11.9,31.4,0.7,0.2,0.9,.186,4.5,-0.4,4.1,0.4,
Andre Drummond,32,PHI,C,54,24,1079,16.2,.543,.267,.253,17.5,29.9,23.6,8.1,1.4,3.9,14.3,15.0,1.2,1.6,2.9,.127,-0.6,-0.4,-1.0,0.3,
Marvin Bagley III,26,2TM,PF,54,10,1075,19.7,.654,.098,.371,13.3,19.5,16.5,10.6,1.1,3.1,12.3,18.4,2.5,0.7,3.2,.142,1.3,-1.1,0.2,0.6,
Marvin Bagley III,26,WAS,PF,38,8,731,20.6,.667,.077,.394,14.0,17.6,15.8,11.8,1.3,3.2,13.2,19.0,1.9,0.3,2.2,.143,1.9,-1.1,0.8,0.5,
Marvin Bagley III,26,DAL,PF,16,2,344,17.6,.626,.145,.318,12.0,23.6,17.9,8.2,0.7,2.7,10.0,17.0,0.6,0.4,1.0,.139,0.1,-1.2,-1.1,0.1,
Darius Garland,26,2TM,PG,36,34,1067,17.6,.589,.452,.189,1.7,7.3,4.5,36.3,1.5,0.4,15.4,27.1,1.7,0.7,2.3,.106,2.4,-2.5,-0.1,0.5,
Darius Garland,26,CLE,PG,26,26,792,15.6,.567,.435,.210,1.7,7.1,4.4,33.3,1.3,0.4,15.1,25.7,0.9,0.5,1.4,.087,0.9,-2.5,-1.6,0.1,
Darius Garland,26,LAC,PG,10,8,275,23.2,.645,.493,.138,1.8,7.8,4.9,44.8,2.0,0.3,16.1,31.0,0.7,0.2,0.9,.161,6.7,-2.7,4.0,0.4,
Drake Powell,20,BRK,SG,54,16,1063,7.3,.535,.511,.228,2.0,8.3,5.0,11.2,1.2,0.9,14.9,14.6,-0.3,0.3,0.0,.002,-4.6,-1.5,-6.0,-1.1,
Collin Murray-Boyles,20,TOR,PF,48,22,1063,15.3,.605,.174,.279,12.1,13.1,12.6,12.1,2.1,4.2,14.6,14.6,1.5,1.5,3.1,.138,-0.8,1.5,0.7,0.7,
Mouhamed Gueye,23,ATL,PF,68,7,1060,12.1,.544,.439,.233,8.1,17.4,12.7,7.3,2.5,3.0,10.3,12.7,0.7,1.6,2.4,.107,-2.7,1.2,-1.5,0.1,
Landry Shamet,28,NYK,SG,46,12,1059,11.4,.602,.731,.218,2.0,6.9,4.4,8.4,1.3,0.9,7.1,15.9,1.5,1.0,2.5,.111,-0.3,0.2,-0.1,0.5,
Jaxson Hayes,25,LAL,C,60,8,1058,17.5,.746,.009,.516,10.2,16.0,13.2,7.0,1.2,3.8,8.7,12.3,3.2,1.0,4.2,.188,0.4,0.3,0.7,0.7,
Mitchell Robinson,27,NYK,C,54,15,1054,20.8,.670,.000,.517,24.5,25.9,25.2,6.2,2.2,5.9,15.0,10.5,2.9,2.2,5.1,.233,1.9,1.3,3.2,1.4,
Giannis Antetokounmpo,31,MIL,PF,36,36,1039,32.8,.658,.075,.597,10.8,27.2,19.1,38.5,1.6,2.3,13.2,37.1,3.9,1.2,5.1,.236,7.7,1.8,9.4,3.0,AS
Joel Embiid,31,PHI,C,33,33,1029,24.8,.606,.220,.470,7.0,19.8,13.3,22.3,1.0,3.2,11.9,33.7,2.4,1.0,3.4,.160,5.0,-0.4,4.7,1.7,
Craig Porter Jr.,25,CLE,PG,58,2,1024,13.7,.516,.355,.154,8.1,12.5,10.3,23.0,2.6,2.9,17.8,12.5,1.1,1.4,2.5,.116,0.0,2.2,2.1,1.1,
Jared McCain,21,2TM,SG,57,1,1012,12.0,.557,.542,.129,2.2,10.9,6.5,11.3,1.5,0.5,9.6,20.6,0.4,1.0,1.4,.066,-1.1,-0.7,-1.8,0.1,
Jared McCain,21,PHI,SG,37,1,620,9.5,.506,.515,.108,1.0,12.4,6.6,14.1,1.7,0.3,11.0,18.5,-0.2,0.5,0.3,.023,-3.0,-0.8,-3.7,-0.3,
Jared McCain,21,OKC,SG,20,0,392,16.1,.619,.575,.156,4.0,8.5,6.3,6.9,1.2,0.8,7.9,23.8,0.5,0.6,1.1,.135,1.8,-0.6,1.2,0.3,
Hugo González,19,BOS,SF,66,3,1009,10.0,.547,.463,.114,6.4,18.2,12.4,5.0,1.9,2.1,12.7,11.8,0.4,1.6,2.0,.094,-3.4,1.6,-1.9,0.0,
GG Jackson II,21,MEM,PF,48,21,1006,15.2,.589,.377,.290,4.5,17.5,10.9,10.1,1.3,3.4,12.8,22.8,0.3,0.9,1.2,.058,-0.6,-1.0,-1.6,0.1,
Gradey Dick,22,TOR,SG,66,1,1002,11.0,.546,.510,.236,4.2,11.5,7.8,6.7,2.1,0.7,9.1,18.2,0.3,1.2,1.5,.070,-3.0,-0.3,-3.3,-0.3,
Jericho Sims,27,MIL,C,56,12,1000,11.6,.819,.000,.320,11.3,19.7,15.6,8.4,0.5,1.3,29.1,8.7,1.6,0.6,2.1,.103,-2.7,-0.9,-3.6,-0.4,
Caleb Love,24,POR,SG,45,1,999,11.0,.500,.598,.101,2.7,9.8,6.2,18.5,1.3,0.4,10.7,23.0,-0.1,0.7,0.6,.029,-1.2,-1.6,-2.9,-0.2,
Jordan Walsh,21,BOS,PF,58,20,998,13.6,.636,.443,.217,8.5,17.3,12.9,5.7,2.1,2.4,11.7,11.9,1.6,1.6,3.2,.155,-1.4,1.4,0.1,0.5,
Isaiah Hartenstein,27,OKC,C,40,39,998,19.8,.632,.027,.364,14.7,26.4,20.8,21.1,1.9,3.2,19.7,16.5,2.2,2.4,4.6,.222,1.0,3.1,4.1,1.5,
Jarred Vanderbilt,26,LAL,PF,56,3,993,11.0,.542,.414,.224,9.1,20.8,15.1,9.1,2.3,1.7,17.5,12.3,0.4,1.2,1.6,.077,-2.5,0.7,-1.8,0.0,
Caris LeVert,31,DET,SG,51,0,991,10.6,.516,.479,.220,2.0,8.7,5.4,18.5,2.2,3.1,16.5,18.2,-0.2,1.5,1.3,.062,-2.1,1.3,-0.8,0.3,
Pat Spencer,29,GSW,PG,56,12,987,12.3,.522,.372,.138,4.3,9.8,7.0,27.6,2.0,0.4,15.6,18.7,0.5,0.8,1.4,.066,-1.5,-0.3,-1.8,0.0,
Corey Kispert,26,2TM,SF,51,9,986,13.0,.604,.588,.231,2.6,10.9,6.7,12.2,0.7,0.6,9.2,18.4,1.2,0.4,1.6,.078,-0.1,-2.0,-2.1,0.0,
Corey Kispert,26,WAS,SF,19,2,370,14.1,.649,.639,.286,1.7,11.1,6.3,12.3,1.0,0.7,9.5,16.7,0.7,0.0,0.6,.082,1.0,-2.1,-1.0,0.1,
Corey Kispert,26,ATL,SF,32,7,616,12.3,.581,.563,.204,3.1,10.7,6.9,12.0,0.5,0.6,9.0,19.5,0.6,0.4,1.0,.076,-0.8,-1.9,-2.7,-0.1,
Taylor Hendricks,22,2TM,PF,53,11,983,12.7,.575,.516,.213,6.5,14.7,10.6,7.4,2.0,2.8,11.5,16.1,0.5,0.7,1.2,.060,-1.0,-0.9,-1.9,0.0,
Taylor Hendricks,22,UTA,PF,33,6,492,10.3,.574,.547,.250,6.3,15.8,11.0,6.5,1.2,1.6,12.3,13.6,0.3,0.1,0.4,.037,-1.7,-1.7,-3.5,-0.2,
Taylor Hendricks,22,MEM,PF,20,5,491,15.1,.576,.495,.187,6.8,13.6,10.1,8.3,2.8,4.0,10.9,18.7,0.3,0.6,0.9,.083,-0.3,-0.1,-0.3,0.2,
Miles McBride,25,NYK,SG,35,14,981,13.5,.592,.671,.119,2.5,7.8,5.1,13.6,1.5,0.6,6.8,17.7,1.7,1.0,2.7,.131,1.2,0.1,1.4,0.8,
Bones Hyland,25,MIN,PG,63,3,977,15.4,.611,.621,.178,2.4,9.0,5.8,23.2,1.7,1.3,12.3,20.3,1.8,1.0,2.8,.137,1.3,0.3,1.6,0.9,
Luka Garza,27,BOS,C,61,4,968,19.3,.677,.363,.356,15.9,11.3,13.6,8.4,1.3,2.5,11.0,17.1,3.2,1.2,4.4,.218,1.9,0.2,2.1,1.0,
Ryan Nembhard,22,DAL,PG,51,21,956,10.7,.497,.355,.063,1.0,9.8,5.5,36.3,0.9,0.1,17.8,17.5,0.1,0.5,0.6,.029,-2.4,-1.8,-4.2,-0.5,
Gary Payton II,33,GSW,SG,64,1,954,17.8,.616,.332,.085,9.8,16.2,12.9,17.9,2.8,1.8,13.3,18.6,1.5,1.3,2.8,.141,0.6,1.4,1.9,0.9,
Al Horford,39,GSW,C,43,12,933,14.8,.554,.633,.084,5.1,20.7,12.7,16.9,1.6,4.9,11.3,16.5,0.8,1.3,2.1,.109,0.3,1.4,1.8,0.9,
De'Anthony Melton,27,GSW,PG,41,17,933,13.9,.523,.454,.229,3.7,11.5,7.5,16.6,3.3,1.7,13.0,26.5,-0.5,1.2,0.7,.036,-2.6,0.1,-2.5,-0.1,
Tyus Jones,29,3TM,PG,63,10,931,8.2,.443,.634,.044,1.2,6.8,4.0,20.9,1.9,0.3,9.5,10.5,0.2,0.7,1.0,.050,-2.9,0.5,-2.4,-0.1,
Tyus Jones,29,ORL,PG,48,8,754,8.5,.448,.646,.038,1.3,6.6,3.9,19.8,2.1,0.4,8.0,9.8,0.3,0.7,1.0,.063,-2.7,1.1,-1.7,0.1,
Tyus Jones,29,DAL,PG,8,2,133,8.8,.444,.559,.059,0.8,6.3,3.6,29.4,1.1,0.0,12.5,12.6,0.0,0.1,0.1,.032,-3.0,-1.3,-4.3,-0.1,
Tyus Jones,29,DEN,PG,7,0,44,1.9,.372,.692,.077,0.0,12.2,6.4,14.3,0.0,0.0,18.2,16.3,-0.1,0.0,-0.1,-0.118,-6.3,-3.6,-9.9,-0.1,
T.J. McConnell,33,IND,PG,53,4,916,20.0,.554,.109,.063,2.5,11.6,7.0,50.3,2.9,0.7,12.5,23.5,1.5,0.7,2.2,.116,1.7,0.2,1.8,0.9,
Alex Caruso,31,OKC,SG,49,0,902,13.2,.538,.587,.171,3.5,12.2,8.0,14.3,3.6,1.9,12.9,15.9,0.3,2.0,2.3,.124,-1.3,3.5,2.1,0.9,
Ochai Agbaji,25,2TM,SG,58,13,900,8.6,.526,.448,.148,5.3,11.3,8.2,6.8,1.3,1.8,10.4,14.2,0.0,0.8,0.8,.043,-3.6,-0.4,-4.0,-0.5,
Ochai Agbaji,25,TOR,SG,42,13,650,7.5,.495,.382,.171,5.7,10.9,8.3,6.0,1.3,1.6,9.4,13.3,0.0,0.6,0.6,.046,-4.8,-0.1,-4.9,-0.5,
Ochai Agbaji,25,BRK,SG,16,0,250,11.6,.593,.588,.100,4.4,12.2,8.1,9.0,1.2,2.2,12.6,16.6,0.1,0.1,0.2,.038,-0.5,-1.3,-1.8,0.0,
Jakob Poeltl,30,TOR,C,35,33,897,17.8,.700,.000,.336,11.9,21.6,16.7,11.6,1.5,2.8,14.8,14.5,2.0,1.3,3.3,.179,0.2,1.3,1.5,0.8,
Rayan Rupert,21,2TM,SG,59,4,896,6.9,.484,.468,.143,4.2,13.6,8.8,6.8,2.3,0.6,14.0,13.4,-0.5,0.9,0.4,.021,-5.5,0.0,-5.5,-0.8,
Rayan Rupert,21,POR,SG,48,0,577,5.8,.447,.483,.095,4.2,12.0,8.0,7.8,2.4,0.3,15.5,12.7,-0.5,0.6,0.1,.009,-5.8,0.7,-5.1,-0.5,
Rayan Rupert,21,MEM,SG,11,4,319,9.0,.541,.444,.222,4.0,16.5,10.2,5.1,2.2,1.2,11.6,14.5,0.0,0.3,0.3,.045,-5.0,-1.2,-6.2,-0.3,
Franz Wagner,24,ORL,SF,28,26,891,19.6,.591,.269,.407,5.1,15.2,10.1,18.3,1.6,0.9,8.7,26.3,1.7,0.9,2.7,.144,2.9,0.0,2.9,1.1,
Cam Thomas,24,2TM,SG,42,8,881,12.6,.530,.364,.367,1.4,8.0,4.6,21.0,0.5,0.4,12.1,30.3,-0.5,0.1,-0.4,-0.021,-1.2,-4.0,-5.2,-0.7,
Cam Thomas,24,BRK,SG,24,8,582,12.3,.527,.380,.351,1.7,7.1,4.3,22.5,0.3,0.3,11.9,30.2,-0.2,0.0,-0.2,-0.018,-0.8,-4.3,-5.1,-0.4,
Cam Thomas,24,MIL,SG,18,0,299,13.2,.534,.333,.399,0.8,9.7,5.3,18.1,0.8,0.7,12.6,30.5,-0.2,0.1,-0.2,-0.027,-1.9,-3.4,-5.3,-0.3,
Bryce McGowens,23,NOP,SG,42,13,880,11.8,.610,.392,.401,1.5,9.4,5.4,9.5,1.5,1.0,5.7,14.1,1.4,0.3,1.8,.097,-2.0,-0.9,-2.9,-0.2,
Justin Edwards,22,PHI,SF,55,12,878,12.2,.577,.573,.125,3.0,8.3,5.6,12.0,2.6,1.2,10.3,15.9,0.8,0.8,1.6,.087,-1.6,0.6,-1.0,0.2,
Isaiah Jackson,24,2TM,C,53,14,871,17.2,.645,.013,.450,13.6,22.1,17.8,8.4,1.9,4.8,17.0,16.3,1.3,1.1,2.4,.134,-2.0,0.6,-1.4,0.1,
Isaiah Jackson,24,IND,C,38,14,638,15.3,.615,.006,.448,14.3,22.0,18.0,7.1,1.9,3.9,17.9,16.0,0.7,0.7,1.4,.105,-3.1,0.3,-2.8,-0.1,
Isaiah Jackson,24,LAC,C,15,0,233,22.2,.723,.031,.453,11.9,22.4,17.3,12.2,1.9,7.3,14.5,17.1,0.7,0.4,1.0,.211,0.7,1.7,2.4,0.3,
Karlo Matković,24,NOP,PF,59,2,863,17.1,.716,.379,.178,8.3,18.9,13.6,8.0,1.3,5.6,11.6,12.9,1.9,0.8,2.8,.155,0.6,0.5,1.2,0.7,
Nae'Qwan Tomlin,25,CLE,PF,56,2,858,12.4,.531,.363,.200,8.8,10.4,9.6,6.7,2.2,3.3,7.3,15.5,0.8,1.0,1.8,.100,-2.6,0.4,-2.2,0.0,
Caleb Martin,30,DAL,SF,58,12,856,9.4,.526,.302,.323,3.5,14.0,8.9,12.3,2.2,1.5,15.6,12.6,0.0,0.9,0.9,.051,-4.0,1.7,-2.2,0.0,
Olivier-Maxence Prosper,23,MEM,PF,47,18,856,15.2,.636,.419,.345,6.6,13.8,10.2,7.6,1.9,1.3,11.4,17.9,1.2,0.7,1.9,.107,-0.1,-1.2,-1.2,0.2,
Robert Williams,28,POR,C,50,1,852,22.6,.734,.098,.201,14.9,29.5,22.1,9.1,1.7,7.9,15.6,13.1,2.1,1.6,3.8,.212,2.4,2.4,4.8,1.5,
Aaron Gordon,30,DEN,PF,31,28,852,19.4,.625,.386,.424,6.2,17.4,12.1,13.6,1.0,0.9,7.4,22.7,2.2,0.6,2.8,.160,3.4,-1.2,2.2,0.9,
Jordan Poole,26,NOP,PG,35,6,843,11.5,.529,.647,.254,1.0,8.0,4.5,18.1,1.1,1.6,12.0,24.9,0.0,0.3,0.3,.015,-0.9,-2.4,-3.2,-0.3,
Mike Conley,38,MIN,PG,47,9,838,8.9,.492,.758,.258,2.0,8.3,5.2,19.5,1.5,1.3,12.0,11.3,0.7,0.8,1.5,.084,-2.6,0.7,-1.9,0.0,
Trendon Watford,25,PHI,PF,49,7,834,13.2,.574,.190,.291,4.8,18.0,11.3,22.1,0.9,2.4,17.6,17.9,0.6,0.7,1.4,.078,-2.0,0.3,-1.8,0.1,
Paul George,35,PHI,PF,27,27,824,15.5,.556,.489,.215,1.8,16.9,9.3,18.0,2.3,1.5,10.2,22.1,0.7,1.0,1.7,.096,0.5,0.4,0.9,0.6,
Vince Williams Jr.,25,2TM,SG,40,12,820,10.8,.478,.606,.171,5.1,15.5,10.2,27.4,1.7,1.8,18.2,19.4,-0.4,0.6,0.3,.016,-1.5,0.5,-1.0,0.2,
Vince Williams Jr.,25,MEM,PG,34,12,736,10.9,.478,.602,.174,5.0,15.2,10.0,27.7,1.7,1.8,18.1,19.6,-0.3,0.6,0.3,.019,-1.5,0.6,-0.9,0.2,
Vince Williams Jr.,25,UTA,SG,6,0,84,9.9,.470,.643,.143,6.4,18.5,12.3,25.5,1.1,2.3,19.0,18.1,0.0,0.0,0.0,-0.010,-1.8,-0.3,-2.1,0.0,
Goga Bitadze,26,ORL,C,54,3,812,20.4,.706,.060,.423,14.9,20.5,17.7,12.6,1.9,5.8,11.8,12.8,2.5,1.3,3.8,.227,1.1,2.2,3.3,1.1,
Guerschon Yabusele,30,2TM,C,59,12,808,11.4,.550,.624,.208,6.4,19.2,12.8,8.7,1.4,1.5,11.6,15.8,0.4,0.9,1.3,.076,-1.4,-0.2,-1.6,0.1,
Guerschon Yabusele,30,NYK,C,41,0,366,8.6,.499,.636,.112,7.2,19.2,13.2,6.4,0.8,1.4,11.8,14.8,0.0,0.4,0.4,.057,-3.2,-0.5,-3.7,-0.2,
Guerschon Yabusele,30,CHI,C,18,12,442,13.7,.586,.616,.283,5.6,19.3,12.6,10.6,1.8,1.6,11.4,16.6,0.4,0.4,0.8,.092,0.1,0.2,0.2,0.3,
John Konchar,29,2TM,SG,46,6,808,12.0,.563,.568,.235,5.8,15.7,10.7,11.0,3.6,3.1,15.6,8.8,0.6,0.9,1.5,.091,-2.1,2.7,0.6,0.5,
John Konchar,29,MEM,SG,30,1,435,12.9,.619,.549,.183,4.9,18.1,11.5,11.8,3.4,2.8,15.4,8.7,0.4,0.6,1.1,.116,-1.2,3.6,2.3,0.5,
John Konchar,29,UTA,SG,16,5,373,10.9,.501,.590,.295,6.9,12.8,9.8,10.0,3.8,3.4,15.9,9.1,0.1,0.3,0.5,.061,-3.0,1.6,-1.4,0.1,
Josh Green,25,CHO,SG,48,0,802,10.5,.654,.752,.170,6.2,7.3,6.7,7.1,1.9,0.6,14.1,10.8,1.1,0.7,1.8,.110,-1.1,0.9,-0.2,0.4,
Kasparas Jakučionis,19,MIA,PG,45,11,801,11.5,.599,.644,.215,4.8,10.9,7.8,17.6,1.8,0.6,16.1,13.5,1.0,0.9,1.8,.110,-1.3,1.1,-0.2,0.4,
Clint Capela,31,HOU,C,64,2,795,17.6,.537,.000,.345,19.1,21.4,20.3,7.0,1.9,5.9,13.5,13.7,1.1,1.4,2.5,.149,-0.6,0.8,0.2,0.5,
Nikola Jović,22,MIA,PF,46,1,795,9.6,.481,.529,.328,3.2,16.7,9.9,16.5,1.5,1.9,15.6,21.3,-0.9,1.0,0.1,.007,-3.5,0.1,-3.3,-0.3,
Buddy Hield,33,2TM,SG,49,3,794,12.0,.555,.655,.121,3.7,12.2,7.9,12.5,2.3,1.0,12.7,19.7,0.0,0.8,0.9,.053,-1.5,-0.1,-1.6,0.1,
Buddy Hield,33,GSW,SG,44,3,768,12.6,.562,.650,.113,3.7,12.0,7.8,12.6,2.3,1.1,11.8,19.6,0.2,0.8,1.0,.064,-1.0,0.0,-1.0,0.2,
Buddy Hield,33,ATL,SG,5,0,26,-3.7,.300,.857,.429,4.1,16.9,10.4,8.9,1.8,0.0,37.5,21.3,-0.2,0.0,-0.1,-0.266,-13.7,-4.2,-17.8,-0.1,
Keegan Murray,25,SAC,PF,23,22,793,11.7,.499,.373,.163,4.5,14.3,9.2,6.8,1.5,4.1,7.7,18.7,-0.2,0.4,0.2,.009,-2.1,-1.1,-3.2,-0.2,
Jalen Williams,24,OKC,SG,27,27,776,18.9,.557,.177,.274,2.8,14.2,8.7,29.1,2.1,1.1,11.1,26.6,1.0,1.5,2.4,.150,1.0,1.0,2.0,0.8,
Tyrese Martin,26,2TM,SG,45,6,775,10.3,.501,.596,.101,4.8,12.8,8.6,15.6,1.6,0.7,12.1,18.4,-0.3,0.4,0.1,.008,-1.9,-1.4,-3.3,-0.3,
Tyrese Martin,26,BRK,SG,37,6,696,10.8,.507,.596,.102,5.1,13.0,8.8,15.7,1.6,0.5,11.0,18.7,-0.1,0.3,0.2,.015,-1.5,-1.6,-3.1,-0.2,
Tyrese Martin,26,PHI,SG,8,0,79,6.1,.437,.591,.091,2.7,11.3,7.0,15.4,1.8,2.4,23.4,16.0,-0.2,0.1,-0.1,-0.060,-5.5,-0.2,-5.7,-0.1,
Jonas Valančiūnas,33,DEN,C,58,5,773,20.7,.621,.060,.349,13.1,27.6,20.7,13.8,0.9,3.7,14.4,25.4,1.4,1.0,2.3,.146,-0.2,-0.5,-0.7,0.3,
Tyler Herro,26,MIA,SG,25,20,772,18.1,.608,.404,.222,1.6,15.0,8.3,18.9,1.1,1.0,10.2,25.8,1.1,0.8,2.0,.123,3.0,-0.3,2.8,0.9,
Jaylen Clark,24,MIN,SG,61,0,761,10.0,.530,.429,.319,7.1,8.3,7.7,5.8,2.4,0.9,8.4,13.2,0.5,0.9,1.4,.087,-3.4,0.7,-2.7,-0.1,
Jaden Hardy,23,2TM,SG,50,4,757,11.0,.568,.597,.176,2.1,8.5,5.3,8.9,0.9,0.6,12.1,24.2,-0.2,0.2,-0.1,-0.004,-1.4,-2.9,-4.4,-0.5,
Jaden Hardy,23,DAL,SG,34,4,428,10.7,.551,.639,.206,2.8,8.8,5.8,9.9,1.0,0.4,11.3,23.4,-0.1,0.2,0.1,.015,-1.9,-1.9,-3.8,-0.2,
Jaden Hardy,23,WAS,SG,16,0,329,11.4,.589,.546,.141,1.3,8.2,4.7,7.6,0.7,0.8,13.1,25.3,-0.1,-0.1,-0.2,-0.029,-0.8,-4.3,-5.1,-0.3,
Jamir Watkins,24,WAS,SG,39,5,756,11.5,.545,.532,.239,5.3,14.6,9.9,8.4,2.6,2.4,9.9,13.9,0.4,0.4,0.8,.052,-3.1,0.0,-3.2,-0.2,
Gabe Vincent,29,2TM,PG,44,7,755,6.1,.498,.798,.096,2.1,4.3,3.2,10.3,1.3,0.2,8.8,12.2,0.1,0.3,0.5,.029,-3.9,-0.9,-4.9,-0.6,
Gabe Vincent,29,LAL,PG,29,7,559,5.5,.512,.792,.085,1.5,4.1,2.8,8.3,1.2,0.2,8.2,11.5,0.1,0.2,0.3,.026,-3.9,-1.0,-4.9,-0.4,
Gabe Vincent,29,ATL,PG,15,0,196,7.6,.467,.810,.121,3.8,5.0,4.4,15.8,1.4,0.5,10.3,14.5,0.0,0.1,0.1,.037,-3.9,-0.8,-4.8,-0.1,
Kenrich Williams,31,OKC,PF,48,2,747,14.5,.596,.445,.204,6.9,14.9,11.1,12.0,1.9,0.7,12.2,17.6,0.9,1.4,2.2,.143,0.3,0.7,1.0,0.6,
Ousmane Dieng,22,2TM,C,46,10,744,10.7,.553,.544,.075,2.9,13.9,8.5,13.8,1.1,1.9,12.4,16.6,0.2,0.7,0.9,.058,-1.5,-0.4,-1.8,0.0,
Ousmane Dieng,22,OKC,C,27,0,295,10.0,.534,.538,.066,3.1,12.0,7.7,12.5,0.3,2.3,7.9,14.9,0.2,0.4,0.6,.099,-1.6,0.1,-1.4,0.1,
Ousmane Dieng,22,MIL,C,19,10,449,11.2,.564,.547,.081,2.8,15.1,9.0,14.6,1.5,1.6,15.0,17.8,0.0,0.3,0.3,.031,-1.4,-0.7,-2.1,0.0,
Jalen Pickett,26,DEN,SG,45,18,738,10.5,.546,.556,.073,2.9,13.0,8.2,18.4,0.9,0.5,12.4,14.3,0.6,0.4,1.0,.064,-1.0,-1.0,-2.0,0.0,
Jabari Walker,23,PHI,PF,59,6,735,12.3,.557,.445,.306,10.3,17.6,13.9,6.2,1.5,1.7,9.9,15.1,0.8,0.7,1.5,.100,-2.2,-0.6,-2.8,-0.2,
Steven Adams,32,HOU,C,32,11,730,15.8,.535,.000,.583,22.3,19.7,21.0,8.4,1.5,2.5,16.7,12.1,1.1,1.0,2.1,.138,-0.2,-0.4,-0.6,0.3,
Lonzo Ball,28,CLE,PG,35,3,728,9.5,.432,.835,.119,3.9,17.2,10.5,22.7,3.0,1.2,21.9,13.7,-0.4,1.1,0.7,.044,-2.9,1.8,-1.1,0.2,
Josh Minott,23,2TM,SF,44,11,724,15.9,.660,.600,.239,6.7,15.3,11.0,8.2,2.6,2.6,13.7,15.7,1.2,1.1,2.2,.149,1.2,1.3,2.5,0.8,
Josh Minott,23,BOS,PF,33,10,526,15.7,.651,.566,.191,8.4,16.0,12.2,8.5,2.3,2.3,11.9,13.8,1.1,0.8,1.9,.173,0.8,1.3,2.1,0.6,
Josh Minott,23,BRK,SF,11,1,198,16.5,.676,.667,.333,2.2,13.6,7.6,7.5,3.3,3.3,16.8,20.9,0.1,0.2,0.3,.084,2.3,1.1,3.5,0.3,
Dylan Cardwell,24,SAC,C,35,1,722,15.5,.578,.007,.345,17.5,24.4,20.9,8.5,1.6,6.2,15.3,11.1,1.1,0.7,1.8,.120,-2.6,0.4,-2.2,0.0,
Kobe Brown,26,2TM,PF,52,4,720,11.1,.581,.520,.247,7.9,13.6,10.7,9.7,1.1,1.2,15.4,15.6,0.4,0.4,0.8,.053,-1.9,-1.8,-3.6,-0.3,
Kobe Brown,26,LAC,PF,34,0,295,11.2,.524,.583,.310,7.4,13.5,10.5,12.6,1.5,0.6,13.6,16.6,0.1,0.2,0.3,.055,-1.2,-1.1,-2.3,0.0,
Kobe Brown,26,IND,PF,18,4,425,11.1,.624,.474,.202,8.2,13.7,10.9,7.7,0.8,1.6,16.8,14.9,0.3,0.2,0.5,.052,-2.3,-2.2,-4.5,-0.3,
Noah Penda,21,ORL,SF,53,2,719,11.9,.518,.441,.246,10.3,17.9,14.0,11.9,1.9,2.3,15.6,15.1,0.2,0.9,1.1,.076,-1.7,0.5,-1.2,0.1,
Paul Reed,26,DET,C,54,8,718,23.3,.630,.123,.313,17.2,19.8,18.5,12.6,3.1,6.4,13.6,20.4,1.6,1.7,3.3,.221,1.8,2.6,4.4,1.2,
Rob Dillingham,21,2TM,PG,54,0,717,7.9,.447,.295,.119,2.3,11.8,7.2,23.4,2.6,0.5,17.6,22.6,-1.4,0.8,-0.6,-0.041,-6.4,-0.2,-6.6,-0.8,
Rob Dillingham,21,MIN,PG,35,0,326,6.1,.404,.234,.142,1.7,11.8,6.9,24.0,2.8,0.8,19.4,24.0,-1.0,0.4,-0.5,-0.077,-7.9,-0.3,-8.2,-0.5,
Rob Dillingham,21,CHI,PG,19,0,391,9.4,.485,.348,.099,2.8,11.8,7.4,22.8,2.4,0.2,16.0,21.5,-0.4,0.3,-0.1,-0.012,-5.1,-0.2,-5.3,-0.3,
Dwight Powell,34,DAL,C,53,8,713,12.5,.704,.037,1.074,11.4,17.7,14.6,8.7,1.7,2.0,20.6,8.9,1.2,0.8,2.1,.139,-2.8,1.5,-1.4,0.1,
Micah Peavy,24,NOP,SG,52,1,706,7.9,.435,.398,.084,5.9,8.6,7.3,9.1,2.1,0.8,6.0,14.8,-0.2,0.4,0.1,.010,-4.6,-1.0,-5.6,-0.6,
Julian Strawther,23,DEN,SG,48,12,701,12.1,.582,.470,.247,1.9,12.4,7.4,9.5,1.5,0.5,9.4,19.1,0.5,0.5,1.0,.066,-1.7,-1.0,-2.6,-0.1,
Micah Potter,27,IND,C,37,3,692,16.5,.667,.589,.355,6.4,19.6,12.8,11.6,1.2,1.6,11.1,17.1,1.5,0.5,1.9,.134,1.2,-0.8,0.5,0.4,
Nick Richards,28,2TM,C,47,5,692,12.2,.565,.091,.510,12.0,25.3,18.6,3.2,0.7,4.2,19.0,18.3,-0.2,0.8,0.7,.046,-4.8,-1.2,-5.9,-0.7,
Nick Richards,28,PHO,C,28,2,254,11.5,.534,.000,.394,14.8,25.3,19.9,4.4,0.8,5.3,23.1,18.2,-0.2,0.4,0.2,.038,-6.0,-0.8,-6.8,-0.3,
Nick Richards,28,CHI,C,19,3,438,12.6,.581,.142,.575,10.4,25.2,17.9,2.5,0.6,3.6,16.7,18.3,0.0,0.5,0.5,.051,-4.0,-1.4,-5.4,-0.4,
Tyler Kolek,24,NYK,PG,58,1,688,12.2,.527,.462,.076,2.4,12.6,7.5,31.4,1.5,0.6,17.8,18.4,0.5,0.8,1.3,.088,-1.0,0.2,-0.8,0.2,
Javon Small,23,MEM,PG,35,7,682,16.4,.609,.477,.294,4.4,13.3,8.8,26.6,1.8,1.2,14.5,18.9,1.3,0.5,1.8,.125,1.6,-0.5,1.2,0.5,
Jevon Carter,30,2TM,PG,43,1,680,11.3,.535,.729,.074,1.9,10.2,6.1,14.3,2.1,1.2,9.5,18.3,0.1,0.6,0.7,.052,-1.1,0.1,-1.1,0.2,
Jevon Carter,30,CHI,PG,23,0,254,12.4,.577,.757,.097,2.1,8.7,5.5,10.5,2.4,0.7,9.3,19.6,0.1,0.2,0.3,.060,-0.6,-0.3,-0.9,0.1,
Jevon Carter,30,ORL,PG,20,1,426,10.6,.506,.710,.058,1.8,11.1,6.4,16.6,1.9,1.5,9.7,17.5,0.0,0.4,0.4,.048,-1.4,0.3,-1.1,0.1,
Quenton Jackson,27,IND,PG,39,11,678,14.0,.595,.392,.383,3.4,10.8,7.0,20.8,1.5,0.8,14.4,20.5,0.7,0.3,1.0,.071,-1.1,-1.0,-2.1,0.0,
Jaden Ivey,23,2TM,SG,37,5,670,13.1,.571,.523,.184,4.0,10.9,7.5,14.0,1.6,2.0,12.9,19.7,0.5,0.8,1.3,.097,-0.2,0.1,0.0,0.3,
Jaden Ivey,23,DET,SG,33,2,555,12.7,.570,.514,.173,3.8,10.5,7.2,13.1,1.3,2.2,12.9,20.3,0.4,0.7,1.1,.093,-0.1,0.0,-0.1,0.3,
Jaden Ivey,23,CHI,SG,4,3,115,15.0,.576,.583,.250,4.7,12.8,8.8,18.6,3.3,1.5,13.1,16.8,0.1,0.1,0.3,.114,-0.7,0.7,0.0,0.1,
Jalen Wilson,25,BRK,PF,46,1,669,8.1,.539,.611,.284,1.7,12.4,6.8,6.4,1.3,0.3,9.5,17.1,-0.1,0.3,0.2,.013,-3.5,-1.9,-5.5,-0.6,
Ben Saraf,19,BRK,SG,35,6,663,6.8,.473,.322,.303,1.8,8.5,5.0,24.8,2.2,0.7,23.9,20.3,-1.3,0.4,-0.9,-0.067,-6.3,-1.6,-7.9,-1.0,
Carter Bryant,20,SAS,PF,61,0,660,9.2,.500,.585,.161,4.8,19.8,12.5,6.3,0.9,2.3,9.8,17.0,-0.2,1.0,0.8,.057,-3.7,-0.2,-3.9,-0.3,
Kyle Anderson,32,3TM,SF,34,3,659,13.6,.593,.057,.377,4.9,14.1,9.5,19.0,2.4,2.6,15.1,13.8,0.8,0.6,1.4,.099,-1.4,1.2,-0.2,0.3,
Kyle Anderson,32,UTA,SF,20,0,401,14.3,.565,.046,.349,5.1,13.0,9.0,21.0,2.7,2.5,11.9,14.7,0.5,0.2,0.8,.090,-0.9,0.7,-0.2,0.2,
Kyle Anderson,32,MEM,SF,4,3,89,15.1,.821,.053,.421,3.6,13.5,8.5,4.9,3.2,4.2,23.7,13.8,0.1,0.1,0.2,.112,-2.5,1.5,-1.0,0.0,
Kyle Anderson,32,MIN,SF,10,0,169,11.1,.552,.097,.452,5.3,17.1,11.4,21.6,1.1,2.1,19.5,11.5,0.2,0.2,0.4,.112,-1.8,2.0,0.2,0.1,
Jalen Green,23,PHO,SG,25,20,656,14.2,.505,.458,.182,1.8,14.0,7.7,18.7,2.0,0.4,11.1,32.0,-0.6,0.7,0.1,.008,-0.7,-1.2,-1.8,0.0,
Jonathan Kuminga,23,2TM,PF,28,14,654,14.5,.569,.281,.376,7.1,21.9,14.4,16.0,1.2,1.0,16.6,23.7,0.1,0.7,0.8,.061,-1.5,-0.7,-2.2,0.0,
Jonathan Kuminga,23,GSW,PF,20,13,476,12.5,.543,.273,.340,6.6,20.8,13.6,15.8,0.8,1.2,17.1,23.9,-0.2,0.5,0.2,.025,-2.5,-1.2,-3.6,-0.2,
Jonathan Kuminga,23,ATL,PF,8,1,178,19.9,.641,.304,.478,8.4,24.7,16.4,16.8,2.1,0.5,15.2,23.1,0.3,0.3,0.6,.157,1.2,0.4,1.6,0.2,
Tre Mann,24,CHO,PG,47,1,645,8.3,.464,.522,.093,3.6,11.8,7.8,18.8,1.8,0.7,15.0,23.1,-0.7,0.7,0.0,-0.003,-4.3,-0.9,-5.2,-0.5,
Johnny Furphy,21,IND,SG,35,21,643,9.3,.547,.477,.235,5.3,21.1,13.0,8.7,1.5,0.9,15.0,12.8,0.0,0.5,0.5,.034,-3.9,0.0,-3.8,-0.3,
Jett Howard,22,ORL,SF,50,0,637,11.3,.553,.590,.157,3.6,11.0,7.3,9.6,0.8,1.4,5.0,17.2,0.7,0.5,1.1,.086,-0.9,-1.1,-2.0,0.0,
Anthony Davis,32,DAL,PF,20,20,626,21.7,.551,.111,.243,10.7,26.5,18.8,15.0,1.7,4.5,10.0,27.5,0.4,1.0,1.4,.107,1.5,0.9,2.4,0.7,
Tristan Vukcevic,22,WAS,C,46,9,624,17.0,.594,.451,.338,5.2,18.9,12.0,13.1,1.3,4.3,15.1,26.6,0.2,0.3,0.5,.040,0.2,-1.2,-1.0,0.2,
Anthony Gill,33,WAS,PF,44,2,620,12.3,.635,.245,.173,7.6,12.0,9.8,9.7,1.8,2.3,16.2,12.1,0.7,0.2,0.8,.065,-2.2,-1.1,-3.2,-0.2,
Thomas Bryant,28,CLE,C,54,0,618,18.0,.626,.502,.279,8.5,21.7,15.1,7.1,1.3,3.6,7.9,19.0,1.3,0.8,2.2,.168,1.1,-0.4,0.7,0.4,
Gary Harris,31,MIL,SG,45,2,617,7.8,.611,.681,.099,2.4,7.8,5.1,9.5,2.0,1.1,15.9,8.1,0.4,0.3,0.7,.055,-3.4,0.7,-2.7,-0.1,
Kevin Love,37,UTA,PF,37,5,613,14.9,.568,.714,.221,9.6,29.0,19.1,14.8,1.1,1.4,12.1,16.7,0.8,0.4,1.2,.092,1.1,-0.9,0.2,0.3,
Aaron Holiday,29,HOU,PG,46,1,608,9.9,.559,.643,.176,1.5,5.8,3.7,10.5,1.8,0.6,11.7,17.7,0.5,0.5,1.0,.079,-2.6,-0.3,-2.9,-0.1,
Dorian Finney-Smith,32,HOU,PF,34,1,584,5.1,.435,.775,.058,6.0,10.7,8.4,7.2,1.3,1.0,14.6,10.4,-0.2,0.5,0.4,.031,-4.7,0.0,-4.7,-0.4,
Kristaps Porziņģis,30,2TM,C,25,16,584,20.9,.579,.415,.402,5.5,17.2,11.3,17.6,1.3,5.6,7.0,27.7,1.2,0.8,2.0,.164,2.5,1.1,3.6,0.8,
Kristaps Porziņģis,30,ATL,C,17,12,413,20.6,.592,.410,.386,5.4,17.6,11.4,16.6,1.0,4.9,6.1,26.4,1.0,0.5,1.5,.176,2.7,0.9,3.6,0.6,
Kristaps Porziņģis,30,GSW,C,8,4,171,21.6,.550,.427,.438,5.7,16.5,11.0,19.9,2.0,7.5,8.8,31.0,0.2,0.3,0.5,.137,2.1,1.5,3.6,0.2,
Daeqwon Plowden,27,SAC,SG,23,3,581,10.1,.548,.624,.175,4.5,9.3,6.8,6.2,1.3,0.6,6.9,16.0,0.3,0.1,0.4,.033,-2.8,-2.2,-5.1,-0.5,
Zeke Nnaji,25,DEN,PF,48,3,577,10.6,.562,.350,.314,6.3,17.7,12.3,5.4,1.4,3.4,13.6,13.9,0.2,0.6,0.8,.068,-3.4,-0.1,-3.5,-0.2,
Tidjane Salaün,20,CHO,PF,36,0,571,13.1,.632,.525,.253,5.2,23.7,14.7,6.7,1.4,1.1,12.5,14.8,0.7,0.8,1.4,.120,-1.0,0.4,-0.6,0.2,
Ja Morant,26,MEM,PG,20,20,569,16.7,.521,.264,.363,1.5,11.0,6.2,44.8,1.7,1.0,16.0,32.4,0.1,0.3,0.4,.034,0.5,-2.0,-1.5,0.1,
Domantas Sabonis,29,SAC,C,19,15,564,19.2,.590,.122,.348,12.2,30.9,21.3,21.4,1.5,0.6,16.7,23.1,0.7,0.4,1.1,.094,0.7,-0.2,0.5,0.4,
Jamaree Bouyea,26,PHO,PG,39,0,558,13.8,.529,.338,.157,2.9,11.5,7.1,17.8,2.4,2.4,9.4,17.8,0.4,0.7,1.1,.097,-1.1,1.3,0.3,0.3,
Mohamed Diawara,20,NYK,SF,62,6,555,10.6,.569,.614,.085,2.8,14.6,8.7,10.5,1.2,1.1,12.5,17.2,0.3,0.6,0.9,.077,-1.4,0.1,-1.3,0.1,
Drew Eubanks,28,SAC,C,42,11,552,13.6,.605,.045,.365,7.6,18.2,12.8,5.0,1.3,4.3,14.2,16.3,0.3,0.3,0.6,.053,-3.0,-0.8,-3.8,-0.2,
Grant Williams,27,CHO,PF,28,3,543,12.4,.606,.727,.302,6.6,15.6,11.2,11.9,1.0,2.0,13.7,14.2,0.8,0.6,1.4,.125,0.2,0.8,1.0,0.4,
Dalen Terry,23,2TM,SG,46,0,540,11.2,.516,.433,.180,5.0,11.7,8.4,15.8,2.5,2.5,13.8,14.6,0.1,0.6,0.7,.058,-2.5,0.7,-1.8,0.0,
Dalen Terry,23,CHI,SG,34,0,377,11.7,.539,.451,.167,5.5,12.6,9.1,15.1,2.7,2.5,16.1,14.5,0.1,0.4,0.5,.062,-2.4,1.1,-1.3,0.1,
Dalen Terry,23,PHI,SG,12,0,163,10.1,.468,.396,.208,4.0,9.6,6.7,17.5,1.8,2.3,8.7,14.9,0.0,0.1,0.2,.051,-2.7,-0.2,-3.0,0.0,
Jase Richardson,20,ORL,SG,47,0,538,11.5,.577,.434,.220,4.1,7.3,5.7,14.4,1.4,0.3,11.2,16.9,0.5,0.4,0.9,.078,-1.8,-0.9,-2.7,-0.1,
Rasheer Fleming,21,PHO,PF,47,0,531,10.9,.516,.614,.169,10.3,11.5,10.9,2.9,1.5,3.3,8.7,15.7,0.2,0.6,0.8,.072,-2.4,-1.0,-3.5,-0.2,
Cole Anthony,25,MIL,PG,35,0,527,10.8,.483,.312,.113,3.5,15.0,9.3,34.6,1.9,2.1,21.1,25.8,-0.9,0.4,-0.4,-0.041,-3.9,-0.9,-4.8,-0.4,
Jonathan Isaac,28,ORL,PF,52,0,521,11.7,.498,.349,.532,9.1,19.2,14.1,5.6,1.9,5.4,11.8,12.4,0.1,0.8,0.9,.084,-2.8,1.3,-1.6,0.1,
Jordan Hawkins,23,NOP,SG,43,0,517,5.2,.429,.569,.110,3.1,10.5,6.8,6.9,0.7,1.3,10.8,17.2,-0.8,0.1,-0.6,-0.058,-4.5,-3.1,-7.6,-0.7,
Dalton Knecht,24,LAL,SF,48,1,509,9.4,.550,.580,.115,3.1,12.3,7.8,4.4,1.0,1.8,9.9,17.4,-0.1,0.3,0.3,.026,-2.6,-1.7,-4.3,-0.3,
Scoot Henderson,21,POR,PG,21,3,496,11.8,.545,.480,.306,2.6,10.4,6.4,24.9,1.3,1.3,18.0,25.9,0.0,0.4,0.3,.033,-2.4,-1.2,-3.6,-0.2,
D'Angelo Russell,29,DAL,PG,26,3,495,12.4,.511,.483,.259,1.8,11.2,6.6,31.1,1.1,0.3,15.9,26.1,-0.3,0.3,0.0,-0.001,-0.7,-1.6,-2.3,0.0,
Keaton Wallace,26,ATL,PG,49,2,489,11.0,.547,.601,.092,0.7,10.8,5.6,22.5,2.0,0.9,13.6,15.7,0.3,0.5,0.8,.077,-2.3,0.3,-2.0,0.0,
Sharife Cooper,24,WAS,PG,30,1,483,11.4,.570,.323,.232,2.8,11.9,7.3,22.3,0.9,0.7,18.1,19.1,0.1,0.0,0.1,.010,-2.5,-2.8,-5.3,-0.4,
Pete Nance,25,MIL,PF,38,0,480,12.9,.677,.581,.031,4.5,15.5,10.1,8.3,0.9,1.9,11.5,13.6,0.6,0.3,0.9,.088,-0.3,-1.0,-1.3,0.1,
Jamison Battle,24,TOR,SF,53,2,479,10.3,.641,.606,.091,4.0,15.3,9.6,6.2,0.6,0.4,12.2,14.0,0.4,0.4,0.8,.079,-1.7,-1.2,-3.0,-0.1,
Trayce Jackson-Davis,25,2TM,C,47,1,467,16.3,.573,.009,.609,14.7,18.1,16.4,11.1,1.7,4.3,12.6,15.1,0.7,0.6,1.3,.136,-0.8,0.3,-0.5,0.2,
Trayce Jackson-Davis,25,GSW,C,36,1,411,16.0,.601,.010,.510,12.4,17.8,15.1,11.0,1.5,4.2,12.6,14.7,0.7,0.5,1.2,.139,-1.0,0.6,-0.3,0.2,
Trayce Jackson-Davis,25,TOR,C,11,0,56,18.8,.406,.000,1.385,31.8,20.5,26.2,11.3,2.6,5.2,12.5,18.3,0.0,0.1,0.1,.118,0.4,-1.7,-1.3,0.0,
Kam Jones,23,IND,SG,30,7,463,7.9,.486,.447,.065,2.1,8.2,5.1,23.7,1.4,0.0,17.6,14.1,-0.2,0.1,0.0,-0.002,-4.5,-2.0,-6.4,-0.5,
Cam Christie,20,LAC,SG,48,0,450,9.7,.496,.377,.369,4.6,13.4,9.1,8.9,1.8,0.6,11.7,16.9,-0.1,0.3,0.2,.023,-3.3,-0.9,-4.2,-0.3,
Jahmai Mashack,23,MEM,SG,24,3,449,7.2,.446,.397,.135,4.3,8.3,6.3,9.4,3.1,2.5,14.7,14.5,-0.5,0.4,-0.1,-0.009,-5.8,0.0,-5.8,-0.4,
Devin Carter,23,SAC,PG,29,3,448,13.8,.499,.372,.314,5.5,14.1,9.7,20.4,2.6,1.0,13.2,23.8,-0.2,0.3,0.1,.011,-2.0,-0.8,-2.9,-0.1,
Elijah Harkless,25,UTA,SG,23,6,447,9.9,.500,.567,.465,1.7,8.4,5.0,18.1,2.9,0.9,13.1,16.2,0.0,0.2,0.2,.023,-4.6,-0.5,-5.1,-0.3,
Asa Newell,20,ATL,PF,40,1,445,13.6,.628,.463,.168,8.9,10.9,9.9,6.2,1.6,2.7,11.6,16.9,0.5,0.5,1.0,.104,-1.3,-0.5,-1.8,0.0,
Amir Coffey,28,2TM,SG,43,2,437,10.2,.593,.441,.301,4.5,8.8,6.7,7.4,0.9,1.1,5.4,11.1,0.6,0.2,0.8,.088,-2.1,-1.0,-3.1,-0.1,
Amir Coffey,28,MIL,SG,30,2,265,8.4,.584,.455,.273,2.6,8.4,5.5,5.5,0.6,1.1,6.1,11.0,0.2,0.0,0.3,.050,-3.3,-2.0,-5.3,-0.2,
Amir Coffey,28,PHO,SG,13,0,172,13.0,.606,.421,.342,7.5,9.3,8.4,10.3,1.4,1.1,4.4,11.3,0.4,0.1,0.5,.146,-0.4,0.7,0.3,0.1,
Tyrese Proctor,21,CLE,PG,42,1,436,10.3,.530,.605,.164,1.5,9.3,5.4,17.1,1.9,0.0,12.5,20.9,0.1,0.4,0.4,.047,-3.1,-0.6,-3.7,-0.2,
Ariel Hukporti,23,NYK,C,49,4,434,10.6,.608,.067,.467,11.7,22.8,17.2,6.8,0.9,5.4,27.9,9.8,0.2,0.7,0.9,.103,-4.2,1.7,-2.5,-0.1,
Bogdan Bogdanović,33,LAC,SG,21,3,429,8.2,.507,.603,.177,1.7,13.2,7.6,16.7,1.2,0.2,14.6,18.4,-0.2,0.3,0.1,.008,-2.9,-0.9,-3.9,-0.2,
Moussa Cisse,23,DAL,C,34,1,425,14.7,.567,.000,.795,17.1,24.3,20.8,2.5,1.3,7.3,18.2,13.5,0.2,0.7,0.9,.105,-4.0,1.0,-3.0,-0.1,
Yanic Konan Niederhäuser,22,LAC,C,41,0,424,16.4,.691,.050,.620,10.5,21.4,16.1,4.1,0.6,6.7,15.3,15.7,0.8,0.5,1.3,.151,-2.5,0.3,-2.2,0.0,
Jeremy Sochan,22,2TM,PF,40,0,424,11.1,.549,.328,.172,8.0,15.3,11.7,10.6,1.7,1.3,13.8,14.4,0.3,0.6,0.9,.100,-3.0,0.8,-2.2,0.0,
Jeremy Sochan,22,SAS,PF,28,0,358,9.8,.538,.354,.162,8.0,13.7,10.9,10.2,1.3,1.2,14.5,14.6,0.1,0.5,0.6,.082,-3.5,0.4,-3.1,-0.1,
Jeremy Sochan,22,NYK,PF,12,0,66,18.2,.613,.176,.235,8.3,23.6,15.9,12.3,3.7,1.5,9.6,13.4,0.1,0.1,0.3,.196,-0.5,3.2,2.7,0.1,
Ethan Thompson,26,IND,SG,24,6,417,7.0,.482,.625,.142,3.0,8.6,5.7,11.5,1.7,1.2,11.2,14.6,-0.2,0.2,0.0,-0.001,-4.5,-0.2,-4.8,-0.3,
Tony Bradley,28,IND,C,38,3,416,13.1,.604,.019,.406,14.2,13.8,14.0,6.9,0.7,1.4,12.0,14.5,0.7,0.2,0.9,.100,-2.4,-1.7,-4.1,-0.2,
Leonard Miller,22,2TM,SF,35,6,411,15.4,.636,.367,.194,7.5,19.0,13.3,7.8,1.2,1.7,11.2,17.4,0.6,0.4,0.9,.110,-0.7,-0.4,-1.1,0.1,
Leonard Miller,22,MIN,SF,19,0,95,12.2,.581,.364,.333,8.3,20.3,14.5,7.6,2.0,0.0,19.2,20.8,0.0,0.1,0.1,.050,-5.2,-0.6,-5.8,-0.1,
Leonard Miller,22,CHI,SF,16,6,316,16.3,.655,.368,.151,7.2,18.7,13.0,7.8,0.9,2.2,8.1,16.3,0.6,0.2,0.8,.128,0.7,-0.3,0.3,0.2,
Moritz Wagner,28,ORL,C,30,0,388,15.7,.553,.371,.406,7.1,22.3,14.6,9.0,1.7,0.2,7.6,24.4,0.4,0.5,0.9,.113,-1.3,-0.9,-2.2,0.0,
Myron Gardner,24,MIA,SF,39,7,387,15.6,.613,.539,.209,9.8,21.1,15.4,13.2,2.3,1.6,10.0,14.6,0.8,0.6,1.4,.175,-0.6,1.9,1.3,0.3,
Maxi Kleber,34,LAL,PF,36,1,384,8.5,.545,.367,.367,8.5,11.9,10.2,7.2,1.7,2.4,15.7,9.4,0.2,0.3,0.6,.072,-3.8,0.4,-3.4,-0.1,
Trae Young,27,2TM,PG,15,15,384,21.1,.612,.452,.548,1.1,7.4,4.2,46.0,1.6,0.5,15.1,28.1,1.2,0.2,1.4,.172,4.2,-1.5,2.7,0.5,
Trae Young,27,ATL,PG,10,10,280,19.8,.577,.437,.541,0.0,5.9,2.9,45.2,1.7,0.3,13.5,28.7,0.7,0.2,0.9,.160,3.5,-1.8,1.7,0.3,
Trae Young,27,WAS,PG,5,5,104,24.7,.723,.500,.571,4.0,11.4,7.7,48.1,1.4,0.8,19.8,26.4,0.4,0.0,0.4,.205,6.2,-0.8,5.5,0.2,
Branden Carlson,26,OKC,C,36,2,378,15.7,.597,.459,.126,7.2,19.0,13.3,7.9,0.8,4.7,8.4,17.8,0.5,0.7,1.2,.152,-0.4,0.3,-0.1,0.2,
Terrence Shannon Jr.,25,MIN,SG,33,0,376,7.6,.548,.467,.346,2.4,7.1,4.8,7.2,1.4,0.2,12.7,15.8,0.0,0.3,0.3,.043,-4.4,-0.9,-5.3,-0.3,
Julian Phillips,22,2TM,SF,43,2,365,10.4,.550,.541,.173,6.5,6.9,6.7,2.9,2.7,1.7,7.0,13.1,0.2,0.3,0.5,.071,-2.4,0.4,-2.0,0.0,
Julian Phillips,22,CHI,SF,35,2,334,9.3,.533,.557,.125,7.1,6.9,7.0,2.7,2.4,1.6,7.0,12.6,0.1,0.3,0.4,.057,-2.9,0.0,-2.8,-0.1,
Julian Phillips,22,MIN,SF,8,0,31,21.3,.672,.400,.600,0.0,6.9,3.5,4.5,6.2,2.8,7.3,18.6,0.1,0.1,0.1,.224,2.3,4.9,7.2,0.1,
Jeremiah Robinson-Earl,25,2TM,PF,22,3,361,9.4,.468,.410,.180,10.6,20.6,15.5,5.6,1.2,0.2,10.0,14.1,0.0,0.2,0.2,.029,-3.4,-1.8,-5.2,-0.3,
Jeremiah Robinson-Earl,25,IND,PF,17,3,300,8.7,.443,.398,.169,11.3,20.9,16.0,5.4,1.1,0.3,10.1,14.0,-0.1,0.2,0.1,.014,-3.5,-1.9,-5.4,-0.3,
Jeremiah Robinson-Earl,25,DAL,PF,5,0,61,13.0,.586,.471,.235,7.1,18.8,13.1,6.7,1.6,0.0,9.6,14.3,0.1,0.1,0.1,.100,-3.0,-1.1,-4.0,0.0,
Cam Whitmore,21,WAS,SF,21,0,354,13.8,.528,.331,.183,5.7,11.9,8.7,6.6,2.0,2.0,9.0,23.7,-0.1,0.1,0.0,.000,-1.1,-2.1,-3.2,-0.1,
Larry Nance Jr.,33,CLE,PF,29,2,353,8.7,.479,.536,.052,7.8,15.5,11.6,9.7,2.0,1.1,11.6,13.4,0.0,0.4,0.5,.062,-4.2,0.6,-3.6,-0.1,
AJ Johnson,21,2TM,SG,40,0,353,4.9,.403,.341,.178,2.7,11.2,6.9,13.7,1.2,0.5,14.7,19.4,-0.8,0.1,-0.7,-0.100,-6.6,-2.3,-8.9,-0.6,
AJ Johnson,21,WAS,SG,25,0,214,4.4,.396,.301,.145,3.9,11.6,7.7,14.0,1.6,0.0,16.9,20.8,-0.6,0.0,-0.6,-0.134,-7.2,-3.4,-10.6,-0.5,
AJ Johnson,21,DAL,SG,15,0,139,5.6,.413,.413,.239,0.8,10.5,5.7,13.3,0.7,1.2,10.6,17.2,-0.2,0.1,-0.1,-0.047,-5.6,-0.7,-6.3,-0.2,
Liam McNeeley,20,CHO,SF,29,0,352,9.8,.578,.648,.363,3.6,17.2,10.5,8.7,0.7,0.8,11.0,14.2,0.4,0.3,0.7,.098,-1.8,-0.1,-1.9,0.0,
Marcus Sasser,25,DET,PG,28,5,352,12.9,.565,.634,.107,1.9,7.5,4.7,22.2,2.7,0.6,14.4,18.8,0.4,0.5,0.9,.117,-1.0,0.6,-0.5,0.1,
Taelon Peter,23,IND,SG,31,0,348,8.9,.518,.866,.116,1.8,11.6,6.6,12.8,2.3,1.0,14.5,16.8,-0.3,0.2,0.0,-0.004,-3.4,-0.8,-4.1,-0.2,
Isaiah Livers,27,PHO,PF,36,0,347,7.6,.469,.625,.188,5.9,13.9,9.8,7.7,1.9,2.2,14.8,10.0,0.0,0.4,0.4,.054,-3.7,1.1,-2.6,0.0,
Kelly Olynyk,34,SAS,C,39,0,343,12.6,.574,.484,.344,7.7,14.3,11.1,16.8,2.0,0.8,17.7,16.0,0.3,0.5,0.8,.114,-1.8,1.0,-0.9,0.1,
Ty Jerome,28,MEM,SG,15,15,339,25.7,.616,.465,.260,3.5,10.0,6.7,44.6,2.2,1.1,10.1,32.7,1.2,0.3,1.4,.201,8.2,-0.6,7.6,0.8,
Blake Wesley,22,POR,SG,25,0,332,11.0,.527,.296,.343,2.2,8.6,5.4,26.3,2.3,0.8,18.9,18.7,0.0,0.3,0.3,.044,-3.3,0.0,-3.3,-0.1,
Cameron Payne,31,PHI,PG,18,1,326,14.3,.494,.637,.148,1.0,10.6,5.7,23.1,3.6,1.7,7.1,20.0,0.2,0.4,0.6,.091,-0.8,1.3,0.5,0.2,
Christian Koloko,25,3TM,C,24,4,320,9.0,.461,.108,.154,9.4,15.1,12.2,5.9,1.9,6.1,15.8,10.7,-0.1,0.4,0.3,.049,-5.5,1.4,-4.1,-0.2,
Christian Koloko,25,LAL,C,2,0,6,-0.3,,,,0.0,19.0,9.8,0.0,0.0,0.0,,0.0,0.0,0.0,0.0,.023,-6.7,-1.7,-8.4,0.0,
Christian Koloko,25,MEM,C,11,2,195,9.0,.394,.029,.114,10.5,14.0,12.2,6.5,2.4,6.2,16.0,9.3,-0.1,0.2,0.1,.037,-4.8,1.7,-3.0,0.0,
Christian Koloko,25,ATL,C,11,2,119,9.5,.536,.200,.200,8.1,16.6,12.3,5.3,1.2,6.1,15.5,13.5,0.0,0.2,0.2,.070,-6.7,1.0,-5.7,-0.1,
Nick Smith Jr.,21,LAL,SG,25,1,318,9.2,.530,.519,.083,0.8,6.5,3.7,12.6,1.4,0.6,12.1,21.5,-0.2,0.2,0.0,-0.005,-2.8,-2.3,-5.2,-0.3,
Taurean Prince,31,MIL,SF,16,3,316,7.4,.582,.720,.037,0.7,10.9,5.9,6.0,1.4,0.6,10.7,13.1,0.0,0.1,0.2,.025,-3.8,-1.4,-5.2,-0.3,
Khaman Maluach,19,PHO,C,38,0,304,11.2,.593,.200,.300,10.3,20.0,15.0,2.7,0.7,6.6,22.5,14.3,0.0,0.4,0.4,.061,-4.9,0.0,-4.9,-0.2,
Dejounte Murray,29,NOP,PG,11,11,304,19.8,.604,.378,.280,1.1,19.0,10.0,38.2,2.7,0.6,18.3,27.0,0.4,0.3,0.7,.109,2.0,0.7,2.7,0.4,
Doug McDermott,34,SAC,SF,21,0,297,8.8,.604,.912,.022,1.5,7.3,4.3,5.5,0.6,0.9,8.9,14.4,0.2,0.0,0.1,.021,-1.3,-2.9,-4.2,-0.2,
Jae'Sean Tate,30,HOU,SF,36,0,296,10.3,.560,.316,.089,8.7,9.3,9.0,7.7,1.5,0.9,11.8,13.2,0.3,0.3,0.6,.091,-3.3,-0.3,-3.7,-0.1,
Jamal Cain,26,ORL,SF,30,1,292,11.6,.571,.490,.286,7.2,10.0,8.6,7.8,1.2,0.6,9.1,17.6,0.3,0.2,0.5,.089,-1.5,-1.7,-3.2,-0.1,
Yang Hansen,20,POR,C,40,1,286,3.7,.411,.421,.316,7.0,16.1,11.5,10.3,0.5,2.8,21.7,19.6,-0.7,0.2,-0.5,-0.080,-8.6,-0.7,-9.3,-0.5,
Matisse Thybulle,28,POR,SG,21,0,285,14.7,.566,.699,.217,4.8,8.5,6.6,8.1,6.7,3.1,15.0,15.2,0.1,0.6,0.7,.125,-2.1,6.5,4.3,0.5,
Zach Edey,23,MEM,C,11,11,284,20.8,.669,.051,.327,16.2,30.4,23.3,6.6,1.2,6.9,18.8,20.2,0.4,0.4,0.8,.142,-0.6,1.2,0.6,0.2,
Brooks Barnhizer,23,OKC,SG,36,0,278,6.9,.446,.340,.120,5.7,18.3,12.3,7.9,1.0,1.4,13.2,9.4,0.0,0.5,0.5,.078,-4.0,1.2,-2.8,-0.1,
Malaki Branham,22,WAS,SG,28,0,275,14.1,.604,.407,.374,4.6,12.6,8.5,11.9,1.7,1.0,12.4,18.4,0.3,0.0,0.4,.066,-0.8,-1.5,-2.3,0.0,
Lindy Waters III,28,SAS,SG,37,0,264,8.4,.568,.883,.013,1.3,9.5,5.5,8.8,0.9,0.3,7.2,13.3,0.2,0.3,0.4,.081,-2.0,-0.2,-2.3,0.0,
Pat Connaughton,33,CHO,SG,35,0,260,13.5,.588,.615,.231,5.3,16.9,11.3,9.1,1.9,0.4,9.5,15.4,0.3,0.3,0.6,.120,0.1,0.4,0.5,0.2,
Duop Reath,29,POR,C,32,0,258,10.6,.613,.743,.081,4.1,11.9,7.9,5.4,0.9,2.8,8.4,13.1,0.3,0.2,0.5,.098,-0.9,-0.1,-1.0,0.1,
Kevon Looney,29,NOP,C,18,6,251,13.6,.468,.173,.154,17.9,23.4,20.7,12.8,1.1,3.4,12.6,10.6,0.3,0.2,0.6,.108,-1.4,-0.7,-2.2,0.0,
Ron Harper Jr.,25,BOS,SF,24,2,248,10.7,.520,.795,.026,6.2,10.0,8.1,8.1,0.8,3.3,6.0,14.7,0.2,0.3,0.5,.096,-0.7,0.3,-0.4,0.1,
KJ Simpson,23,2TM,PG,17,2,246,8.6,.428,.406,.188,3.8,11.6,7.8,24.1,3.2,0.0,18.8,22.0,-0.4,0.3,-0.1,-0.018,-5.0,0.5,-4.5,-0.2,
KJ Simpson,23,CHO,PG,14,2,223,7.8,.437,.438,.180,2.6,11.8,7.3,22.1,3.3,0.0,20.0,22.7,-0.5,0.3,-0.2,-0.034,-5.6,0.3,-5.3,-0.2,
KJ Simpson,23,DEN,PG,3,0,23,16.5,.317,.000,.286,15.4,9.4,12.2,43.6,2.1,0.0,0.0,14.9,0.1,0.0,0.1,.139,0.7,2.8,3.5,0.0,
Killian Hayes,24,SAC,PG,14,3,244,7.1,.397,.447,.118,0.9,16.4,8.4,26.1,1.4,1.1,14.4,18.2,-0.4,0.1,-0.3,-0.056,-5.8,-1.8,-7.6,-0.3,
Jordan McLaughlin,29,SAS,PG,38,0,241,11.6,.534,.536,.072,2.3,9.1,5.8,18.6,3.4,0.7,16.4,14.9,0.1,0.4,0.5,.091,-1.9,2.2,0.3,0.1,
Oscar Tshiebwe,26,UTA,C,17,1,240,18.9,.652,.000,.288,17.0,19.9,18.4,8.5,1.6,1.2,6.3,13.6,0.7,0.1,0.8,.157,1.1,-2.6,-1.6,0.0,
Jayson Tatum,27,BOS,PF,8,8,238,17.2,.507,.540,.194,3.3,28.9,16.3,16.9,1.9,0.0,9.0,30.2,0.0,0.4,0.5,.093,0.8,0.4,1.2,0.2,
Andre Jackson Jr.,24,MIL,SG,38,0,235,5.9,.371,.556,.159,8.3,11.8,10.1,18.1,1.9,0.9,19.2,15.7,-0.3,0.1,-0.2,-0.040,-5.9,-1.4,-7.3,-0.3,
Obi Toppin,27,IND,PF,14,3,234,14.9,.576,.592,.265,2.7,24.5,13.3,19.1,1.2,0.4,12.8,22.8,0.1,0.2,0.3,.060,0.0,-0.8,-0.8,0.1,
Chris Paul,40,LAC,PG,16,0,228,8.1,.413,.536,.036,3.2,10.9,7.2,30.7,2.4,0.0,22.0,14.2,-0.1,0.2,0.1,.015,-3.9,-0.2,-4.2,-0.1,
Bronny James,21,LAL,SG,32,1,224,9.6,.506,.460,.079,2.2,5.6,3.9,22.3,2.4,0.8,17.7,15.4,0.0,0.2,0.2,.036,-2.5,-0.9,-3.4,-0.1,
Joan Beringer,19,MIN,PF,33,1,219,17.6,.642,.000,.262,16.5,15.6,16.1,5.2,0.9,5.6,9.9,15.5,0.5,0.3,0.8,.178,-1.5,-0.1,-1.6,0.0,
PJ Hall,23,2TM,C,19,2,214,15.8,.599,.085,.492,17.6,21.6,19.6,6.6,0.7,4.3,18.2,17.3,0.3,0.3,0.6,.125,-1.6,-0.8,-2.3,0.0,
PJ Hall,23,MEM,C,7,0,27,18.9,.630,.333,.333,11.9,24.3,18.1,10.9,0.0,6.9,8.8,17.4,0.1,0.0,0.1,.159,1.7,0.0,1.8,0.0,
PJ Hall,23,CHO,C,12,2,187,15.4,.594,.040,.520,18.5,21.2,19.9,6.0,0.8,3.9,19.6,17.2,0.2,0.2,0.5,.120,-2.0,-0.9,-2.9,0.0,
Scotty Pippen Jr.,25,MEM,PG,10,6,212,14.8,.537,.333,.240,4.0,7.2,5.6,33.6,4.3,1.8,20.3,26.1,-0.1,0.3,0.2,.035,-2.6,-0.2,-2.8,0.0,
Keshad Johnson,24,MIA,SF,26,0,206,13.4,.543,.463,.280,9.4,15.6,12.5,2.7,2.2,3.0,11.5,20.5,0.0,0.3,0.3,.072,-2.5,-0.1,-2.6,0.0,
Chaz Lanier,24,DET,SG,26,0,205,8.1,.463,.765,.074,3.8,6.5,5.2,8.7,1.6,0.0,2.8,14.6,0.1,0.2,0.3,.074,-3.0,-0.8,-3.7,-0.1,
Blake Hinson,26,UTA,SF,10,1,202,12.6,.670,.754,.087,4.2,8.8,6.5,5.7,0.2,0.5,2.7,15.0,0.4,-0.1,0.3,.082,0.8,-3.5,-2.6,0.0,
Bez Mbeng,22,UTA,SG,6,2,198,6.2,.471,.500,.231,4.9,7.9,6.3,13.6,2.1,1.5,25.9,8.1,0.0,0.0,0.0,.003,-5.9,-0.7,-6.6,-0.2,
Jonathan Mogbo,24,TOR,PF,31,0,196,12.1,.568,.000,.270,9.7,20.5,15.0,10.6,2.2,3.0,19.5,11.2,0.1,0.3,0.4,.103,-3.1,1.0,-2.1,0.0,
DaRon Holmes,23,DEN,PF,20,6,196,12.0,.682,.732,.196,3.6,13.2,8.6,11.0,0.0,1.9,15.3,16.0,0.3,0.1,0.4,.088,0.0,-1.6,-1.6,0.0,
Garrison Mathews,29,IND,SG,15,1,196,11.3,.628,.885,.442,1.1,8.6,4.7,7.0,1.5,1.3,4.6,14.1,0.3,0.1,0.4,.096,-1.3,-0.1,-1.4,0.0,
Nigel Hayes-Davis,31,PHO,SF,27,0,195,4.2,.356,.348,.087,6.6,12.4,9.4,4.7,2.0,1.0,14.3,12.2,-0.3,0.2,-0.1,-0.026,-6.4,-0.9,-7.3,-0.3,
Chaney Johnson,23,BRK,SF,9,0,191,15.1,.630,.378,.533,10.4,16.0,13.1,16.7,2.3,2.4,17.8,15.4,0.3,0.2,0.5,.124,-0.7,1.2,0.6,0.1,
JD Davison,23,HOU,PG,25,0,184,9.7,.474,.519,.167,1.2,12.5,6.9,19.9,1.4,2.0,10.8,14.9,0.1,0.2,0.3,.074,-3.0,0.8,-2.2,0.0,
Zach Collins,28,CHI,C,10,0,184,18.0,.666,.328,.313,9.4,22.9,16.2,12.1,0.5,1.9,12.1,18.9,0.4,0.1,0.5,.141,1.0,-0.7,0.3,0.1,
Chris Youngblood,23,2TM,SG,33,0,183,10.7,.527,.857,.159,4.3,11.9,8.3,8.7,1.1,1.6,2.9,16.4,0.2,0.3,0.5,.119,-2.0,-0.2,-2.3,0.0,
Chris Youngblood,23,OKC,SG,32,0,174,10.1,.505,.850,.167,4.5,12.5,8.7,8.2,1.1,1.7,3.0,16.5,0.1,0.3,0.4,.111,-2.6,-0.3,-2.9,0.0,
Chris Youngblood,23,POR,SG,1,0,9,22.3,1.000,1.000,.000,0.0,0.0,0.0,17.7,0.0,0.0,0.0,13.5,0.1,0.0,0.1,.286,8.8,1.4,10.2,0.0,
Tyler Burton,25,MEM,SF,7,0,181,9.5,.524,.600,.367,4.2,16.3,10.2,4.4,1.6,1.0,10.3,17.8,0.0,0.1,0.1,.035,-3.4,-1.9,-5.3,-0.2,
MarJon Beauchamp,25,PHI,SF,10,1,180,13.5,.575,.609,.217,3.6,15.5,9.5,11.3,2.4,1.6,14.7,20.8,0.0,0.2,0.2,.064,-0.4,-0.7,-1.2,0.0,
RayJ Dennis,24,3TM,PG,16,0,180,6.5,.416,.534,.123,4.7,9.4,7.0,22.9,1.1,1.9,16.3,21.7,-0.4,0.1,-0.3,-0.080,-4.1,-1.1,-5.2,-0.1,
RayJ Dennis,24,IND,PG,13,0,168,6.5,.421,.528,.125,5.0,8.7,6.8,21.9,0.9,2.0,15.6,22.7,-0.4,0.1,-0.3,-0.087,-3.9,-1.4,-5.3,-0.1,
RayJ Dennis,24,LAC,PG,1,0,4,-6.0,,,,0.0,56.7,29.2,0.0,0.0,0.0,100.0,11.1,0.0,0.0,0.0,-0.275,-15.4,-0.4,-15.7,0.0,
RayJ Dennis,24,ATL,PG,2,0,8,13.8,.000,1.000,.000,0.0,0.0,0.0,55.3,5.9,0.0,0.0,5.2,0.0,0.0,0.0,.162,-1.7,5.5,3.8,0.0,
Drew Timme,25,LAL,PF,21,0,179,14.3,.666,.373,.137,6.1,11.5,8.8,12.7,1.4,0.0,11.5,14.9,0.3,0.1,0.4,.120,0.4,-1.2,-0.9,0.1,
Leaky Black,26,WAS,SF,6,2,176,9.8,.607,.512,.146,4.2,14.1,9.1,6.0,0.8,2.0,10.3,11.6,0.2,0.0,0.2,.048,-2.3,-1.8,-4.1,-0.1,
Tyson Etienne,26,BRK,PG,16,0,172,12.3,.642,.851,.239,1.3,6.4,3.7,14.2,0.9,0.0,10.8,21.0,0.3,0.0,0.3,.078,0.6,-2.4,-1.8,0.0,
LJ Cryer,24,GSW,PG,12,0,170,14.0,.685,.836,.179,2.6,11.3,6.8,6.2,0.6,0.0,8.8,19.7,0.3,0.1,0.4,.112,1.4,-2.1,-0.7,0.0,
Andersson Garcia,25,UTA,SF,5,2,169,8.4,.394,.448,.310,10.8,16.4,13.5,10.2,2.2,2.3,17.5,9.8,0.0,0.1,0.1,.017,-5.2,-0.7,-5.9,-0.2,
Malevy Leons,26,GSW,SF,18,1,167,12.0,.495,.295,.182,13.7,10.1,11.9,8.1,2.3,3.8,11.2,13.5,0.1,0.2,0.3,.090,-3.2,0.0,-3.2,-0.1,
E.J. Liddell,25,BRK,PF,18,0,165,8.7,.498,.609,.109,3.4,20.7,11.6,11.9,0.9,3.9,12.7,14.6,-0.1,0.1,0.1,.016,-3.8,-0.4,-4.3,-0.1,
Lachlan Olbrich,22,CHI,C,26,0,164,9.0,.469,.258,.387,10.6,20.5,15.6,13.1,1.7,1.1,18.1,11.3,0.0,0.2,0.2,.053,-4.6,0.5,-4.1,-0.1,
DeAndre Jordan,37,NOP,C,10,6,163,14.8,.693,.000,.652,13.8,28.7,21.2,6.4,0.9,4.7,23.3,9.9,0.2,0.2,0.4,.121,-1.1,0.3,-0.8,0.0,
Hunter Tyson,25,DEN,PF,21,2,162,6.4,.398,.635,.250,2.9,21.3,12.5,13.1,0.6,0.6,8.0,16.9,-0.2,0.1,0.0,-0.014,-5.3,-1.6,-6.9,-0.2,
Xavier Tillman Sr.,27,2TM,C,25,1,155,10.5,.431,.425,.100,13.1,14.0,13.5,9.1,2.6,1.9,14.4,13.5,0.0,0.2,0.2,.064,-3.0,0.6,-2.4,0.0,
Xavier Tillman Sr.,27,BOS,C,14,1,111,11.3,.500,.484,.000,10.0,14.5,12.3,6.0,2.7,1.8,13.9,14.0,0.0,0.2,0.2,.080,-2.2,1.0,-1.2,0.0,
Xavier Tillman Sr.,27,CHO,C,11,0,44,8.6,.232,.222,.444,20.9,12.5,16.6,16.9,2.2,2.1,15.7,12.2,0.0,0.1,0.0,.022,-5.1,-0.3,-5.4,0.0,
Walker Kessler,24,UTA,C,5,5,154,20.8,.786,.216,.541,16.0,22.4,19.1,14.0,2.1,5.8,25.9,16.6,0.3,0.1,0.5,.152,1.6,1.7,3.3,0.2,
Julian Reese,22,WAS,PF,5,4,148,12.8,.659,.000,.667,13.5,20.5,16.9,8.1,1.6,1.2,25.6,13.3,0.2,0.1,0.2,.071,-3.0,-1.7,-4.7,-0.1,
Mason Plumlee,35,2TM,C,17,2,139,13.9,.743,.000,1.167,11.4,25.3,18.5,15.6,2.8,0.0,33.1,8.2,0.2,0.2,0.5,.159,-1.5,2.6,1.2,0.1,
Mason Plumlee,35,CHO,C,14,2,125,13.5,.752,.000,1.000,9.2,26.4,18.0,16.4,2.4,0.0,34.2,8.9,0.2,0.2,0.4,.141,-1.5,2.6,1.1,0.1,
Mason Plumlee,35,SAS,C,3,0,14,18.2,.568,,,31.4,15.0,23.0,8.0,6.9,0.0,0.0,2.6,0.1,0.0,0.1,.319,-0.9,2.6,1.7,0.0,
Jeff Green,39,HOU,PF,26,0,138,11.0,.533,.685,.056,4.1,11.1,7.6,5.0,0.4,0.7,1.8,17.2,0.2,0.1,0.3,.100,-0.8,-2.3,-3.2,0.0,
Miles Kelly,23,DAL,PG,14,0,134,8.2,.484,.750,.023,4.0,14.8,9.5,12.0,1.4,0.6,11.9,15.8,-0.1,0.1,0.0,.016,-4.5,-0.5,-5.0,-0.1,
Nate Williams,26,GSW,SG,10,0,134,13.8,.645,.319,.277,9.7,4.2,7.0,10.1,1.1,0.0,13.2,19.1,0.2,0.1,0.3,.105,-0.7,-2.0,-2.7,0.0,
Kevin McCullar Jr.,24,NYK,SF,20,0,130,8.4,.471,.500,.139,8.5,13.7,11.1,18.7,2.7,0.0,23.9,16.4,-0.1,0.2,0.1,.031,-4.6,0.7,-3.9,-0.1,
DeJon Jarreau,28,MEM,SG,6,0,128,8.8,.487,.324,.189,5.0,21.4,13.1,24.3,1.5,1.5,25.9,17.5,-0.2,0.1,0.0,-0.013,-4.7,-0.3,-5.0,-0.1,
Jalen Slawson,26,IND,SF,5,2,128,13.2,.528,.594,.281,3.3,16.7,9.8,15.7,3.0,5.4,12.2,13.6,0.1,0.2,0.2,.088,-1.8,1.5,-0.4,0.1,
Bismack Biyombo,33,SAS,C,22,1,124,4.7,.653,.000,.538,4.4,12.7,8.7,4.9,1.5,0.7,30.3,7.8,0.0,0.2,0.2,.061,-6.9,1.2,-5.8,-0.1,
Yuki Kawamura,24,CHI,PG,11,0,121,12.7,.555,.667,.542,4.5,13.9,9.3,32.6,2.3,0.0,27.0,14.1,0.1,0.1,0.2,.090,-2.4,-0.6,-3.0,0.0,
Bradley Beal,32,LAC,SG,6,6,121,5.1,.476,.396,.167,2.0,2.8,2.4,12.0,1.2,0.0,14.9,22.2,-0.2,0.0,-0.2,-0.072,-6.6,-3.9,-10.5,-0.3,
Max Strus,29,CLE,SF,5,0,121,13.0,.626,.857,.114,6.3,21.8,14.0,11.8,1.2,0.0,9.8,14.2,0.2,0.1,0.4,.144,0.2,-0.5,-0.3,0.1,
Amari Williams,24,BOS,PF,19,2,120,9.6,.539,.000,.706,7.4,20.6,14.1,8.3,0.8,7.6,26.4,10.9,0.0,0.2,0.2,.074,-4.9,2.6,-2.3,0.0,
Malachi Smith,26,BRK,SG,6,0,117,12.4,.599,.333,.067,4.7,8.3,6.4,21.1,2.5,2.4,22.6,14.8,0.0,0.1,0.1,.049,-0.9,0.3,-0.6,0.0,
Dereck Lively II,21,DAL,C,7,4,115,15.0,.670,.000,.556,13.2,20.9,17.1,14.7,1.6,8.1,30.9,11.8,0.1,0.2,0.3,.130,-3.0,3.6,0.6,0.1,
A.J. Lawson,25,TOR,SG,14,0,110,12.0,.545,.537,.220,7.1,16.7,11.8,3.7,1.8,2.6,8.2,19.1,0.1,0.2,0.2,.091,-2.4,-0.4,-2.7,0.0,
Kyle Lowry,39,PHI,PG,12,0,108,3.1,.376,1.000,.375,0.0,9.3,4.6,12.3,0.9,1.7,17.7,8.8,-0.1,0.1,0.0,-0.016,-7.0,-1.3,-8.3,-0.2,
Adou Thiero,21,LAL,SF,20,0,107,9.4,.532,.045,.545,7.9,13.9,11.0,7.2,2.3,1.7,15.5,13.2,0.0,0.1,0.1,.065,-5.1,-0.1,-5.2,-0.1,
Luke Travers,24,CLE,SG,12,0,103,10.3,.350,.444,.250,9.6,16.0,12.8,10.8,3.3,3.6,7.0,17.5,-0.1,0.2,0.1,.026,-4.2,1.0,-3.3,0.0,
Alijah Martin,24,TOR,SG,16,0,102,12.4,.487,.412,.471,6.6,9.0,7.8,10.3,3.3,2.8,8.9,18.9,0.0,0.2,0.2,.082,-2.7,1.6,-1.1,0.0,
Patrick Baldwin Jr.,23,3TM,SF,9,1,102,11.8,.549,.519,.259,12.7,12.3,12.5,6.4,1.4,4.5,14.3,14.7,0.0,0.1,0.1,.049,-3.0,-1.6,-4.6,-0.1,
Patrick Baldwin Jr.,23,LAC,SF,2,0,12,23.7,1.025,.750,.500,0.0,9.5,4.9,0.0,0.0,0.0,17.0,21.8,0.1,0.0,0.1,.212,5.2,-0.4,4.8,0.0,
Patrick Baldwin Jr.,23,PHI,SF,1,0,2,6.3,,,,0.0,55.9,27.5,0.0,0.0,0.0,,0.0,0.0,0.0,0.0,.083,-5.0,-3.0,-8.1,0.0,
Patrick Baldwin Jr.,23,SAC,SF,6,1,88,10.3,.456,.478,.217,14.7,11.7,13.3,7.4,1.6,5.2,13.7,14.1,0.0,0.1,0.0,.026,-4.1,-1.7,-5.8,-0.1,
Thanasis Antetokounmpo,33,MIL,SF,29,0,101,16.7,.568,.091,1.000,11.3,15.4,13.4,9.4,4.4,5.0,15.9,16.5,0.1,0.2,0.3,.125,-2.3,1.9,-0.3,0.0,
Alondes Williams,26,WAS,SG,4,0,101,19.2,.745,.538,.308,5.2,21.4,13.2,16.9,1.4,2.6,14.5,14.3,0.3,0.1,0.3,.158,1.4,-0.6,0.7,0.1,
Joe Ingles,38,MIN,SF,24,0,98,10.3,.684,.615,.154,0.0,9.8,5.0,25.1,3.4,0.9,39.3,9.8,0.0,0.1,0.2,.084,-2.6,2.5,-0.1,0.0,
Javonte Cooke,26,POR,SG,19,0,94,-0.1,.275,.561,.049,4.5,17.5,10.9,9.9,3.0,0.0,17.7,21.9,-0.5,0.1,-0.4,-0.180,-10.5,-1.2,-11.7,-0.2,
Chris Boucher,33,BOS,PF,9,0,94,7.8,.392,.600,.160,2.4,18.3,10.4,4.1,2.7,7.5,3.6,12.8,-0.1,0.2,0.1,.064,-5.9,2.7,-3.2,0.0,
Tolu Smith,25,DET,PF,9,0,94,17.0,.580,.000,.750,16.7,24.6,20.7,9.7,1.0,5.3,13.5,16.3,0.2,0.2,0.4,.184,-1.0,1.6,0.6,0.1,
Pacôme Dadiet,20,NYK,SG,25,0,93,10.7,.458,.690,.207,3.5,20.4,11.9,13.6,1.6,1.1,5.9,15.4,0.1,0.1,0.2,.093,-2.1,1.1,-1.0,0.0,
Kobe Bufkin,22,LAL,SG,11,1,90,5.1,.397,.526,.211,1.3,10.1,5.9,7.4,1.1,3.1,8.8,22.1,-0.2,0.1,-0.2,-0.084,-7.2,-3.4,-10.6,-0.2,
Johnny Juzang,24,MIN,SG,21,0,88,12.2,.518,.632,.211,6.4,14.6,10.6,9.7,1.1,1.0,10.7,22.3,0.0,0.1,0.1,.040,-1.6,-1.7,-3.3,0.0,
Haywood Highsmith,29,PHO,SF,6,0,80,18.5,.729,.650,.300,8.1,10.0,9.0,12.1,2.5,0.0,0.0,12.0,0.3,0.1,0.4,.250,3.6,1.4,5.0,0.1,
Eric Gordon,37,PHI,SG,6,0,74,14.4,.754,.667,.095,1.5,1.5,1.5,5.9,2.6,1.3,12.1,14.2,0.1,0.1,0.2,.114,2.1,0.3,2.4,0.1,
Isaiah Crawford,24,HOU,SF,12,0,73,8.5,.479,.563,.250,3.1,12.0,7.6,6.9,1.4,3.8,10.1,11.4,0.0,0.1,0.1,.061,-2.8,0.6,-2.2,0.0,
Caleb Houstan,23,ATL,SF,16,0,69,11.1,.665,.818,.136,6.2,4.8,5.5,5.7,1.4,1.3,14.6,16.5,0.1,0.1,0.1,.085,-1.8,-1.9,-3.7,0.0,
Bobi Klintman,22,DET,SF,11,0,69,3.5,.366,.500,.115,8.1,20.8,14.5,11.2,2.1,0.0,18.0,20.0,-0.2,0.1,-0.1,-0.060,-8.3,-1.1,-9.4,-0.1,
David Jones García,24,SAS,SF,11,0,68,21.0,.579,.200,.240,6.5,13.9,10.3,37.6,4.2,1.3,15.3,20.2,0.1,0.1,0.3,.204,2.6,3.7,6.4,0.1,
Kadary Richmond,24,WAS,SG,3,0,67,20.1,.722,.250,.188,1.6,14.5,8.0,16.8,5.7,1.3,10.4,12.1,0.2,0.1,0.2,.178,-1.0,4.2,3.2,0.1,
Kennedy Chandler,23,UTA,PG,2,0,67,17.3,.575,.261,.478,0.0,16.6,8.1,26.5,2.8,0.0,6.7,18.4,0.2,0.0,0.2,.147,-1.0,-0.7,-1.7,0.0,
TyTy Washington Jr.,24,LAC,PG,10,0,66,15.2,.583,.444,.000,1.8,3.4,2.7,30.3,3.0,2.9,14.3,14.1,0.1,0.1,0.2,.126,0.9,1.3,2.3,0.1,
Antonio Reeves,25,CHO,SG,9,0,66,12.3,.675,.650,.000,3.5,10.0,6.8,4.3,0.7,0.0,4.8,13.4,0.1,0.0,0.2,.123,1.0,-0.1,0.9,0.1,
Monte Morris,30,IND,PG,6,0,65,6.9,.414,.400,.200,1.6,10.4,5.9,19.0,0.7,1.3,8.4,15.5,-0.1,0.0,0.0,-0.030,-4.5,-1.5,-6.0,-0.1,
Drew Peterson,26,CHO,PF,6,0,64,0.6,.148,.750,.125,5.4,10.3,7.9,3.8,2.3,1.4,0.0,11.1,-0.2,0.1,-0.1,-0.078,-8.3,-1.5,-9.9,-0.1,
Trey Jemison,26,NYK,C,11,0,61,6.4,.605,.000,.143,14.4,14.6,14.5,6.0,0.8,3.3,44.6,9.4,0.0,0.1,0.0,.031,-7.2,-0.2,-7.5,-0.1,
Garrett Temple,39,TOR,SG,18,0,60,4.6,.439,.750,.750,1.9,11.5,6.6,16.1,2.4,3.2,30.5,16.4,-0.2,0.1,-0.1,-0.054,-6.8,0.6,-6.2,-0.1,
John Poulakidas,22,DAL,SG,4,0,59,9.8,.611,.833,.000,1.8,15.9,9.0,7.0,2.4,0.0,10.0,14.2,0.0,0.1,0.1,.082,-4.7,0.1,-4.6,0.0,
James Wiseman,24,IND,C,4,1,58,4.1,.597,.000,.200,9.1,5.8,7.5,7.0,0.0,1.5,31.5,11.6,0.0,0.0,0.0,-0.030,-8.0,-1.1,-9.1,-0.1,
Omer Yurtseven,27,GSW,C,5,0,56,6.7,.412,.200,.667,19.4,12.1,15.8,9.4,1.7,0.0,23.6,19.2,-0.1,0.0,0.0,-0.040,-6.8,-2.9,-9.8,-0.1,
Johni Broome,23,PHI,C,11,0,55,0.4,.188,.208,.250,13.7,18.3,16.0,9.3,2.6,3.4,10.1,22.7,-0.3,0.1,-0.2,-0.213,-11.8,-4.4,-16.2,-0.2,
Cody Martin,30,IND,SF,4,0,55,3.0,.277,.500,.600,1.9,26.5,13.9,4.5,3.5,3.1,24.0,12.9,-0.2,0.1,-0.1,-0.105,-10.0,2.0,-8.0,-0.1,
Wendell Moore Jr.,24,DET,SG,5,0,54,10.0,.635,.143,.286,2.1,10.2,6.2,6.8,1.8,3.7,11.3,6.8,0.1,0.1,0.1,.118,-2.5,1.9,-0.6,0.0,
Nikola Topić,20,OKC,PG,5,0,53,1.9,.500,.313,.000,4.3,11.8,8.2,25.0,0.0,0.0,40.7,22.0,-0.2,0.1,-0.1,-0.133,-8.2,-3.0,-11.3,-0.1,
Jahmir Young,25,MIA,PG,11,0,51,5.6,.437,.364,.091,4.0,4.1,4.0,15.8,0.9,0.0,11.6,20.6,-0.1,0.0,0.0,-0.036,-7.1,-2.0,-9.1,-0.1,
Seth Curry,35,GSW,SG,4,0,51,21.8,.737,.412,.176,6.4,6.6,6.5,20.9,1.9,0.0,0.0,15.2,0.2,0.0,0.3,.264,4.9,1.5,6.5,0.1,
Lawson Lovering,22,MEM,C,2,1,49,13.7,.574,.000,.500,13.1,20.1,16.6,8.3,2.9,1.9,14.1,12.0,0.1,0.1,0.1,.113,-3.7,0.0,-3.6,0.0,
Keshon Gilbert,22,WAS,PG,3,0,48,4.5,.521,.500,1.000,4.4,6.8,5.6,7.4,2.0,7.3,51.0,10.3,-0.1,0.0,-0.1,-0.089,-6.3,-0.5,-6.8,-0.1,
Taj Gibson,40,MEM,C,5,0,47,11.0,.505,.333,.167,13.7,16.3,15.0,2.8,1.0,2.0,0.0,11.4,0.1,0.0,0.1,.097,-1.9,-2.8,-4.7,0.0,
Mac McClung,27,2TM,SG,4,0,47,8.5,.430,.480,.160,0.0,11.8,5.8,6.3,5.1,3.7,10.1,26.8,-0.2,0.1,-0.1,-0.089,-8.3,2.9,-5.3,0.0,
Mac McClung,27,IND,SG,3,0,34,12.9,.481,.556,.222,0.0,13.2,6.4,4.7,7.0,2.5,9.2,27.2,-0.1,0.1,0.0,-0.016,-5.6,6.1,0.5,0.0,
Mac McClung,27,CHI,SG,1,0,13,-3.2,.286,.286,.000,0.0,8.1,4.1,10.6,0.0,6.7,12.5,25.8,-0.1,0.0,-0.1,-0.279,-15.2,-5.3,-20.5,-0.1,
Mo Bamba,27,2TM,C,4,0,44,13.0,.455,.000,.000,24.4,30.4,27.3,3.1,0.0,6.7,15.4,12.3,0.0,0.0,0.1,.058,-4.5,-3.7,-8.1,-0.1,
Mo Bamba,27,TOR,C,2,0,6,-2.8,.000,.000,.000,18.6,19.1,18.8,0.0,0.0,16.1,0.0,14.3,0.0,0.0,0.0,-0.162,-18.9,-2.6,-21.5,0.0,
Mo Bamba,27,UTA,C,2,0,38,15.5,.556,.000,.000,25.4,32.2,28.7,3.6,0.0,5.2,18.2,11.9,0.0,0.0,0.1,.093,-2.2,-3.9,-6.0,0.0,
Isaiah Stevens,25,SAC,PG,3,0,43,16.5,.571,.143,.571,5.0,2.7,3.9,29.4,5.6,0.0,18.6,10.6,0.1,0.0,0.1,.132,-1.2,3.3,2.0,0.0,
Trey Alexander,22,NOP,SG,5,0,42,13.6,.778,.333,.000,0.0,10.4,5.1,16.4,1.1,2.3,10.0,10.0,0.1,0.0,0.1,.133,0.4,0.2,0.6,0.0,
Dario Šarić,31,SAC,C,5,0,41,0.7,.363,.500,.333,2.6,14.0,8.1,5.8,0.0,0.0,22.5,9.2,-0.1,0.0,-0.1,-0.081,-6.8,-2.3,-9.0,-0.1,
Charles Bassey,25,3TM,C,5,0,40,17.8,.488,.000,.250,21.5,24.6,23.0,6.5,2.5,4.7,7.0,15.0,0.0,0.1,0.1,.131,-0.1,0.2,0.1,0.0,
Charles Bassey,25,MEM,C,2,0,31,12.7,.376,.000,.375,24.2,28.2,26.2,8.4,1.5,3.0,9.7,13.8,0.0,0.0,0.0,.075,-3.1,-1.4,-4.5,0.0,
Charles Bassey,25,PHI,C,1,0,5,21.3,1.000,.000,.000,0.0,0.0,0.0,0.0,0.0,18.8,0.0,8.4,0.0,0.0,0.0,.191,2.9,4.1,7.0,0.0,
Charles Bassey,25,BOS,C,2,0,4,53.1,.667,.000,.000,27.6,26.9,27.3,0.0,12.7,0.0,0.0,32.5,0.0,0.0,0.0,.486,18.8,8.0,26.9,0.0,
Skal Labissière,29,WAS,PF,3,0,38,16.4,.650,.500,.000,8.3,17.1,12.6,11.2,2.5,2.3,9.1,12.1,0.1,0.0,0.1,.122,-0.2,0.3,0.2,0.0,
Grant Nelson,23,BRK,PF,4,0,35,17.6,.634,.000,1.111,3.2,17.4,9.9,22.5,1.4,13.1,23.0,21.6,0.0,0.1,0.1,.099,-2.4,4.8,2.3,0.0,
Tristan Enaruna,24,CLE,SF,6,0,34,9.8,.395,.313,.063,16.1,12.9,14.5,12.3,1.4,0.0,10.8,22.8,-0.1,0.0,0.0,-0.032,-4.6,-3.4,-8.0,-0.1,
Emanuel Miller,25,CHI,PF,5,0,33,15.1,.540,.462,.154,3.3,6.4,4.9,17.4,2.9,0.0,0.0,17.7,0.1,0.0,0.1,.115,1.6,1.0,2.6,0.0,
Jahmyl Telfort,24,LAC,PF,8,0,32,-5.3,.087,1.000,1.000,0.0,10.6,5.5,3.7,1.6,0.0,14.8,9.4,-0.1,0.0,-0.1,-0.165,-12.1,-1.8,-13.9,-0.1,
Curtis Jones,24,DEN,SG,6,0,31,1.3,.321,.643,.000,3.8,13.9,9.1,12.8,0.0,0.0,6.7,21.1,-0.1,0.0,-0.1,-0.138,-9.9,-5.7,-15.6,-0.1,
Koby Brea,23,PHO,SG,6,0,28,15.8,.621,.750,.167,0.0,8.2,4.0,16.1,0.0,0.0,0.0,19.6,0.1,0.0,0.1,.183,3.5,-2.1,1.4,0.0,
Dillon Jones,24,NYK,SF,6,0,27,13.1,.451,.667,.667,8.2,16.5,12.3,17.4,3.6,0.0,0.0,12.2,0.1,0.0,0.1,.194,-3.5,3.5,-0.1,0.0,
Hunter Sallis,22,PHI,SG,7,0,26,2.0,.595,.000,.400,0.0,4.3,2.1,20.8,0.0,3.6,46.0,17.7,-0.1,0.0,-0.1,-0.150,-7.7,-2.9,-10.6,-0.1,
Mark Sears,23,MIL,PG,7,0,26,15.3,.666,.615,.615,4.4,4.3,4.3,12.4,0.0,0.0,19.5,35.0,0.0,0.0,0.0,.016,2.3,-4.6,-2.3,0.0,
Chris Mañon,24,LAL,SG,6,0,25,9.3,.347,1.000,1.000,4.8,22.8,14.1,4.6,5.9,7.4,25.8,6.8,0.0,0.1,0.0,.083,-6.4,5.8,-0.6,0.0,
Orlando Robinson,25,ORL,C,4,1,25,14.7,.700,.400,.000,8.8,9.0,8.9,16.5,1.9,0.0,0.0,8.5,0.1,0.0,0.1,.196,0.8,0.5,1.3,0.0,
Dalano Banton,26,2TM,PG,5,0,25,12.6,.506,.000,.222,4.8,0.0,2.3,24.8,2.0,4.0,16.8,20.8,0.0,0.0,0.0,.033,-4.4,-0.7,-5.1,0.0,
Dalano Banton,26,LAC,PG,2,0,10,27.9,.750,.000,.000,12.1,0.0,5.8,37.3,5.0,0.0,20.0,22.2,0.0,0.0,0.0,.226,7.3,5.1,12.4,0.0,
Dalano Banton,26,BOS,PG,3,0,15,2.5,.340,.000,.400,0.0,0.0,0.0,16.6,0.0,6.7,14.5,19.9,0.0,0.0,0.0,-0.096,-12.2,-4.6,-16.8,-0.1,
Isaac Jones,25,2TM,PF,5,1,24,9.4,.595,.400,.400,9.0,9.2,9.3,5.2,0.0,0.0,0.0,10.3,0.0,0.0,0.0,.089,-4.2,-1.7,-5.9,0.0,
Isaac Jones,25,SAC,PF,3,1,17,5.7,.521,.500,1.000,12.7,0.0,6.5,7.3,0.0,0.0,0.0,7.2,0.0,0.0,0.0,.059,-6.4,-1.9,-8.2,0.0,
Isaac Jones,25,DET,PF,2,0,7,18.4,.667,.333,.000,0.0,31.5,15.9,0.0,0.0,0.0,0.0,17.7,0.0,0.0,0.0,.163,1.0,-1.3,-0.3,0.0,
Sean Pedulla,23,LAC,PG,3,0,20,17.4,.591,.727,.000,0.0,5.7,2.9,25.6,0.0,0.0,0.0,24.4,0.1,0.0,0.1,.145,0.5,-4.9,-4.4,0.0,
Brandon Clarke,29,MEM,PF,2,2,20,12.4,.372,.000,.444,21.5,10.9,16.2,7.0,4.7,0.0,0.0,22.3,0.0,0.0,0.0,.048,-4.7,-0.1,-4.8,0.0,
Riley Minix,25,2TM,SF,5,0,19,27.2,.722,.444,.000,11.6,17.1,14.3,28.0,2.5,0.0,10.0,22.2,0.1,0.0,0.1,.244,6.8,3.0,9.7,0.1,
Riley Minix,25,SAS,SF,3,0,8,44.8,.750,.500,.000,13.8,13.1,13.4,31.6,6.0,0.0,0.0,31.6,0.1,0.0,0.1,.429,18.0,7.4,25.4,0.1,
Riley Minix,25,CLE,SF,2,0,11,14.3,.667,.333,.000,10.0,20.0,15.0,25.4,0.0,0.0,25.0,15.3,0.0,0.0,0.0,.110,-1.4,-0.3,-1.7,0.0,
Harrison Ingram,23,SAS,SF,5,0,17,22.9,.900,.200,.000,19.4,0.0,9.5,8.9,0.0,0.0,0.0,12.4,0.1,0.0,0.1,.296,7.9,-0.6,7.3,0.0,
Jacob Toppin,25,ATL,SF,5,0,17,15.1,.667,.000,.000,0.0,6.5,3.2,8.8,0.0,5.4,0.0,14.7,0.0,0.0,0.0,.127,-0.1,0.5,0.4,0.0,
Chris Livingston,22,CLE,SF,3,0,17,15.5,.605,.429,.143,0.0,19.4,9.7,8.9,2.8,0.0,0.0,18.4,0.0,0.0,0.1,.167,-4.8,2.0,-2.8,0.0,
Tyler Smith,21,DAL,PF,3,0,17,-7.3,.218,.833,.333,0.0,12.3,6.3,0.0,2.8,0.0,22.5,21.9,-0.1,0.0,-0.1,-0.335,-14.6,-4.4,-19.0,-0.1,
Rocco Zikarsky,19,MIN,C,4,0,16,21.1,.600,.000,.000,14.1,20.1,17.2,0.0,0.0,16.5,0.0,13.2,0.0,0.0,0.1,.197,1.6,0.7,2.4,0.0,
Markelle Fultz,27,TOR,PG,1,0,16,0.3,.200,.000,.000,0.0,0.0,0.0,38.4,6.1,0.0,37.5,21.4,-0.1,0.0,-0.1,-0.237,-11.8,-3.5,-15.3,-0.1,
Buddy Boeheim,26,OKC,SF,4,0,15,4.7,.500,1.000,.000,0.0,0.0,0.0,0.0,0.0,0.0,0.0,17.3,0.0,0.0,0.0,.014,-3.8,-4.5,-8.4,0.0,
N'Faly Dante,24,ATL,C,4,0,15,12.4,.338,.000,.250,21.4,29.3,25.3,0.0,6.3,0.0,18.4,15.1,0.0,0.0,0.0,.049,-3.7,-0.9,-4.6,0.0,
Vladislav Goldin,24,MIA,C,5,0,14,12.1,.667,.000,.000,7.3,22.2,14.7,18.8,0.0,6.4,25.0,11.6,0.0,0.0,0.0,.118,-5.1,4.4,-0.7,0.0,
Norchad Omier,24,LAC,PF,3,0,14,28.9,.800,.200,.000,17.2,16.2,16.7,13.0,3.6,0.0,0.0,15.9,0.1,0.0,0.1,.329,4.3,0.5,4.8,0.0,
Chucky Hepburn,22,TOR,PG,2,0,13,-13.5,.000,.833,.000,0.0,8.8,4.3,17.6,3.7,0.0,14.3,23.1,-0.1,0.0,-0.1,-0.443,-20.7,-3.2,-23.9,-0.1,
David Roddy,24,DEN,PF,2,0,12,10.1,.258,1.000,.667,9.8,26.9,18.8,18.8,4.1,0.0,0.0,14.1,0.0,0.0,0.0,.064,-5.1,1.2,-3.9,0.0,
Alex Morales,28,ORL,PG,1,0,12,4.5,.500,.000,.000,9.2,18.8,13.9,43.6,0.0,0.0,50.0,14.1,0.0,0.0,0.0,-0.018,-9.0,-2.1,-11.1,0.0,
John Tonje,24,BOS,SG,3,0,11,4.3,.347,1.000,1.000,0.0,19.6,9.9,10.4,0.0,0.0,0.0,11.3,0.0,0.0,0.0,.038,-11.2,-2.0,-13.3,0.0,
Max Shulga,23,BOS,SG,6,0,10,6.6,.515,.333,.667,11.1,0.0,5.5,25.9,0.0,0.0,20.5,21.1,0.0,0.0,0.0,.068,-8.8,-0.1,-8.9,0.0,
Colin Castleton,25,ORL,C,1,0,10,-3.5,.333,.000,.000,0.0,45.0,22.3,13.4,0.0,0.0,40.0,21.2,-0.1,0.0,-0.1,-0.268,-13.3,-2.4,-15.7,0.0,
Tosan Evbuomwan,24,NYK,SF,5,0,8,-0.3,.000,.000,.000,13.8,13.9,13.8,0.0,0.0,0.0,0.0,5.3,0.0,0.0,0.0,-0.023,-8.5,-3.0,-11.5,0.0,
Enrique Freeman,25,MIN,PF,2,0,8,9.1,,,,0.0,40.1,20.6,0.0,0.0,11.0,,0.0,0.0,0.0,0.0,.108,-1.2,3.6,2.4,0.0,
Cormac Ryan,27,MIL,SG,1,0,8,14.3,.470,.750,.750,0.0,0.0,0.0,17.3,6.1,0.0,0.0,29.5,0.0,0.0,0.0,.089,-3.2,1.3,-1.9,0.0,
Jayson Kent,23,POR,SF,2,0,7,24.2,.833,.667,.000,0.0,31.4,15.4,0.0,0.0,0.0,0.0,17.4,0.0,0.0,0.0,.216,8.2,1.7,9.8,0.0,
Stanley Umude,26,SAS,SG,2,0,7,11.6,.500,.500,.000,0.0,0.0,0.0,19.0,6.9,0.0,0.0,12.0,0.0,0.0,0.0,.164,-6.7,7.0,0.3,0.0,
Colby Jones,23,DET,SG,1,0,7,13.0,.333,.667,.000,0.0,63.0,31.8,38.0,0.0,0.0,0.0,17.7,0.0,0.0,0.0,.123,-3.2,5.6,2.4,0.0,
Noa Essengue,19,CHI,PF,2,0,6,-12.0,.000,.667,.000,0.0,0.0,0.0,0.0,7.9,0.0,0.0,21.0,-0.1,0.0,-0.1,-0.418,-20.7,-3.0,-23.6,0.0,
Trentyn Flowers,20,CHI,SF,2,0,6,16.8,.667,.333,.000,18.1,0.0,8.9,30.7,0.0,0.0,25.0,28.0,0.0,0.0,0.0,.026,1.8,-2.7,-0.9,0.0,
Zyon Pullin,24,MIN,SG,2,0,6,25.7,1.064,.000,2.000,0.0,0.0,0.0,69.6,8.0,0.0,51.5,27.3,0.0,0.0,0.0,.275,-1.7,8.4,6.7,0.0,
Trevor Keels,22,MIA,SG,4,0,5,-22.7,.000,.750,.000,0.0,41.4,20.6,0.0,0.0,0.0,0.0,32.5,-0.1,0.0,-0.1,-0.694,-28.5,-11.5,-40.0,0.0,
Hunter Dickinson,25,NOP,C,1,0,5,-11.0,.500,.000,.000,0.0,0.0,0.0,0.0,0.0,19.1,50.0,33.5,-0.1,0.0,-0.1,-0.521,-27.0,1.0,-26.0,0.0,
CJ Huntley,24,PHO,SF,1,0,5,7.1,.500,.000,.000,0.0,0.0,0.0,0.0,0.0,0.0,0.0,17.0,0.0,0.0,0.0,-0.008,-5.0,-3.9,-8.9,0.0,
Payton Sandfort,23,OKC,SF,1,0,5,-7.6,.500,.667,.000,0.0,20.8,10.8,0.0,0.0,0.0,25.0,34.6,0.0,0.0,0.0,-0.235,-19.5,-4.5,-24.0,0.0,
Darius Brown II,26,CLE,SG,1,0,3,-7.7,.000,.000,.000,0.0,36.6,18.3,0.0,0.0,0.0,0.0,14.0,0.0,0.0,0.0,-0.267,-16.2,-2.4,-18.6,0.0,
League Average,,,,,,,,.580,.416,.265,5.2,14.8,10.0,16.3,1.7,1.9,12.2,19.9,,,,,,,,,