Player,Age,Tm,Pos,G,GS,MP,FG,FGA,FG%,3P,3PA,3P%,2P,2PA,2P%,eFG%,FT,FTA,FT%,ORB,DRB,TRB,AST,STL,BLK,TOV,PF,PTS,Awards
Luka Dončić,26.0,LAL,PG,64.0,64.0,35.8,10.8,22.8,0.476,4.0,10.8,0.366,6.9,11.9,0.575,0.563,7.9,10.1,0.78,0.6,7.1,7.7,8.3,1.6,0.5,4.0,2.4,33.5,
Shai Gilgeous-Alexander,27.0,OKC,PG,65.0,65.0,33.5,10.8,19.7,0.551,1.7,4.4,0.38,9.2,15.3,0.601,0.594,8.2,9.3,0.881,0.6,3.8,4.4,6.5,1.4,0.8,2.2,2.1,31.6,
Anthony Edwards,24.0,MIN,SG,59.0,58.0,35.3,10.0,20.4,0.493,3.4,8.5,0.404,6.6,11.9,0.556,0.577,5.8,7.3,0.797,0.6,4.5,5.1,3.7,1.4,0.8,2.8,1.9,29.3,
Jaylen Brown,29.0,BOS,SF,67.0,67.0,34.4,10.4,21.9,0.476,2.0,5.7,0.344,8.4,16.1,0.523,0.521,6.0,7.6,0.794,1.2,5.9,7.0,5.3,1.0,0.4,3.6,2.7,28.8,
Tyrese Maxey,25.0,PHI,PG,64.0,64.0,38.4,10.1,21.8,0.463,3.3,8.8,0.37,6.8,13.0,0.525,0.537,5.4,6.1,0.892,0.3,3.9,4.2,6.8,2.0,0.8,2.4,2.2,28.8,
Kawhi Leonard,34.0,LAC,SF,61.0,61.0,32.1,9.8,19.4,0.505,2.6,6.8,0.385,7.2,12.6,0.57,0.572,5.8,6.5,0.899,1.1,5.3,6.3,3.6,2.0,0.4,2.0,1.2,28.0,
Nikola Jokić,30.0,DEN,C,61.0,61.0,34.9,9.9,17.3,0.572,1.8,4.6,0.387,8.1,12.7,0.64,0.624,6.1,7.3,0.826,2.9,10.1,13.0,10.8,1.4,0.8,3.9,2.7,27.7,
Donovan Mitchell,29.0,CLE,SG,68.0,68.0,33.5,9.6,20.0,0.479,3.3,8.9,0.365,6.3,11.1,0.57,0.56,5.3,6.2,0.864,0.7,3.8,4.5,5.7,1.5,0.3,2.8,2.3,27.7,
Giannis Antetokounmpo,31.0,MIL,PF,36.0,36.0,28.9,10.4,16.6,0.624,0.4,1.3,0.333,9.9,15.4,0.647,0.636,6.4,9.9,0.65,2.7,7.1,9.8,5.4,0.9,0.7,3.2,2.4,27.6,
Stephen Curry,37.0,GSW,PG,39.0,39.0,31.3,8.9,19.1,0.468,4.5,11.5,0.391,4.4,7.6,0.584,0.585,4.9,5.2,0.931,0.4,3.1,3.5,4.8,1.1,0.4,2.8,1.9,27.2,
Joel Embiid,31.0,PHI,C,36.0,36.0,31.3,9.1,18.4,0.495,1.4,4.1,0.34,7.7,14.3,0.539,0.533,7.3,8.6,0.854,1.9,5.6,7.4,3.9,0.6,1.1,2.9,2.1,26.9,
Lauri Markkanen,28.0,UTA,PF,42.0,42.0,34.4,9.1,19.2,0.477,2.7,7.7,0.355,6.4,11.5,0.559,0.548,5.7,6.4,0.896,2.0,4.9,6.9,2.1,1.0,0.5,1.5,1.8,26.7,
Jalen Brunson,29.0,NYK,PG,70.0,70.0,35.0,9.3,20.0,0.465,2.7,7.2,0.371,6.6,12.8,0.517,0.531,4.8,5.8,0.841,0.4,3.0,3.4,6.7,0.8,0.1,2.4,2.3,26.1,
Kevin Durant,37.0,HOU,SF,73.0,73.0,36.4,9.1,17.7,0.517,2.4,5.8,0.408,6.8,11.9,0.57,0.584,5.2,5.9,0.877,0.5,4.9,5.4,4.7,0.8,0.9,3.2,1.8,25.8,
Devin Booker,29.0,PHX,SG,61.0,61.0,33.4,8.5,18.6,0.456,1.9,5.8,0.328,6.6,12.8,0.514,0.507,6.9,8.0,0.868,0.8,3.1,3.9,6.0,0.8,0.3,3.2,2.6,25.7,
Jamal Murray,28.0,DEN,PG,72.0,72.0,35.2,8.8,18.3,0.484,3.3,7.5,0.434,5.6,10.8,0.518,0.573,4.7,5.3,0.885,0.4,4.0,4.4,7.1,0.9,0.4,2.3,1.7,25.6,
Victor Wembanyama,22.0,SAS,C,61.0,52.0,29.2,8.6,16.9,0.509,1.9,5.5,0.35,6.7,11.4,0.586,0.566,5.6,6.9,0.823,2.0,9.4,11.5,3.0,1.0,3.1,2.5,2.5,24.7,
Cade Cunningham,24.0,DET,PG,61.0,61.0,34.4,8.7,18.9,0.461,2.0,5.8,0.346,6.7,13.1,0.513,0.515,5.1,6.2,0.814,0.9,4.7,5.6,9.9,1.5,0.9,3.7,3.1,24.5,
Michael Porter Jr.,27.0,BKN,SF,52.0,52.0,32.5,8.5,18.4,0.463,3.4,9.3,0.363,5.2,9.1,0.567,0.555,3.8,4.4,0.859,1.3,5.7,7.1,3.0,1.1,0.3,2.3,2.2,24.2,
Deni Avdija,25.0,POR,SF,62.0,62.0,33.1,7.3,16.0,0.458,1.9,6.0,0.317,5.4,10.0,0.541,0.517,7.4,9.3,0.799,1.2,5.8,7.0,6.7,0.8,0.6,3.8,2.5,23.9,
Pascal Siakam,31.0,IND,PF,61.0,61.0,33.2,9.0,18.5,0.483,1.7,4.7,0.356,7.3,13.8,0.526,0.528,4.3,6.1,0.693,1.4,5.2,6.6,3.8,1.1,0.4,2.2,2.4,23.9,
James Harden,36.0,2TM,PG,67.0,67.0,35.0,7.0,16.0,0.436,3.0,8.1,0.374,3.9,7.8,0.502,0.532,6.6,7.5,0.881,0.6,4.3,4.9,8.1,1.1,0.4,3.5,2.0,23.6,
James Harden,36.0,LAC,PG,44.0,44.0,35.4,7.3,17.5,0.419,3.1,8.8,0.347,4.3,8.7,0.492,0.506,7.7,8.5,0.901,0.6,4.2,4.8,8.1,1.3,0.4,3.7,1.9,25.4,
James Harden,36.0,CLE,PG,23.0,23.0,34.2,6.3,13.0,0.482,3.0,6.8,0.439,3.3,6.2,0.528,0.597,4.7,5.7,0.824,0.5,4.5,5.0,8.0,0.7,0.5,3.2,2.1,20.2,
Keyonte George,22.0,UTA,PG,54.0,54.0,33.1,7.4,16.3,0.456,2.5,6.7,0.371,5.0,9.6,0.515,0.532,6.2,7.0,0.892,0.4,3.3,3.7,6.1,1.1,0.3,3.1,2.2,23.6,
Austin Reaves,27.0,LAL,SG,51.0,45.0,34.5,7.3,14.9,0.49,2.3,6.4,0.36,5.0,8.5,0.588,0.567,6.3,7.3,0.871,0.6,4.1,4.7,5.5,1.1,0.4,3.0,2.2,23.3,
Jalen Johnson,24.0,ATL,SF,68.0,68.0,35.4,8.5,17.2,0.493,1.7,4.8,0.35,6.8,12.4,0.548,0.541,4.2,5.4,0.786,1.4,8.9,10.3,8.1,1.3,0.5,3.4,2.1,22.8,
Paolo Banchero,23.0,ORL,PF,66.0,66.0,34.9,7.4,16.2,0.457,1.2,3.9,0.309,6.2,12.3,0.505,0.495,6.4,8.2,0.781,1.2,7.2,8.3,5.1,0.7,0.6,3.0,2.0,22.4,
Norman Powell,32.0,MIA,SG,55.0,52.0,30.1,7.4,15.7,0.473,2.7,7.1,0.384,4.7,8.5,0.547,0.56,4.5,5.5,0.825,0.4,3.2,3.6,2.6,1.1,0.3,1.9,2.3,22.1,
Trey Murphy III,25.0,NOP,SF,65.0,65.0,35.5,7.5,16.0,0.47,3.3,8.6,0.38,4.2,7.4,0.574,0.572,3.3,3.8,0.885,1.0,4.8,5.7,3.8,1.5,0.3,1.8,2.1,21.6,
Tyler Herro,26.0,MIA,SG,30.0,25.0,31.7,7.8,16.2,0.481,2.6,6.9,0.382,5.2,9.3,0.556,0.563,3.2,3.5,0.923,0.5,4.2,4.6,3.9,0.7,0.4,2.0,1.8,21.4,
Brandon Ingram,28.0,TOR,SF,71.0,71.0,34.0,8.0,16.9,0.471,1.8,4.7,0.374,6.2,12.2,0.508,0.523,3.7,4.6,0.818,0.8,4.8,5.5,3.6,0.8,0.7,2.5,1.9,21.4,
Shaedon Sharpe,22.0,POR,SG,48.0,42.0,30.0,8.0,17.6,0.456,2.1,6.2,0.34,5.9,11.5,0.518,0.515,3.2,4.0,0.784,1.0,3.4,4.4,2.6,1.4,0.1,3.0,2.0,21.4,
Jayson Tatum,27.0,BOS,PF,12.0,12.0,31.5,7.3,18.3,0.402,3.0,9.3,0.321,4.3,8.9,0.486,0.484,3.6,4.3,0.827,0.6,9.3,9.8,4.8,1.2,0.2,2.0,1.5,21.3,
Zion Williamson,25.0,NOP,PF,60.0,53.0,29.8,7.9,13.1,0.604,0.0,0.1,0.25,7.9,13.0,0.606,0.604,5.4,7.5,0.715,2.1,3.6,5.7,3.2,1.0,0.6,2.0,2.3,21.2,
Julius Randle,31.0,MIN,PF,76.0,76.0,33.1,7.3,15.3,0.479,1.4,4.4,0.313,6.0,10.9,0.545,0.524,5.0,6.3,0.806,1.6,5.1,6.8,5.1,1.1,0.2,2.7,2.9,21.1,
Franz Wagner,24.0,ORL,SF,29.0,27.0,31.4,7.2,15.2,0.476,1.4,4.2,0.347,5.8,11.0,0.525,0.524,5.0,6.1,0.825,1.4,4.2,5.6,3.6,1.0,0.3,1.7,2.3,21.0,
Nickeil Alexander-Walker,27.0,ATL,SG,74.0,67.0,33.2,6.9,15.2,0.453,3.1,8.0,0.394,3.8,7.2,0.519,0.556,3.6,4.0,0.9,0.7,2.8,3.5,3.7,1.3,0.5,2.1,2.2,20.6,
LeBron James,41.0,LAL,SF,56.0,56.0,33.4,7.8,15.2,0.511,1.3,4.1,0.313,6.5,11.1,0.584,0.553,3.8,5.2,0.744,0.8,5.3,6.0,6.9,1.1,0.6,2.9,1.4,20.6,
Alperen Şengün,23.0,HOU,C,67.0,67.0,33.5,8.1,15.7,0.52,0.6,1.8,0.32,7.6,13.9,0.546,0.539,3.7,5.4,0.689,3.0,5.9,8.9,6.2,1.3,1.1,3.1,3.3,20.6,
Dillon Brooks,30.0,PHX,SF,52.0,52.0,30.4,7.5,17.2,0.438,2.3,6.7,0.347,5.2,10.5,0.495,0.505,3.1,3.6,0.856,0.8,2.9,3.6,1.8,1.0,0.2,1.8,3.3,20.5,
Anthony Davis,32.0,DAL,PF,20.0,20.0,31.3,8.5,16.7,0.506,0.5,1.9,0.27,8.0,14.9,0.535,0.521,3.0,4.1,0.728,3.1,8.0,11.1,2.8,1.1,1.7,2.1,2.1,20.4,
Brandon Miller,23.0,CHA,SF,60.0,60.0,30.2,7.0,16.1,0.436,3.2,8.2,0.39,3.8,7.9,0.483,0.535,3.2,3.5,0.892,1.0,4.0,5.0,3.5,1.0,0.7,2.6,2.8,20.4,
Bam Adebayo,28.0,MIA,C,68.0,68.0,32.3,7.0,15.9,0.439,1.7,5.5,0.315,5.2,10.4,0.505,0.494,4.6,5.9,0.776,2.1,7.9,10.0,3.0,1.2,0.7,1.7,1.7,20.3,
Desmond Bane,27.0,ORL,SG,76.0,76.0,34.1,7.2,14.9,0.484,2.0,5.3,0.388,5.2,9.6,0.536,0.552,3.8,4.2,0.921,1.2,2.9,4.1,4.2,1.0,0.4,2.0,3.1,20.3,
Cooper Flagg,19.0,DAL,SF,64.0,64.0,33.8,7.8,16.6,0.467,0.9,3.4,0.278,6.8,13.2,0.516,0.496,3.8,4.7,0.812,1.2,5.4,6.6,4.5,1.2,0.9,2.4,2.1,20.3,
Karl-Anthony Towns,30.0,NYK,C,72.0,72.0,31.0,6.9,13.8,0.496,1.5,4.1,0.368,5.3,9.7,0.55,0.551,4.8,5.7,0.855,3.2,8.7,11.9,2.9,0.8,0.5,2.5,3.4,20.1,
Jimmy Butler,36.0,GSW,SF,38.0,38.0,31.1,6.3,12.2,0.519,0.8,2.2,0.376,5.5,9.9,0.552,0.554,6.5,7.6,0.864,2.3,3.2,5.6,4.9,1.4,0.2,1.6,1.2,20.0,
Ty Jerome,28.0,MEM,SG,15.0,15.0,22.6,6.8,14.3,0.474,2.8,6.7,0.42,4.0,7.7,0.522,0.572,3.3,3.7,0.875,0.7,2.1,2.8,5.7,1.1,0.3,1.8,2.1,19.7,
LaMelo Ball,24.0,CHA,PG,67.0,64.0,27.7,6.9,17.1,0.403,3.6,10.0,0.364,3.3,7.1,0.457,0.509,2.2,2.4,0.895,0.9,3.9,4.8,7.1,1.2,0.2,2.7,2.7,19.6,
Jalen Duren,22.0,DET,C,66.0,66.0,28.3,7.5,11.6,0.645,0.0,0.0,,7.5,11.6,0.645,0.645,4.6,6.1,0.746,3.8,6.8,10.7,1.9,0.8,0.9,1.8,2.8,19.5,
Ja Morant,26.0,MEM,PG,20.0,20.0,28.5,6.6,16.1,0.41,1.0,4.3,0.235,5.6,11.9,0.473,0.441,5.3,5.9,0.897,0.4,2.9,3.3,8.1,1.0,0.3,3.6,2.0,19.5,
Jaren Jackson Jr.,26.0,2TM,C,48.0,48.0,30.3,7.1,15.0,0.476,1.8,4.9,0.357,5.4,10.1,0.533,0.534,3.4,4.2,0.803,0.9,4.8,5.7,2.0,1.1,1.4,2.2,3.7,19.4,
Jaren Jackson Jr.,26.0,MEM,C,45.0,45.0,30.7,7.1,14.9,0.475,1.8,4.9,0.359,5.3,10.0,0.531,0.534,3.3,4.2,0.797,0.9,4.8,5.8,1.9,1.0,1.5,2.2,3.8,19.2,
Jaren Jackson Jr.,26.0,UTA,C,3.0,3.0,24.0,8.0,16.3,0.49,1.7,5.0,0.333,6.3,11.3,0.559,0.541,4.7,5.3,0.875,0.3,4.0,4.3,2.7,2.0,0.3,2.3,3.0,22.3,
Zach LaVine,30.0,SAC,SG,39.0,37.0,31.4,6.7,14.0,0.479,2.5,6.5,0.39,4.2,7.5,0.556,0.569,3.2,3.6,0.88,0.2,2.6,2.8,2.3,0.7,0.3,1.9,2.1,19.2,
RJ Barrett,25.0,TOR,SF,52.0,52.0,30.1,7.0,14.2,0.495,1.7,5.0,0.338,5.3,9.2,0.58,0.554,3.4,4.8,0.709,0.9,4.4,5.3,3.3,0.8,0.3,1.8,2.6,19.1,
Darius Garland,26.0,2TM,PG,41.0,39.0,29.9,6.9,14.8,0.465,2.8,6.9,0.408,4.1,7.9,0.514,0.559,2.3,2.8,0.85,0.4,1.9,2.3,6.8,0.9,0.2,3.0,1.7,18.9,
Darius Garland,26.0,CLE,PG,26.0,26.0,30.5,6.5,14.5,0.451,2.3,6.3,0.36,4.3,8.2,0.521,0.529,2.6,3.0,0.861,0.5,2.0,2.4,6.9,0.8,0.1,2.8,1.8,18.0,
Darius Garland,26.0,LAC,PG,15.0,13.0,28.8,7.5,15.3,0.487,3.7,7.9,0.475,3.7,7.5,0.5,0.609,1.9,2.3,0.824,0.3,1.9,2.2,6.5,1.1,0.3,3.3,1.5,20.5,
Kon Knueppel,20.0,CHA,SF,76.0,75.0,31.5,6.4,13.4,0.482,3.4,8.0,0.431,3.0,5.4,0.557,0.611,2.5,2.9,0.863,1.2,4.2,5.4,3.4,0.7,0.2,1.9,2.1,18.8,
CJ McCollum,34.0,2TM,PG,72.0,56.0,29.8,6.8,15.2,0.452,2.5,6.7,0.368,4.4,8.4,0.519,0.533,2.5,3.2,0.773,0.8,2.5,3.3,3.8,0.8,0.4,1.8,1.9,18.6,
CJ McCollum,34.0,WAS,SG,35.0,35.0,30.9,6.9,15.1,0.454,2.7,7.0,0.393,4.1,8.1,0.505,0.544,2.3,2.9,0.804,0.7,2.9,3.5,3.6,0.7,0.3,1.7,2.1,18.8,
CJ McCollum,34.0,ATL,PG,37.0,21.0,28.8,6.8,15.2,0.45,2.2,6.5,0.342,4.6,8.7,0.531,0.523,2.6,3.4,0.748,0.9,2.2,3.1,3.9,0.9,0.6,1.9,1.7,18.5,
DeMar DeRozan,36.0,SAC,PF,75.0,75.0,31.6,6.5,13.2,0.493,0.6,1.9,0.315,5.9,11.2,0.524,0.517,5.0,5.7,0.868,0.5,2.5,3.0,4.1,1.0,0.3,1.3,2.0,18.6,
Jerami Grant,31.0,POR,PF,57.0,38.0,29.7,5.8,12.8,0.453,2.4,6.1,0.389,3.4,6.7,0.513,0.547,4.6,5.6,0.814,1.0,2.5,3.5,2.1,0.7,0.6,2.1,2.5,18.6,
Bennedict Mathurin,23.0,2TM,SF,49.0,25.0,30.7,5.7,13.0,0.436,1.5,4.6,0.32,4.2,8.4,0.499,0.492,5.7,6.5,0.871,1.0,4.5,5.5,2.2,0.8,0.2,2.2,2.7,18.5,
Bennedict Mathurin,23.0,IND,SF,28.0,24.0,31.8,5.5,12.8,0.433,2.1,5.6,0.372,3.5,7.2,0.48,0.514,4.6,5.2,0.884,0.8,4.6,5.4,2.3,0.6,0.1,2.3,2.7,17.8,
Bennedict Mathurin,23.0,LAC,SF,21.0,1.0,29.2,5.9,13.3,0.439,0.7,3.3,0.203,5.2,10.0,0.517,0.464,7.0,8.2,0.86,1.4,4.3,5.7,2.2,1.0,0.4,2.1,2.7,19.4,
De'Aaron Fox,28.0,SAS,PG,67.0,67.0,30.9,7.0,14.3,0.49,1.8,5.4,0.336,5.2,9.0,0.582,0.553,2.7,3.5,0.762,0.6,3.2,3.8,6.2,1.2,0.3,2.3,2.2,18.5,
Scottie Barnes,24.0,TOR,PF,74.0,74.0,33.8,7.2,14.3,0.503,0.9,2.9,0.298,6.3,11.4,0.556,0.534,3.1,3.8,0.812,1.9,5.7,7.6,5.9,1.4,1.5,2.7,2.8,18.3,
Jalen Green,23.0,PHX,SG,29.0,24.0,26.1,6.9,16.4,0.421,2.4,7.4,0.321,4.5,9.0,0.504,0.494,2.0,2.7,0.756,0.6,3.2,3.7,3.0,1.1,0.1,2.2,1.2,18.2,
Evan Mobley,24.0,CLE,PF,62.0,60.0,32.1,7.2,13.2,0.544,1.0,3.3,0.299,6.2,10.0,0.626,0.582,2.7,4.5,0.606,2.4,6.6,9.0,3.6,0.8,1.8,1.8,2.5,18.1,
Trae Young,27.0,2TM,PG,15.0,15.0,25.6,5.4,11.8,0.458,1.8,5.3,0.338,3.6,6.5,0.557,0.534,5.3,6.5,0.825,0.3,1.7,2.0,8.0,0.9,0.1,2.6,2.2,17.9,
Trae Young,27.0,ATL,PG,10.0,10.0,28.0,5.6,13.5,0.415,1.8,5.9,0.305,3.8,7.6,0.5,0.481,6.3,7.3,0.863,0.0,1.5,1.5,8.9,1.0,0.1,2.6,2.0,19.3,
Trae Young,27.0,WAS,PG,5.0,5.0,20.8,5.0,8.4,0.595,1.8,4.2,0.429,3.2,4.2,0.762,0.702,3.4,4.8,0.708,0.8,2.2,3.0,6.2,0.6,0.2,2.6,2.6,15.2,
Amen Thompson,23.0,HOU,PG,74.0,74.0,37.3,6.9,13.1,0.524,0.3,1.5,0.223,6.5,11.6,0.563,0.537,3.8,4.9,0.781,3.0,4.8,7.8,5.3,1.5,0.6,2.4,2.2,17.9,
Coby White,25.0,2TM,SG,46.0,26.0,25.7,5.7,12.8,0.444,2.3,6.6,0.351,3.4,6.2,0.542,0.534,4.0,4.8,0.82,0.4,3.2,3.6,4.2,0.5,0.1,2.6,2.3,17.6,
Coby White,25.0,CHI,SG,29.0,26.0,29.1,5.9,13.6,0.438,2.5,7.2,0.346,3.4,6.4,0.541,0.529,4.3,5.3,0.805,0.2,3.5,3.7,4.7,0.7,0.1,3.0,2.4,18.6,
Coby White,25.0,CHA,SG,17.0,0.0,20.0,5.2,11.5,0.456,2.0,5.5,0.362,3.2,5.9,0.545,0.544,3.4,4.0,0.853,0.6,2.7,3.3,3.3,0.3,0.2,1.9,1.9,15.9,
Paul George,35.0,PHI,PF,31.0,31.0,30.7,6.2,14.0,0.441,2.8,7.1,0.391,3.4,6.9,0.493,0.54,2.4,2.8,0.849,0.6,4.8,5.4,3.7,1.7,0.5,1.5,2.3,17.5,
Saddiq Bey,26.0,NOP,SF,70.0,62.0,31.1,6.0,13.3,0.452,2.1,5.7,0.369,3.9,7.6,0.513,0.531,3.3,4.0,0.839,1.7,3.9,5.6,2.5,0.9,0.1,1.0,1.3,17.4,
Kevin Porter Jr.,25.0,MIL,PG,38.0,36.0,33.2,6.3,13.5,0.465,1.2,3.8,0.322,5.1,9.8,0.52,0.51,3.6,4.1,0.878,0.9,4.3,5.2,7.4,2.2,0.5,2.9,2.3,17.4,
Kristaps Porziņģis,30.0,2TM,C,29.0,20.0,24.0,5.6,12.4,0.454,1.8,5.2,0.353,3.8,7.2,0.526,0.528,4.2,5.0,0.836,1.2,3.8,5.0,2.6,0.6,1.3,1.3,2.8,17.3,
Kristaps Porziņģis,30.0,ATL,C,17.0,12.0,24.3,5.6,12.4,0.457,1.8,5.1,0.36,3.8,7.3,0.524,0.531,4.0,4.8,0.84,1.2,3.9,5.1,2.7,0.5,1.3,0.9,3.2,17.1,
Kristaps Porziņģis,30.0,GSW,C,12.0,8.0,23.6,5.6,12.4,0.45,1.8,5.3,0.344,3.8,7.1,0.529,0.523,4.5,5.4,0.831,1.2,3.6,4.8,2.4,0.7,1.3,1.8,2.2,17.5,
Miles Bridges,27.0,CHA,PF,72.0,72.0,31.2,6.3,13.8,0.456,1.9,5.9,0.326,4.3,7.8,0.553,0.526,2.8,3.3,0.829,0.9,4.8,5.8,3.2,0.6,0.4,1.4,1.7,17.2,
Josh Giddey,23.0,CHI,PG,53.0,50.0,32.2,6.0,13.3,0.451,1.9,5.3,0.369,4.1,8.0,0.505,0.524,3.3,4.3,0.77,1.2,7.1,8.4,9.2,1.0,0.5,3.6,1.7,17.2,
Grayson Allen,30.0,PHX,SG,48.0,26.0,29.4,5.5,13.6,0.405,3.3,9.3,0.352,2.3,4.3,0.519,0.525,2.8,3.2,0.852,0.6,2.3,3.0,4.0,1.3,0.3,1.6,2.3,17.1,
Ryan Rollins,23.0,MIL,PG,72.0,65.0,32.1,6.5,13.8,0.47,2.5,6.1,0.407,4.0,7.7,0.521,0.56,1.7,2.1,0.788,0.7,3.9,4.6,5.6,1.5,0.4,2.7,2.6,17.1,
Jalen Williams,24.0,OKC,SG,31.0,31.0,28.3,6.6,13.7,0.48,0.7,2.4,0.297,5.9,11.3,0.519,0.506,3.2,3.9,0.826,0.8,3.8,4.6,5.4,1.2,0.3,1.9,2.0,17.1,
Payton Pritchard,28.0,BOS,PG,74.0,50.0,32.5,6.4,13.9,0.46,2.7,7.1,0.372,3.7,6.7,0.552,0.556,1.6,1.8,0.886,0.9,3.2,4.0,5.1,0.7,0.1,1.4,1.5,17.0,
Chet Holmgren,23.0,OKC,PF,66.0,66.0,29.1,6.2,11.3,0.55,1.2,3.5,0.346,5.0,7.8,0.642,0.604,3.3,4.1,0.799,1.9,7.0,8.8,1.7,0.6,1.8,1.5,2.3,16.9,
Andrew Nembhard,26.0,IND,PG,57.0,57.0,31.3,5.8,13.2,0.442,1.9,5.2,0.361,4.0,8.0,0.495,0.513,3.4,4.1,0.825,0.4,2.4,2.8,7.7,0.9,0.1,2.4,2.2,16.9,
Immanuel Quickley,26.0,TOR,PG,67.0,67.0,32.4,5.9,13.2,0.445,2.6,6.9,0.374,3.3,6.3,0.523,0.543,2.5,3.1,0.821,0.5,3.5,4.1,6.0,1.3,0.1,1.5,2.0,16.9,
Derrick White,31.0,BOS,SG,72.0,72.0,34.3,5.8,14.8,0.392,2.7,8.4,0.321,3.1,6.4,0.487,0.484,2.5,2.8,0.9,1.1,3.3,4.5,5.5,1.2,1.4,1.8,1.6,16.8,
OG Anunoby,28.0,NYK,PF,63.0,63.0,33.4,5.8,12.1,0.484,2.3,6.0,0.379,3.6,6.1,0.586,0.578,2.7,3.3,0.818,1.3,3.9,5.2,2.2,1.6,0.7,1.9,2.5,16.7,
Stephon Castle,21.0,SAS,PG,65.0,64.0,29.8,5.6,12.0,0.472,1.2,3.6,0.332,4.4,8.3,0.533,0.523,4.2,5.7,0.731,1.4,3.8,5.2,7.2,1.2,0.3,3.2,3.2,16.7,
Dejounte Murray,29.0,NOP,PG,14.0,14.0,27.8,6.3,13.0,0.484,1.4,4.4,0.306,4.9,8.6,0.575,0.536,2.8,3.2,0.867,0.3,5.1,5.4,6.4,1.6,0.2,3.4,2.4,16.7,
Matas Buzelis,21.0,CHI,PF,75.0,75.0,29.3,5.8,12.5,0.465,2.3,6.4,0.358,3.5,6.1,0.579,0.557,2.4,3.1,0.792,1.0,4.8,5.8,2.1,0.7,1.5,2.1,2.3,16.4,
Aaron Gordon,30.0,DEN,PF,33.0,30.0,27.6,5.5,11.1,0.495,1.7,4.3,0.394,3.8,6.8,0.558,0.571,3.6,4.8,0.764,1.5,4.4,5.8,2.5,0.6,0.3,1.1,1.6,16.3,
Jrue Holiday,35.0,POR,PG,49.0,47.0,29.1,6.1,13.2,0.458,2.6,6.8,0.389,3.4,6.5,0.53,0.557,1.6,1.9,0.83,1.3,3.2,4.5,6.1,1.1,0.1,2.8,1.4,16.3,
Alex Sarr,20.0,WAS,C,48.0,48.0,27.2,6.6,13.7,0.482,1.0,3.1,0.333,5.5,10.5,0.526,0.52,2.1,3.0,0.692,2.2,5.2,7.4,2.7,0.8,2.0,1.7,2.2,16.3,
VJ Edgecombe,20.0,PHI,SG,69.0,69.0,34.8,6.0,13.7,0.44,2.0,5.6,0.362,4.0,8.1,0.494,0.514,2.0,2.4,0.828,1.6,4.0,5.6,4.1,1.4,0.5,1.8,2.9,16.1,
Domantas Sabonis,29.0,SAC,C,19.0,15.0,29.7,6.3,11.6,0.543,0.3,1.4,0.185,6.1,10.2,0.593,0.554,2.9,4.1,0.727,3.4,8.0,11.4,4.1,0.9,0.2,2.7,3.5,15.8,
Nikola Vučević,35.0,2TM,C,60.0,49.0,29.0,6.4,12.8,0.496,1.6,4.3,0.373,4.8,8.6,0.557,0.558,1.3,1.5,0.835,2.0,6.6,8.6,3.4,0.6,0.7,1.3,2.0,15.6,
Nikola Vučević,35.0,CHI,C,48.0,48.0,30.8,6.9,13.8,0.505,1.7,4.5,0.376,5.2,9.2,0.568,0.567,1.3,1.5,0.838,2.1,6.9,9.0,3.8,0.7,0.6,1.4,2.0,16.9,
Nikola Vučević,35.0,BOS,C,12.0,1.0,21.7,4.1,9.2,0.445,1.1,3.1,0.351,3.0,6.1,0.493,0.505,1.2,1.4,0.824,1.7,5.5,7.2,1.8,0.4,0.8,0.9,1.8,10.4,
Andrew Wiggins,30.0,MIA,SF,63.0,63.0,30.7,5.9,12.3,0.476,2.0,4.9,0.411,3.8,7.4,0.518,0.557,1.8,2.3,0.788,1.7,3.3,5.0,2.7,1.2,1.1,1.5,2.3,15.6,
Naji Marshall,28.0,DAL,SF,71.0,44.0,29.7,5.7,11.1,0.516,0.9,2.9,0.295,4.9,8.2,0.595,0.555,3.1,4.1,0.764,0.9,3.8,4.7,3.3,1.1,0.1,1.6,1.9,15.5,
Jabari Smith Jr.,22.0,HOU,PF,72.0,72.0,35.2,5.6,12.5,0.45,2.2,6.2,0.358,3.4,6.3,0.54,0.538,2.1,2.7,0.776,1.5,5.5,6.9,1.9,0.8,0.9,1.4,2.5,15.5,
Jarrett Allen,27.0,CLE,C,54.0,54.0,27.1,6.1,9.5,0.641,0.0,0.2,0.1,6.1,9.3,0.651,0.642,3.2,4.5,0.71,2.6,5.9,8.5,1.8,1.0,0.8,1.3,1.8,15.4,
Onyeka Okongwu,25.0,ATL,C,70.0,59.0,31.1,5.7,11.7,0.482,2.0,5.2,0.379,3.7,6.5,0.566,0.567,2.1,2.7,0.755,1.9,5.8,7.7,3.2,1.2,1.1,1.8,3.4,15.4,
Anthony Black,22.0,ORL,PG,60.0,40.0,30.7,5.5,12.3,0.451,1.6,4.7,0.339,3.9,7.6,0.521,0.516,2.6,3.6,0.73,0.7,3.1,3.9,3.8,1.4,0.7,2.1,2.7,15.3,
Collin Sexton,27.0,2TM,SG,62.0,17.0,23.1,5.1,10.5,0.49,1.6,4.1,0.399,3.5,6.4,0.548,0.568,3.2,3.8,0.859,0.5,1.6,2.0,3.3,1.0,0.2,2.0,2.0,15.2,
Collin Sexton,27.0,CHA,SG,42.0,12.0,22.3,4.8,9.9,0.488,1.4,3.5,0.393,3.5,6.4,0.539,0.557,3.2,3.7,0.877,0.4,1.5,1.9,3.7,0.9,0.2,2.1,1.8,14.2,
Collin Sexton,27.0,CHI,SG,20.0,5.0,24.9,5.9,11.9,0.494,2.2,5.4,0.407,3.7,6.5,0.566,0.586,3.3,4.0,0.825,0.6,1.8,2.4,2.5,1.3,0.2,1.8,2.5,17.2,
Russell Westbrook,37.0,SAC,SF,64.0,58.0,29.0,5.6,13.1,0.427,2.0,5.9,0.338,3.6,7.2,0.5,0.503,2.0,2.9,0.694,1.3,4.2,5.4,6.7,1.3,0.2,3.3,2.3,15.2,
Jaime Jaquez Jr.,24.0,MIA,SF,70.0,1.0,28.2,6.0,12.1,0.497,0.7,2.4,0.303,5.3,9.7,0.544,0.527,2.3,3.0,0.763,1.3,3.8,5.1,4.7,0.7,0.3,2.0,1.9,15.0,
Kyshawn George,22.0,WAS,SF,48.0,48.0,29.0,5.3,12.0,0.438,2.1,5.4,0.381,3.2,6.6,0.486,0.524,2.2,2.7,0.802,0.9,4.2,5.1,4.5,1.0,0.9,2.6,3.5,14.8,
Jaden McDaniels,25.0,MIN,PF,71.0,71.0,31.9,5.6,10.9,0.518,1.4,3.4,0.421,4.2,7.5,0.562,0.584,2.1,2.5,0.839,1.0,3.2,4.2,2.7,1.1,1.0,1.8,3.4,14.8,
Mikal Bridges,29.0,NYK,SF,77.0,77.0,33.4,5.9,12.0,0.489,2.0,5.3,0.375,3.9,6.7,0.578,0.571,1.0,1.2,0.824,1.0,2.9,3.9,3.8,1.3,0.8,1.1,2.0,14.7,
Ayo Dosunmu,26.0,2TM,SG,65.0,16.0,26.9,5.5,10.7,0.518,1.8,4.1,0.442,3.7,6.6,0.565,0.602,1.8,2.0,0.865,0.7,2.8,3.4,3.7,0.8,0.3,1.4,1.9,14.6,
Ayo Dosunmu,26.0,CHI,SG,45.0,10.0,26.4,5.6,10.8,0.514,1.9,4.3,0.451,3.6,6.5,0.556,0.604,2.0,2.3,0.857,0.7,2.3,3.0,3.6,0.8,0.3,1.4,1.7,15.0,
Ayo Dosunmu,26.0,MIN,SG,20.0,6.0,28.2,5.5,10.5,0.526,1.5,3.6,0.417,4.0,6.9,0.584,0.598,1.3,1.4,0.893,0.6,3.8,4.4,3.8,1.0,0.3,1.4,2.2,13.8,
Peyton Watson,23.0,DEN,SF,54.0,40.0,29.6,5.3,10.8,0.491,1.5,3.6,0.411,3.8,7.1,0.531,0.56,2.6,3.5,0.73,0.9,4.0,4.9,2.1,0.9,1.1,1.7,2.5,14.6,
Brice Sensabaugh,22.0,UTA,SF,71.0,19.0,23.2,5.2,11.2,0.46,2.1,5.8,0.363,3.1,5.4,0.564,0.554,2.1,2.5,0.822,0.8,2.3,3.1,1.8,0.7,0.2,1.5,1.9,14.5,
Kennedy Chandler,23.0,UTA,PG,7.0,1.0,32.3,5.1,12.3,0.419,1.1,3.7,0.308,4.0,8.6,0.467,0.465,3.0,4.4,0.677,0.6,2.9,3.4,6.7,1.0,0.3,2.0,2.4,14.4,
Walker Kessler,24.0,UTA,C,5.0,5.0,30.8,5.2,7.4,0.703,1.2,1.6,0.75,4.0,5.8,0.69,0.784,2.8,4.0,0.7,4.6,6.2,10.8,3.0,1.4,1.8,3.2,4.4,14.4,
Kelly Oubre Jr.,30.0,PHI,SF,44.0,36.0,32.0,5.1,11.1,0.462,1.8,4.9,0.361,3.3,6.2,0.542,0.542,2.4,3.2,0.757,1.1,3.9,5.0,1.7,1.3,0.5,1.4,2.5,14.4,
Anfernee Simons,26.0,2TM,SG,55.0,5.0,24.9,5.2,11.8,0.44,2.7,6.9,0.385,2.5,4.9,0.517,0.552,1.3,1.4,0.896,0.6,1.9,2.5,2.4,0.5,0.1,1.2,1.7,14.3,
Anfernee Simons,26.0,BOS,SG,49.0,0.0,24.5,5.1,11.6,0.44,2.7,6.7,0.395,2.4,4.9,0.502,0.555,1.3,1.5,0.889,0.5,1.9,2.4,2.4,0.6,0.1,1.1,1.7,14.2,
Anfernee Simons,26.0,CHI,SG,6.0,5.0,28.3,5.8,13.3,0.438,2.7,8.3,0.32,3.2,5.0,0.633,0.538,0.8,0.8,1.0,0.8,2.0,2.8,3.0,0.0,0.3,2.2,2.0,15.2,
Ivica Zubac,28.0,2TM,C,48.0,47.0,30.1,6.0,10.0,0.598,0.0,0.0,,6.0,10.0,0.598,0.598,2.1,3.0,0.711,3.4,7.2,10.6,2.2,0.4,0.8,1.8,2.3,14.1,
Ivica Zubac,28.0,LAC,C,43.0,42.0,30.9,6.1,10.0,0.613,0.0,0.0,,6.1,10.0,0.613,0.613,2.2,3.1,0.705,3.4,7.6,11.0,2.2,0.4,0.8,1.9,2.4,14.4,
Ivica Zubac,28.0,IND,C,5.0,5.0,23.6,5.0,10.6,0.472,0.0,0.0,,5.0,10.6,0.472,0.472,1.6,2.0,0.8,2.8,4.4,7.2,1.8,0.4,0.8,0.8,1.6,11.6,
P.J. Washington,27.0,DAL,PF,55.0,52.0,31.0,5.3,11.8,0.448,1.3,4.1,0.32,3.9,7.6,0.517,0.504,2.3,3.3,0.687,1.5,5.5,7.1,1.8,1.0,1.1,1.7,2.1,14.1,
Santi Aldama,25.0,MEM,PF,43.0,11.0,27.9,5.3,11.1,0.479,1.6,4.7,0.35,3.7,6.4,0.572,0.553,1.8,2.7,0.667,1.6,5.1,6.7,2.9,0.9,0.7,1.3,1.6,14.0,
Scoot Henderson,21.0,POR,PG,26.0,6.0,23.7,4.7,11.2,0.417,1.8,5.2,0.348,2.8,6.0,0.477,0.498,2.9,3.5,0.835,0.6,2.1,2.7,3.8,0.7,0.3,2.5,2.9,14.0,
Keegan Murray,25.0,SAC,PF,23.0,22.0,34.5,5.5,13.0,0.42,1.3,4.9,0.277,4.1,8.2,0.505,0.472,1.7,2.1,0.776,1.4,4.3,5.7,1.7,1.0,1.6,1.2,1.8,14.0,
Devin Vassell,25.0,SAS,SG,62.0,60.0,30.4,4.9,11.3,0.438,2.5,6.5,0.389,2.4,4.8,0.503,0.549,1.6,2.0,0.811,0.6,3.4,4.0,2.5,0.8,0.4,0.9,1.6,14.0,
Ajay Mitchell,23.0,OKC,SG,54.0,15.0,26.1,5.1,10.5,0.489,1.1,3.1,0.351,4.0,7.4,0.548,0.542,2.6,2.9,0.873,0.7,2.7,3.4,3.6,1.3,0.3,1.5,2.1,13.9,
Aaron Nesmith,26.0,IND,SF,45.0,42.0,29.7,4.7,11.4,0.414,2.3,6.2,0.379,2.4,5.2,0.455,0.517,2.0,2.5,0.829,1.1,3.1,4.2,1.9,0.6,0.5,1.4,2.8,13.8,
Max Strus,29.0,CLE,SF,8.0,2.0,24.4,4.8,8.9,0.535,3.6,7.3,0.5,1.1,1.6,0.692,0.739,0.6,0.8,0.833,1.0,4.9,5.9,1.9,0.4,0.0,0.9,3.1,13.8,
De'Andre Hunter,28.0,2TM,SF,45.0,25.0,26.1,4.6,11.1,0.415,1.7,5.5,0.305,3.0,5.7,0.522,0.49,2.8,3.2,0.867,0.7,3.4,4.1,2.0,0.7,0.1,1.7,2.5,13.7,
De'Andre Hunter,28.0,CLE,SF,43.0,23.0,26.2,4.7,11.2,0.423,1.7,5.5,0.308,3.0,5.7,0.535,0.499,2.8,3.2,0.869,0.7,3.6,4.2,2.1,0.7,0.1,1.7,2.5,14.0,
De'Andre Hunter,28.0,SAC,SF,2.0,2.0,25.5,2.0,9.5,0.211,1.0,4.5,0.222,1.0,5.0,0.2,0.263,2.5,3.0,0.833,0.5,1.0,1.5,0.5,0.0,0.0,2.0,2.5,7.5,
Quentin Grimes,25.0,PHI,SG,69.0,19.0,30.0,4.6,10.2,0.453,1.8,5.2,0.334,2.9,4.9,0.579,0.539,2.8,3.3,0.837,0.7,3.1,3.7,3.4,0.9,0.4,1.9,2.0,13.7,
Tim Hardaway Jr.,33.0,DEN,SG,76.0,5.0,26.7,4.4,9.8,0.45,2.8,6.9,0.41,1.6,2.9,0.545,0.595,2.0,2.5,0.812,0.2,2.4,2.6,1.3,0.5,0.1,0.6,1.2,13.7,
Bobby Portis,30.0,MIL,PF,67.0,9.0,24.2,5.5,11.2,0.488,2.0,4.4,0.456,3.4,6.8,0.509,0.578,0.7,1.0,0.706,1.3,5.1,6.4,1.6,0.6,0.2,1.0,1.6,13.7,
Reed Sheppard,21.0,HOU,SG,76.0,17.0,26.4,5.0,11.6,0.431,2.8,7.0,0.394,2.2,4.6,0.487,0.55,0.9,1.1,0.807,0.4,2.6,2.9,3.4,1.5,0.7,1.6,2.1,13.7,
Jalen Suggs,24.0,ORL,PG,51.0,50.0,27.3,4.9,11.3,0.435,2.0,6.1,0.323,2.9,5.2,0.566,0.522,1.9,2.3,0.852,0.6,3.3,3.9,5.3,1.9,0.7,2.7,2.6,13.7,
John Collins,28.0,LAC,PF,64.0,54.0,27.5,5.3,9.4,0.56,1.3,3.2,0.411,4.0,6.3,0.635,0.629,1.7,2.2,0.782,1.5,3.7,5.3,1.0,0.9,0.8,1.3,2.7,13.6,
Zach Edey,23.0,MEM,C,11.0,11.0,25.8,5.6,8.9,0.633,0.1,0.5,0.2,5.5,8.5,0.656,0.638,2.3,2.9,0.781,3.9,7.2,11.1,1.1,0.6,1.9,2.4,3.4,13.6,
Naz Reid,26.0,MIN,C,73.0,2.0,26.1,5.2,11.3,0.457,2.2,5.9,0.367,3.0,5.4,0.556,0.553,1.2,1.6,0.731,1.2,5.1,6.2,2.3,1.0,1.0,1.6,2.5,13.6,
Cam Thomas,24.0,2TM,SG,42.0,8.0,21.0,4.5,11.0,0.41,1.2,4.0,0.31,3.3,7.0,0.468,0.466,3.3,4.0,0.811,0.3,1.4,1.7,2.6,0.2,0.1,1.8,1.0,13.5,
Cam Thomas,24.0,BKN,SG,24.0,8.0,24.3,5.1,12.8,0.399,1.6,4.9,0.325,3.5,8.0,0.445,0.461,3.8,4.5,0.843,0.4,1.4,1.8,3.1,0.2,0.1,2.0,1.3,15.6,
Cam Thomas,24.0,MIL,SG,18.0,0.0,16.6,3.7,8.5,0.431,0.8,2.8,0.275,2.9,5.7,0.51,0.477,2.6,3.4,0.754,0.1,1.4,1.6,1.9,0.3,0.1,1.4,0.7,10.7,
Ace Bailey,19.0,UTA,SF,68.0,57.0,27.4,5.3,12.1,0.442,1.9,5.4,0.351,3.4,6.7,0.517,0.521,0.9,1.2,0.771,1.5,2.6,4.1,1.8,0.8,0.6,1.4,2.7,13.5,
Brandin Podziemski,22.0,GSW,SG,77.0,38.0,28.4,4.7,10.4,0.451,1.8,5.0,0.369,2.9,5.5,0.526,0.539,2.2,2.8,0.781,0.9,4.4,5.3,3.8,1.1,0.2,1.6,1.7,13.5,
Cedric Coward,22.0,MEM,SG,59.0,44.0,25.9,4.8,10.4,0.464,1.5,4.4,0.333,3.4,6.0,0.559,0.534,2.3,2.7,0.847,1.4,4.6,5.9,2.8,0.6,0.4,1.7,2.0,13.4,
Tre Jones,26.0,CHI,PG,59.0,35.0,27.0,5.0,9.2,0.55,0.6,1.9,0.322,4.4,7.2,0.612,0.584,2.7,3.3,0.83,0.6,2.5,3.1,5.4,1.2,0.2,1.4,1.4,13.4,
Toumani Camara,25.0,POR,PF,78.0,78.0,33.2,4.7,10.7,0.439,2.6,7.1,0.366,2.1,3.6,0.584,0.56,1.2,1.7,0.704,1.6,3.6,5.2,2.4,1.1,0.4,1.8,2.9,13.2,
Kyle Kuzma,30.0,MIL,PF,66.0,41.0,26.3,5.0,10.1,0.491,1.2,3.5,0.343,3.8,6.6,0.57,0.551,2.0,2.8,0.724,0.8,3.7,4.6,2.6,0.7,0.4,1.6,2.0,13.2,
Jeremiah Fears,19.0,NOP,PG,77.0,45.0,24.9,4.9,11.5,0.43,1.2,3.5,0.338,3.8,8.1,0.469,0.48,2.1,2.6,0.782,0.7,2.8,3.5,3.2,1.1,0.4,2.2,1.8,13.1,
Tobias Harris,33.0,DET,PF,59.0,59.0,27.9,4.9,10.5,0.462,1.3,3.6,0.349,3.6,6.9,0.521,0.522,2.2,2.5,0.87,0.8,4.3,5.2,2.6,0.8,0.4,1.0,1.7,13.1,
Jaylon Tyson,23.0,CLE,SG,64.0,40.0,27.0,5.0,10.0,0.496,2.0,4.5,0.455,2.9,5.5,0.53,0.598,1.2,1.6,0.743,1.8,3.3,5.1,2.2,0.8,0.4,1.5,2.5,13.1,
Collin Gillespie,26.0,PHX,PG,76.0,57.0,28.8,4.5,10.7,0.422,3.0,7.3,0.408,1.5,3.3,0.453,0.562,1.0,1.1,0.871,1.1,3.0,4.1,4.8,1.3,0.2,1.6,1.7,13.0,
Keldon Johnson,26.0,SAS,SF,77.0,0.0,23.3,5.0,9.5,0.528,1.2,3.2,0.382,3.8,6.3,0.603,0.593,1.7,2.2,0.793,1.6,3.7,5.3,1.4,0.5,0.1,0.9,2.0,13.0,
Jordan Poole,26.0,NOP,PG,37.0,6.0,23.6,4.1,11.1,0.365,2.4,7.2,0.326,1.7,3.9,0.438,0.471,2.5,2.8,0.876,0.2,1.7,1.9,3.0,0.5,0.4,1.7,2.3,12.9,
Brandon Williams,26.0,DAL,PG,64.0,15.0,22.1,4.4,9.3,0.471,0.6,2.4,0.238,3.8,6.9,0.55,0.501,3.5,4.5,0.794,0.5,2.5,2.9,3.8,0.9,0.3,1.9,1.6,12.9,
Sam Merrill,29.0,CLE,SG,50.0,37.0,26.4,4.3,9.3,0.46,3.0,7.2,0.421,1.2,2.1,0.596,0.624,1.1,1.3,0.862,0.6,2.1,2.6,2.4,0.6,0.1,0.8,2.4,12.7,
Malik Monk,27.0,SAC,SG,59.0,3.0,22.5,4.5,10.5,0.434,2.0,5.2,0.392,2.5,5.3,0.474,0.531,1.6,1.8,0.879,0.3,1.7,1.9,3.1,0.6,0.4,1.4,1.7,12.7,
De'Anthony Melton,27.0,GSW,PG,44.0,20.0,23.0,4.5,11.2,0.404,1.4,5.1,0.283,3.1,6.1,0.506,0.468,2.1,2.5,0.827,0.8,2.4,3.3,2.5,1.7,0.4,1.9,2.0,12.5,
Jaylen Wells,22.0,MEM,SG,69.0,69.0,26.4,4.4,10.1,0.431,1.9,5.3,0.353,2.5,4.8,0.517,0.524,1.9,2.5,0.784,0.9,2.3,3.2,1.6,0.9,0.1,1.1,2.1,12.5,
Deandre Ayton,27.0,LAL,C,67.0,67.0,27.3,5.6,8.3,0.674,0.0,0.0,,5.6,8.3,0.674,0.674,1.2,1.9,0.63,2.6,5.6,8.2,0.8,0.6,0.9,1.2,2.2,12.4,
Donte DiVincenzo,29.0,MIN,SG,76.0,76.0,30.9,4.2,10.3,0.409,3.0,7.9,0.382,1.2,2.4,0.5,0.556,1.0,1.3,0.76,0.9,3.4,4.3,3.9,1.3,0.4,1.5,2.4,12.4,
Noah Clowney,21.0,BKN,PF,65.0,59.0,27.1,3.8,9.6,0.394,2.0,6.0,0.331,1.8,3.6,0.5,0.498,2.7,3.4,0.8,0.8,3.3,4.1,1.6,0.8,0.7,1.5,2.5,12.3,
Miles McBride,25.0,NYK,SG,37.0,14.0,27.1,4.3,10.1,0.422,2.8,6.8,0.41,1.5,3.3,0.447,0.56,0.9,1.2,0.814,0.6,1.9,2.5,2.7,0.8,0.2,0.9,1.8,12.3,
Max Christie,22.0,DAL,SG,71.0,62.0,29.4,4.2,9.5,0.442,2.3,5.8,0.403,1.9,3.7,0.502,0.565,1.5,1.6,0.889,0.2,3.1,3.3,2.0,0.6,0.3,1.3,1.4,12.2,
Josh Hart,30.0,NYK,SF,62.0,48.0,30.2,4.6,9.1,0.506,1.5,3.7,0.409,3.1,5.4,0.573,0.59,1.4,1.9,0.726,1.5,6.0,7.5,4.9,1.2,0.3,1.9,2.5,12.2,
GG Jackson II,21.0,MEM,PF,53.0,26.0,21.3,4.6,9.2,0.495,1.1,3.5,0.326,3.4,5.8,0.597,0.556,1.9,2.6,0.732,0.9,3.4,4.2,1.5,0.6,0.8,1.5,1.4,12.2,
Tre Johnson,19.0,WAS,SG,59.0,41.0,24.0,4.5,10.7,0.42,1.9,5.4,0.361,2.6,5.4,0.478,0.509,1.3,1.5,0.874,0.5,2.3,2.8,2.0,0.6,0.3,1.5,2.0,12.2,
Moses Moody,23.0,GSW,SG,60.0,49.0,25.7,4.1,9.3,0.44,2.5,6.3,0.401,1.6,3.0,0.522,0.575,1.5,1.9,0.77,0.9,2.5,3.3,1.6,1.0,0.6,1.0,2.0,12.1,
Duncan Robinson,31.0,DET,SF,73.0,73.0,27.6,4.1,9.1,0.447,2.9,7.0,0.407,1.2,2.0,0.584,0.605,1.1,1.4,0.76,0.4,2.3,2.7,2.1,0.6,0.3,0.7,2.2,12.1,
Donovan Clingan,21.0,POR,C,73.0,73.0,27.2,4.6,8.8,0.52,1.0,3.1,0.327,3.6,5.7,0.625,0.578,1.8,2.7,0.673,4.5,7.1,11.6,2.1,0.6,1.7,1.3,2.4,12.0,
Jonathan Kuminga,23.0,2TM,PF,32.0,14.0,22.9,4.3,9.2,0.461,0.9,2.7,0.353,3.3,6.6,0.505,0.512,2.5,3.4,0.727,1.4,4.3,5.8,2.4,0.6,0.3,2.0,1.6,11.9,
Jonathan Kuminga,23.0,GSW,PF,20.0,13.0,23.8,4.4,9.7,0.454,0.9,2.7,0.321,3.6,7.1,0.504,0.497,2.5,3.3,0.742,1.5,4.4,5.9,2.5,0.4,0.3,2.3,1.7,12.1,
Jonathan Kuminga,23.0,ATL,PF,12.0,1.0,21.5,4.0,8.4,0.475,1.1,2.7,0.406,2.9,5.8,0.507,0.54,2.6,3.7,0.705,1.4,4.2,5.6,2.2,0.8,0.3,1.5,1.4,11.7,
Dyson Daniels,22.0,ATL,SG,72.0,72.0,33.2,5.3,10.2,0.518,0.3,1.5,0.176,5.0,8.7,0.577,0.531,1.0,1.6,0.623,2.4,4.4,6.8,5.9,1.9,0.4,1.8,2.1,11.9,
Cameron Johnson,29.0,DEN,SF,51.0,51.0,30.2,4.1,8.7,0.47,2.0,4.7,0.427,2.1,4.0,0.52,0.586,1.7,2.1,0.84,0.8,3.0,3.7,2.4,0.7,0.4,0.8,2.3,11.9,
Maxime Raynaud,22.0,SAC,C,69.0,51.0,26.1,5.0,8.8,0.565,0.3,0.9,0.302,4.7,7.9,0.595,0.58,1.7,2.1,0.782,1.9,5.4,7.3,1.3,0.5,0.5,1.2,2.4,11.9,
Myles Turner,29.0,MIL,C,68.0,68.0,27.1,4.0,9.1,0.439,2.1,5.5,0.387,1.9,3.6,0.516,0.555,1.8,2.5,0.743,1.0,4.3,5.3,1.5,0.7,1.6,1.2,2.6,11.9,
Christian Braun,24.0,DEN,SG,41.0,41.0,31.6,4.5,8.7,0.517,0.9,3.1,0.299,3.6,5.6,0.638,0.57,1.9,2.4,0.786,1.4,3.3,4.8,2.8,0.6,0.3,1.0,2.4,11.8,
Wendell Carter Jr.,26.0,ORL,C,72.0,72.0,29.5,4.2,8.2,0.513,1.0,3.0,0.319,3.3,5.2,0.623,0.571,2.4,3.0,0.798,2.1,5.4,7.5,2.0,0.8,0.6,1.3,3.4,11.8,
Nic Claxton,26.0,BKN,C,68.0,67.0,27.9,4.8,8.4,0.569,0.0,0.3,0.167,4.8,8.2,0.582,0.572,2.0,3.3,0.612,2.5,4.5,7.0,3.7,0.7,1.1,1.4,2.3,11.7,
Isaiah Collier,21.0,UTA,PG,59.0,19.0,25.7,4.3,8.7,0.495,0.5,1.7,0.27,3.9,7.0,0.549,0.521,2.6,3.5,0.722,0.4,2.2,2.5,7.2,1.1,0.3,2.5,2.3,11.7,
Dylan Harper,19.0,SAS,SG,64.0,2.0,22.4,4.8,9.5,0.503,0.9,2.6,0.327,3.9,6.8,0.571,0.549,1.3,1.8,0.75,0.8,2.6,3.4,3.9,0.8,0.3,1.4,2.0,11.7,
Klay Thompson,35.0,DAL,SF,65.0,8.0,21.8,4.1,10.5,0.393,2.9,7.6,0.386,1.2,2.9,0.41,0.532,0.5,0.7,0.756,0.3,1.9,2.1,1.4,0.5,0.3,0.9,1.0,11.7,
Mark Williams,24.0,PHX,C,57.0,52.0,23.5,4.7,7.4,0.637,0.0,0.0,1.0,4.7,7.3,0.636,0.638,2.2,2.9,0.767,3.1,4.9,8.0,1.0,0.9,0.9,1.1,2.2,11.6,
Jarace Walker,22.0,IND,PF,73.0,38.0,25.6,4.0,9.5,0.421,1.7,4.6,0.376,2.3,4.9,0.465,0.513,1.8,2.4,0.753,0.6,4.5,5.1,2.4,0.8,0.3,1.8,1.7,11.5,
Scotty Pippen Jr.,25.0,MEM,PG,10.0,6.0,21.2,4.3,9.6,0.448,1.0,3.2,0.313,3.3,6.4,0.516,0.5,1.8,2.3,0.783,0.8,1.4,2.2,4.7,1.9,0.4,2.7,3.1,11.4,
Derik Queen,21.0,NOP,C,76.0,45.0,24.5,4.3,9.0,0.474,0.3,1.1,0.272,4.0,7.9,0.502,0.49,2.6,3.3,0.79,1.6,5.2,6.8,3.7,1.0,0.9,2.3,2.6,11.4,
Julian Reese,22.0,WAS,PF,7.0,6.0,31.0,4.6,7.9,0.582,0.0,0.0,,4.6,7.9,0.582,0.582,2.3,3.4,0.667,3.9,7.1,11.0,1.9,1.0,0.4,2.7,4.3,11.4,
Bilal Coulibaly,21.0,WAS,SG,53.0,53.0,26.4,3.9,9.5,0.416,1.2,3.7,0.311,2.8,5.8,0.484,0.477,2.3,3.1,0.753,0.8,3.6,4.4,2.6,1.4,0.9,1.5,2.4,11.3,
Kyle Filipowski,22.0,UTA,C,74.0,38.0,23.2,4.1,8.2,0.498,1.0,2.9,0.34,3.1,5.3,0.584,0.558,2.1,2.8,0.75,1.8,5.3,7.1,2.5,1.0,0.5,1.6,2.9,11.3,
Pelle Larsson,24.0,MIA,SG,66.0,51.0,26.4,3.9,7.8,0.498,0.9,2.7,0.326,3.0,5.1,0.589,0.554,2.6,3.3,0.795,1.0,2.5,3.5,3.4,0.7,0.2,1.4,2.1,11.3,
Julian Champagnie,24.0,SAS,SF,77.0,63.0,27.6,3.7,8.4,0.435,2.4,6.4,0.38,1.3,2.1,0.602,0.578,1.4,1.7,0.841,0.9,4.9,5.8,1.5,0.8,0.4,0.9,1.6,11.2,
Sandro Mamukelashvili,26.0,TOR,C,74.0,13.0,21.9,4.2,8.0,0.524,1.4,3.7,0.385,2.8,4.3,0.644,0.613,1.4,1.9,0.743,1.4,3.5,4.9,1.9,0.8,0.6,0.8,1.9,11.2,
Rudy Gobert,33.0,MIN,C,73.0,73.0,31.3,4.5,6.4,0.693,0.0,0.1,0.0,4.5,6.4,0.699,0.693,2.2,4.1,0.527,3.9,7.5,11.4,1.7,0.8,1.7,1.4,2.7,11.1,
Rui Hachimura,27.0,LAL,PF,63.0,36.0,28.1,4.3,8.6,0.506,1.7,3.9,0.43,2.7,4.7,0.567,0.602,0.7,1.0,0.733,0.6,2.6,3.2,0.8,0.5,0.3,0.6,1.6,11.1,
Cam Spencer,25.0,MEM,SG,71.0,19.0,23.8,3.7,7.8,0.472,2.0,4.5,0.447,1.6,3.2,0.507,0.603,1.8,1.9,0.94,0.6,2.0,2.6,5.5,0.7,0.2,1.3,1.4,11.1,
Alondes Williams,26.0,WAS,SG,4.0,0.0,25.3,4.0,6.5,0.615,1.3,3.5,0.357,2.8,3.0,0.917,0.712,1.8,2.0,0.875,1.3,5.0,6.3,3.0,0.8,0.8,1.3,1.0,11.0,
Jusuf Nurkić,31.0,UTA,C,41.0,36.0,26.4,4.4,8.7,0.503,0.6,1.7,0.352,3.8,7.0,0.54,0.538,1.5,2.8,0.549,2.6,7.8,10.4,4.8,1.3,0.5,2.5,3.3,10.9,
Kel'el Ware,21.0,MIA,C,72.0,32.0,22.1,4.4,8.4,0.526,1.1,3.0,0.38,3.3,5.4,0.605,0.593,1.0,1.3,0.761,2.9,6.1,9.0,0.7,0.8,1.0,0.8,1.6,10.9,
Dennis Schröder,32.0,2TM,PG,66.0,16.0,24.5,3.7,9.1,0.402,1.1,3.4,0.329,2.5,5.7,0.446,0.463,2.4,2.9,0.83,0.4,2.3,2.7,4.8,0.8,0.2,1.8,1.6,10.8,
Dennis Schröder,32.0,SAC,PG,40.0,14.0,26.4,4.3,10.6,0.408,1.4,4.2,0.343,2.9,6.4,0.449,0.475,2.7,3.3,0.82,0.6,2.5,3.1,5.3,0.8,0.2,2.0,1.7,12.8,
Dennis Schröder,32.0,CLE,PG,26.0,2.0,21.6,2.7,6.8,0.39,0.6,2.2,0.286,2.0,4.7,0.438,0.435,2.0,2.3,0.852,0.3,2.0,2.2,4.2,0.8,0.2,1.5,1.4,7.9,
Tyler Burton,25.0,MEM,SF,12.0,0.0,25.6,3.5,9.3,0.375,1.8,5.5,0.333,1.7,3.8,0.435,0.473,1.9,2.3,0.852,0.7,3.5,4.2,1.0,0.9,0.3,0.9,2.6,10.8,
Isaiah Joe,26.0,OKC,SG,68.0,9.0,21.4,3.4,7.6,0.446,2.5,6.0,0.414,0.9,1.6,0.563,0.609,1.5,1.7,0.889,0.5,2.1,2.6,1.3,0.7,0.2,0.6,1.7,10.8,
Caleb Love,24.0,POR,SG,47.0,1.0,21.5,4.0,10.4,0.389,2.0,6.2,0.32,2.1,4.2,0.49,0.484,0.8,1.0,0.735,0.5,1.9,2.4,2.6,0.6,0.1,1.3,1.0,10.8,
Jakob Poeltl,30.0,TOR,C,40.0,38.0,25.6,4.7,6.8,0.696,0.0,0.0,,4.7,6.8,0.696,0.696,1.4,2.3,0.633,2.7,4.8,7.5,2.1,0.8,0.7,1.2,3.2,10.8,
Jock Landale,30.0,2TM,C,68.0,27.0,22.1,4.1,8.1,0.515,1.1,2.8,0.383,3.1,5.2,0.586,0.582,1.2,1.9,0.635,2.7,3.0,5.7,1.7,0.5,0.5,0.9,2.2,10.6,
Jock Landale,30.0,MEM,C,45.0,25.0,23.6,4.4,8.6,0.514,1.1,2.9,0.38,3.4,5.8,0.581,0.577,1.3,2.0,0.674,3.1,3.4,6.5,1.7,0.6,0.5,1.0,2.3,11.3,
Jock Landale,30.0,ATL,C,23.0,2.0,19.4,3.6,6.9,0.516,1.1,2.8,0.391,2.5,4.1,0.6,0.594,0.9,1.6,0.541,1.8,2.3,4.1,1.7,0.4,0.6,0.6,2.1,9.1,
Khris Middleton,34.0,2TM,SF,57.0,46.0,23.5,3.8,8.9,0.424,1.1,3.0,0.357,2.7,5.9,0.457,0.483,1.9,2.2,0.867,0.9,3.0,3.8,2.9,0.7,0.2,1.8,2.4,10.6,
Khris Middleton,34.0,WAS,SF,34.0,34.0,24.3,3.8,8.8,0.433,1.0,2.9,0.333,2.9,5.9,0.483,0.488,1.7,2.0,0.841,0.9,3.1,3.9,3.3,0.8,0.3,1.7,2.5,10.3,
Khris Middleton,34.0,DAL,SF,23.0,12.0,22.3,3.7,9.1,0.41,1.2,3.1,0.389,2.5,6.0,0.42,0.476,2.3,2.6,0.898,0.8,2.9,3.7,2.4,0.7,0.0,1.9,2.1,11.0,
Blake Hinson,26.0,UTA,SF,11.0,1.0,19.5,3.6,7.0,0.519,2.6,5.2,0.509,1.0,1.8,0.55,0.708,0.7,1.1,0.667,0.7,1.5,2.2,0.8,0.1,0.2,0.2,1.9,10.6,
Tari Eason,24.0,HOU,PF,54.0,33.0,26.0,4.0,9.7,0.41,1.6,4.4,0.366,2.4,5.3,0.448,0.493,0.8,1.1,0.75,2.1,4.2,6.3,1.5,1.2,0.5,1.4,2.3,10.4,
Derrick Jones Jr.,28.0,LAC,SF,45.0,40.0,27.2,3.9,7.7,0.504,1.1,3.2,0.352,2.8,4.6,0.61,0.576,1.5,1.9,0.759,1.1,2.2,3.3,1.4,1.0,1.0,0.8,2.1,10.4,
Marvin Bagley III,26.0,2TM,PF,56.0,10.0,20.0,4.2,6.8,0.616,0.3,0.8,0.452,3.8,6.0,0.637,0.642,1.6,2.5,0.652,2.5,3.6,6.1,1.4,0.5,0.7,1.1,2.1,10.3,
Marvin Bagley III,26.0,WAS,PF,38.0,8.0,19.2,4.1,6.5,0.626,0.2,0.5,0.421,3.8,6.0,0.643,0.642,1.8,2.6,0.711,2.6,3.1,5.7,1.5,0.5,0.7,1.2,2.1,10.1,
Marvin Bagley III,26.0,DAL,PF,18.0,2.0,21.6,4.4,7.3,0.598,0.6,1.3,0.478,3.8,6.1,0.624,0.64,1.2,2.3,0.512,2.4,4.7,7.1,1.4,0.3,0.7,0.8,2.2,10.6,
Egor Dёmin,19.0,BKN,PG,52.0,45.0,25.2,3.4,8.6,0.399,2.4,6.2,0.385,1.1,2.4,0.433,0.537,1.0,1.3,0.831,0.4,2.8,3.2,3.3,0.8,0.3,1.7,1.8,10.3,
DaQuan Jeffries,28.0,SAC,SG,3.0,0.0,20.0,3.7,6.3,0.579,1.3,3.0,0.444,2.3,3.3,0.7,0.684,1.7,1.7,1.0,1.0,0.7,1.7,0.3,0.7,0.0,0.0,3.0,10.3,
Ziaire Williams,24.0,BKN,SF,55.0,13.0,22.9,3.3,7.7,0.43,1.5,4.5,0.343,1.8,3.2,0.554,0.531,2.1,2.5,0.853,0.5,1.8,2.4,1.0,1.4,0.4,1.1,2.1,10.3,
Bub Carrington,20.0,WAS,PG,76.0,42.0,27.6,3.6,8.8,0.417,2.0,4.9,0.396,1.7,3.8,0.443,0.529,1.0,1.4,0.728,0.4,3.0,3.5,4.6,0.6,0.2,2.3,2.3,10.2,
D'Angelo Russell,29.0,DAL,PG,26.0,3.0,19.0,3.6,8.9,0.405,1.3,4.3,0.295,2.3,4.6,0.508,0.476,1.7,2.3,0.717,0.3,2.0,2.3,4.0,0.5,0.1,1.9,1.2,10.2,
Jalen Smith,25.0,CHI,C,53.0,21.0,20.7,3.7,7.6,0.483,1.5,4.2,0.373,2.1,3.5,0.614,0.584,1.3,1.8,0.742,1.8,4.8,6.7,1.2,0.5,0.8,1.0,2.1,10.2,
Daeqwon Plowden,27.0,SAC,SG,27.0,4.0,25.6,3.6,8.4,0.429,1.9,5.6,0.333,1.7,2.8,0.618,0.54,1.1,1.3,0.829,1.0,2.0,3.0,1.1,0.7,0.1,0.7,2.4,10.1,
Kevin Huerter,27.0,2TM,SG,65.0,13.0,22.4,3.9,8.6,0.453,1.4,4.6,0.305,2.5,3.9,0.629,0.536,0.8,1.1,0.768,0.5,3.0,3.5,2.5,0.8,0.5,1.0,1.7,10.0,
Kevin Huerter,27.0,CHI,SF,44.0,11.0,23.6,4.2,9.2,0.455,1.6,5.1,0.314,2.6,4.1,0.63,0.542,0.9,1.3,0.732,0.5,3.3,3.8,2.6,0.8,0.6,1.1,1.9,10.9,
Kevin Huerter,27.0,DET,SG,21.0,2.0,20.0,3.3,7.3,0.448,1.0,3.8,0.278,2.2,3.6,0.627,0.519,0.6,0.6,0.923,0.5,2.3,2.8,2.1,1.0,0.3,0.8,1.2,8.2,
Harrison Barnes,33.0,SAS,PF,72.0,52.0,26.0,3.4,7.6,0.45,1.8,4.8,0.389,1.6,2.8,0.554,0.573,1.3,1.6,0.828,0.8,2.0,2.9,2.0,0.7,0.2,0.8,1.1,10.0,
Tristan Da Silva,24.0,ORL,SF,71.0,33.0,24.7,3.6,8.1,0.448,1.6,4.2,0.379,2.0,3.9,0.524,0.547,1.1,1.2,0.906,0.7,2.9,3.7,1.5,0.9,0.3,0.8,1.5,10.0,
Neemias Queta,26.0,BOS,C,71.0,70.0,25.4,4.2,6.5,0.641,0.0,0.1,0.0,4.2,6.4,0.651,0.641,1.7,2.4,0.698,2.9,5.4,8.4,1.6,0.8,1.3,1.0,2.8,10.0,
Isaiah Stewart,24.0,DET,C,55.0,13.0,23.1,3.8,7.0,0.541,0.7,2.1,0.333,3.1,4.9,0.632,0.592,1.7,2.3,0.76,1.7,3.4,5.1,1.2,0.3,1.6,1.1,2.8,10.0,
Precious Achiuwa,26.0,SAC,C,68.0,52.0,23.6,4.3,7.9,0.537,0.4,1.3,0.314,3.9,6.6,0.58,0.562,1.0,1.7,0.564,2.4,4.3,6.7,1.3,0.9,0.7,0.8,1.7,9.9,
Royce O'Neale,32.0,PHX,SF,74.0,67.0,28.8,3.4,8.1,0.419,2.8,6.8,0.407,0.6,1.4,0.475,0.588,0.4,0.5,0.722,0.7,4.1,4.8,2.7,1.1,0.4,1.4,2.3,9.9,
Zaccharie Risacher,20.0,ATL,SF,63.0,45.0,22.9,3.7,8.2,0.459,1.5,3.9,0.379,2.3,4.2,0.534,0.551,0.9,1.4,0.64,1.0,2.8,3.8,1.1,0.9,0.6,0.9,2.2,9.9,
Ausar Thompson,23.0,DET,SF,68.0,67.0,26.0,4.1,8.0,0.516,0.1,0.3,0.261,4.0,7.6,0.527,0.521,1.5,2.7,0.565,2.1,3.8,5.8,3.0,2.0,0.9,1.5,2.8,9.9,
Obi Toppin,27.0,IND,PF,18.0,3.0,16.8,3.7,7.4,0.504,1.2,4.0,0.306,2.5,3.4,0.738,0.586,1.3,1.5,0.852,0.6,3.5,4.1,2.3,0.6,0.1,1.1,1.3,9.9,
Zach Collins,28.0,CHI,C,10.0,0.0,18.4,3.7,6.4,0.578,0.9,2.1,0.429,2.8,4.3,0.651,0.648,1.4,2.0,0.7,1.6,4.0,5.6,1.5,0.2,0.4,1.0,1.8,9.7,
A.J. Green,26.0,MIL,SG,72.0,62.0,28.7,3.2,7.6,0.416,2.8,6.8,0.408,0.4,0.8,0.483,0.598,0.7,0.8,0.842,0.3,2.3,2.7,1.9,0.5,0.1,0.9,2.3,9.7,
Jordan Miller,26.0,LAC,SF,55.0,1.0,21.7,3.5,6.7,0.522,0.6,1.8,0.32,2.9,4.9,0.595,0.564,2.2,2.9,0.764,0.9,2.1,3.0,2.1,0.8,0.2,1.0,0.9,9.7,
Olivier-Maxence Prosper,23.0,MEM,PF,51.0,22.0,18.6,3.5,6.4,0.54,1.1,2.7,0.399,2.4,3.7,0.642,0.623,1.6,2.2,0.764,1.1,2.4,3.5,1.0,0.8,0.3,0.9,1.5,9.7,
Landry Shamet,28.0,NYK,SG,47.0,12.0,23.2,3.2,7.3,0.442,2.1,5.3,0.392,1.1,2.0,0.574,0.584,1.1,1.6,0.716,0.4,1.4,1.9,1.4,0.6,0.2,0.6,1.6,9.7,
Aaron Wiggins,27.0,OKC,SG,60.0,19.0,22.2,3.7,8.5,0.434,1.5,4.3,0.357,2.2,4.2,0.512,0.524,0.9,1.2,0.743,0.7,2.5,3.2,1.7,0.9,0.4,1.3,1.3,9.7,
Daniel Gafford,27.0,DAL,C,53.0,42.0,21.8,3.8,5.8,0.657,0.0,0.0,,3.8,5.8,0.657,0.657,2.0,2.8,0.689,2.5,4.4,6.9,1.1,0.7,1.2,1.2,2.6,9.6,
Will Riley,19.0,WAS,SF,68.0,15.0,21.0,3.4,7.7,0.444,1.0,3.1,0.332,2.4,4.6,0.521,0.511,1.8,2.3,0.797,0.8,1.9,2.6,1.8,0.6,0.1,1.2,1.1,9.6,
Marcus Smart,31.0,LAL,SG,60.0,53.0,28.8,3.1,7.7,0.399,1.6,4.8,0.336,1.5,3.0,0.5,0.502,1.7,2.1,0.816,0.6,2.2,2.8,2.8,1.4,0.4,1.5,2.6,9.5,
Isaiah Hartenstein,27.0,OKC,C,44.0,43.0,24.8,4.0,6.5,0.618,0.0,0.2,0.0,4.0,6.3,0.633,0.618,1.4,2.3,0.594,3.3,6.3,9.6,3.6,1.1,0.8,1.8,2.5,9.4,
Jay Huff,27.0,IND,C,76.0,45.0,20.8,3.5,7.3,0.477,1.5,4.6,0.321,2.0,2.8,0.737,0.577,1.0,1.2,0.819,0.9,3.0,3.8,1.4,0.5,1.8,0.9,2.3,9.4,
T.J. McConnell,33.0,IND,PG,56.0,4.0,17.2,4.3,8.0,0.538,0.3,0.9,0.32,4.0,7.1,0.565,0.556,0.4,0.5,0.862,0.4,1.8,2.2,5.1,1.0,0.2,1.1,1.1,9.4,
Daniss Jenkins,24.0,DET,PG,67.0,17.0,19.9,3.3,7.8,0.416,1.0,2.7,0.383,2.2,5.1,0.433,0.482,1.7,2.1,0.816,0.7,1.6,2.2,3.6,0.9,0.2,1.5,1.5,9.3,
Isaac Okoro,25.0,CHI,SG,60.0,59.0,26.9,3.3,7.3,0.456,1.2,3.5,0.341,2.1,3.8,0.564,0.539,1.4,1.8,0.789,1.1,1.6,2.7,1.5,0.7,0.5,0.7,2.6,9.3,
Javon Small,23.0,MEM,PG,39.0,11.0,19.9,3.1,6.6,0.473,1.4,3.2,0.452,1.7,3.4,0.493,0.581,1.6,2.0,0.831,0.8,2.3,3.1,3.7,0.8,0.2,1.3,1.6,9.3,
Davion Mitchell,27.0,MIA,PG,66.0,66.0,28.6,3.6,7.5,0.482,1.3,3.3,0.395,2.3,4.3,0.548,0.567,0.6,0.9,0.672,0.4,2.2,2.7,6.5,1.0,0.2,1.5,2.6,9.2,
Svi Mykhailiuk,28.0,UTA,SF,49.0,41.0,23.1,3.4,7.1,0.483,1.9,4.6,0.412,1.5,2.4,0.617,0.617,0.5,0.6,0.893,0.7,1.7,2.4,1.9,0.5,0.1,0.8,1.3,9.2,
Micah Potter,27.0,IND,C,41.0,3.0,18.6,3.0,5.7,0.515,1.5,3.4,0.435,1.5,2.4,0.629,0.643,1.8,2.0,0.881,1.1,3.3,4.4,1.4,0.4,0.3,0.9,1.7,9.2,
Gui Santos,23.0,GSW,PF,65.0,28.0,20.3,3.4,6.6,0.51,1.2,3.2,0.355,2.2,3.4,0.661,0.598,1.3,1.8,0.728,1.1,2.8,3.9,2.3,0.9,0.3,1.5,2.0,9.2,
Cam Whitmore,21.0,WAS,SF,21.0,0.0,16.9,3.7,8.0,0.456,0.8,2.7,0.286,2.9,5.4,0.54,0.503,1.1,1.5,0.742,0.9,1.9,2.8,0.7,0.7,0.4,0.9,1.2,9.2,
Jaden Hardy,23.0,2TM,SG,54.0,4.0,15.6,3.2,7.4,0.428,1.8,4.5,0.393,1.4,2.9,0.481,0.548,1.0,1.3,0.754,0.3,1.3,1.5,0.9,0.3,0.1,1.1,1.5,9.1,
Jaden Hardy,23.0,DAL,SG,34.0,4.0,12.6,2.3,5.7,0.402,1.4,3.6,0.371,0.9,2.1,0.457,0.521,0.9,1.2,0.775,0.3,1.1,1.4,0.9,0.3,0.1,0.8,1.1,6.9,
Jaden Hardy,23.0,WAS,SG,20.0,0.0,20.8,4.7,10.3,0.451,2.5,6.0,0.417,2.2,4.3,0.5,0.573,1.1,1.5,0.724,0.2,1.6,1.8,1.1,0.3,0.2,1.6,2.0,12.9,
Corey Kispert,26.0,2TM,SF,54.0,9.0,18.9,3.2,6.9,0.46,1.4,4.1,0.35,1.7,2.8,0.618,0.563,1.3,1.6,0.816,0.5,1.9,2.4,1.6,0.3,0.1,0.8,1.1,9.1,
Corey Kispert,26.0,WAS,SF,19.0,2.0,19.5,3.1,6.3,0.496,1.6,4.0,0.395,1.5,2.3,0.674,0.622,1.4,1.8,0.765,0.3,2.0,2.3,1.7,0.4,0.2,0.7,1.1,9.2,
Corey Kispert,26.0,ATL,SF,35.0,7.0,18.6,3.2,7.2,0.443,1.3,4.1,0.326,1.9,3.1,0.596,0.536,1.3,1.5,0.849,0.5,1.8,2.4,1.6,0.2,0.1,0.8,1.1,9.0,
Sam Hauser,28.0,BOS,PF,73.0,44.0,24.7,3.2,7.7,0.414,2.5,6.5,0.387,0.7,1.2,0.557,0.577,0.2,0.3,0.842,0.7,3.1,3.8,1.4,0.5,0.3,0.5,1.5,9.1,
Herbert Jones,27.0,NOP,SF,54.0,54.0,29.0,3.3,8.7,0.382,1.4,4.7,0.307,1.9,4.0,0.47,0.465,0.9,1.1,0.806,0.9,2.6,3.4,2.8,1.6,0.5,1.3,3.2,9.0,
Cormac Ryan,27.0,MIL,SG,5.0,0.0,15.6,3.0,5.8,0.517,1.6,3.6,0.444,1.4,2.2,0.636,0.655,1.4,1.6,0.875,0.6,0.0,0.6,1.0,0.8,0.2,0.8,2.2,9.0,
Tristan Vukcevic,22.0,WAS,C,49.0,12.0,13.7,3.1,6.5,0.479,1.0,2.9,0.347,2.1,3.5,0.59,0.558,1.8,2.3,0.784,0.7,2.3,3.0,1.1,0.5,0.7,1.3,1.7,9.0,
Jordan Clarkson,33.0,NYK,SG,67.0,1.0,18.1,3.4,7.4,0.452,1.0,3.1,0.335,2.3,4.3,0.536,0.522,1.1,1.4,0.824,0.8,0.9,1.7,1.3,0.4,0.1,0.9,1.7,8.9,
Danny Wolf,21.0,BKN,PF,57.0,15.0,20.8,3.1,7.7,0.405,1.2,3.7,0.322,1.9,4.0,0.48,0.482,1.5,1.9,0.771,1.0,3.9,4.9,2.2,0.5,0.6,1.3,2.2,8.9,
Day'Ron Sharpe,24.0,BKN,C,62.0,7.0,18.7,3.5,5.7,0.601,0.1,0.6,0.231,3.3,5.1,0.647,0.614,1.7,2.5,0.678,2.8,3.9,6.7,2.3,1.1,0.4,1.7,2.4,8.7,
Vít Krejčí,25.0,2TM,PG,64.0,8.0,21.7,3.0,6.7,0.448,2.0,5.1,0.391,1.0,1.5,0.636,0.599,0.6,0.8,0.745,0.5,1.8,2.3,1.6,0.7,0.3,0.6,2.1,8.6,
Vít Krejčí,25.0,ATL,PG,46.0,8.0,22.3,3.1,6.7,0.464,2.2,5.2,0.423,0.9,1.5,0.609,0.628,0.6,0.8,0.75,0.4,1.7,2.1,1.5,0.8,0.3,0.7,2.3,9.0,
Vít Krejčí,25.0,POR,PG,18.0,0.0,19.9,2.7,6.6,0.407,1.5,4.9,0.307,1.2,1.7,0.7,0.521,0.6,0.8,0.733,0.7,2.2,2.8,1.8,0.6,0.3,0.6,1.6,7.4,
Justin Champagnie,24.0,WAS,SF,65.0,18.0,19.7,3.3,6.4,0.516,0.7,2.2,0.324,2.6,4.2,0.617,0.572,1.2,1.5,0.778,2.0,3.4,5.4,1.2,0.8,0.6,0.6,1.6,8.6,
Jordan Goodwin,27.0,PHX,PG,67.0,7.0,22.5,3.2,8.0,0.405,1.6,4.3,0.359,1.7,3.7,0.459,0.502,0.6,0.8,0.696,2.0,2.9,4.9,2.2,1.5,0.2,1.0,1.9,8.6,
Draymond Green,35.0,GSW,PF,64.0,64.0,27.5,3.1,7.5,0.417,1.5,4.7,0.327,1.6,2.8,0.571,0.52,0.8,1.2,0.692,0.8,4.7,5.5,5.4,0.9,0.6,2.7,2.9,8.6,
Cason Wallace,22.0,OKC,SG,74.0,58.0,26.8,3.3,7.6,0.433,1.3,3.7,0.344,2.0,3.9,0.517,0.517,0.7,0.9,0.803,0.8,2.3,3.1,2.6,2.0,0.4,1.0,2.0,8.6,
Jaden Ivey,23.0,2TM,SG,37.0,5.0,18.1,3.1,6.9,0.445,1.4,3.6,0.373,1.7,3.3,0.525,0.543,1.0,1.3,0.809,0.6,1.8,2.5,1.8,0.6,0.4,1.1,1.4,8.5,
Jaden Ivey,23.0,DET,SG,33.0,2.0,16.8,3.0,6.7,0.45,1.3,3.4,0.372,1.7,3.2,0.533,0.545,0.9,1.2,0.789,0.6,1.6,2.2,1.6,0.5,0.4,1.1,1.3,8.2,
Jaden Ivey,23.0,CHI,SG,4.0,3.0,28.8,3.8,9.0,0.417,2.0,5.3,0.381,1.8,3.8,0.467,0.528,2.0,2.3,0.889,1.3,3.5,4.8,4.0,2.0,0.5,1.5,2.3,11.5,
Nolan Traoré,19.0,BKN,PG,52.0,29.0,22.3,3.1,8.3,0.376,1.0,3.2,0.315,2.1,5.2,0.413,0.435,1.3,1.6,0.776,0.3,1.5,1.7,3.8,0.7,0.4,2.3,2.2,8.5,
Kentavious Caldwell-Pope,32.0,MEM,SG,51.0,14.0,21.3,2.9,7.2,0.41,1.1,3.4,0.316,1.9,3.8,0.495,0.485,1.4,1.6,0.913,0.4,2.1,2.5,2.7,0.8,0.2,1.2,1.1,8.4,
Luguentz Dort,26.0,OKC,SF,64.0,64.0,27.3,2.9,7.7,0.381,1.8,5.5,0.338,1.1,2.3,0.483,0.5,0.7,0.9,0.759,0.9,2.8,3.7,1.2,0.8,0.4,0.8,2.7,8.4,
Jared McCain,21.0,2TM,SG,62.0,1.0,17.3,3.0,7.1,0.422,1.5,3.8,0.39,1.5,3.3,0.459,0.526,0.8,0.9,0.873,0.4,1.7,2.1,1.3,0.5,0.1,0.8,1.2,8.3,
Jared McCain,21.0,PHI,SG,37.0,1.0,16.8,2.4,6.2,0.385,1.2,3.2,0.378,1.2,3.0,0.393,0.483,0.6,0.7,0.88,0.2,1.9,2.0,1.7,0.6,0.1,0.8,1.2,6.6,
Jared McCain,21.0,OKC,SG,25.0,0.0,18.2,3.9,8.4,0.462,1.9,4.7,0.402,2.0,3.7,0.538,0.574,1.0,1.2,0.867,0.6,1.5,2.2,0.8,0.4,0.1,0.8,1.3,10.7,
Simone Fontecchio,30.0,MIA,SF,68.0,7.0,16.6,2.7,6.7,0.4,1.7,4.7,0.363,1.0,2.1,0.486,0.526,1.2,1.5,0.84,0.8,2.2,3.0,1.4,0.5,0.1,0.7,1.5,8.3,
Al Horford,39.0,GSW,C,43.0,12.0,21.7,3.1,7.2,0.424,1.7,4.6,0.36,1.4,2.7,0.535,0.539,0.5,0.6,0.846,1.0,4.0,5.0,2.6,0.7,1.2,1.0,1.2,8.3,
Quenton Jackson,27.0,IND,PG,43.0,13.0,17.1,2.9,6.0,0.477,0.8,2.3,0.371,2.0,3.7,0.54,0.547,1.8,2.2,0.819,0.5,1.7,2.2,2.5,0.5,0.1,1.2,1.6,8.3,
Jake LaRavia,24.0,LAL,PF,77.0,39.0,24.9,3.0,6.4,0.462,0.9,3.0,0.32,2.0,3.5,0.583,0.535,1.4,1.8,0.768,1.4,2.5,3.9,1.8,1.2,0.5,1.0,2.4,8.3,
Kadary Richmond,24.0,WAS,SG,3.0,0.0,22.3,3.3,5.3,0.625,0.7,1.3,0.5,2.7,4.0,0.667,0.688,1.0,1.0,1.0,0.3,3.0,3.3,2.7,2.7,0.3,0.7,0.7,8.3,
Bradley Beal,32.0,LAC,SG,6.0,6.0,20.2,3.0,8.0,0.375,1.2,3.2,0.368,1.8,4.8,0.379,0.448,1.0,1.3,0.75,0.3,0.5,0.8,1.7,0.5,0.0,1.5,2.3,8.2,
LJ Cryer,24.0,GSW,PG,17.0,1.0,16.3,2.6,6.5,0.396,2.1,5.2,0.393,0.5,1.3,0.409,0.554,1.0,1.1,0.895,0.2,1.4,1.6,0.9,0.1,0.0,0.7,1.6,8.2,
Brook Lopez,37.0,LAC,C,70.0,35.0,21.5,3.0,7.1,0.423,1.5,4.2,0.354,1.5,2.9,0.522,0.527,0.7,0.9,0.773,0.5,2.9,3.4,1.3,0.6,1.2,0.8,2.0,8.2,
Collin Murray-Boyles,20.0,TOR,PF,52.0,22.0,21.9,3.4,6.0,0.568,0.3,1.0,0.34,3.1,5.0,0.612,0.595,1.1,1.8,0.648,2.4,2.5,5.0,1.8,0.9,0.9,1.1,2.6,8.2,
Gary Trent Jr.,27.0,MIL,SG,64.0,21.0,21.2,2.8,7.2,0.39,1.9,5.2,0.368,0.9,2.0,0.449,0.524,0.6,0.8,0.765,0.1,0.9,1.0,1.2,0.5,0.0,0.6,1.3,8.2,
Jonas Valančiūnas,33.0,DEN,C,60.0,5.0,13.2,3.3,5.7,0.572,0.1,0.3,0.3,3.2,5.4,0.589,0.581,1.6,2.1,0.776,1.5,3.4,4.9,1.2,0.2,0.5,1.1,2.0,8.2,
Cody Williams,21.0,UTA,SG,62.0,36.0,23.4,3.3,7.0,0.475,0.4,1.8,0.228,2.9,5.2,0.563,0.505,1.1,1.6,0.701,0.9,1.9,2.8,1.8,0.7,0.4,1.0,1.9,8.2,
Luke Kennard,29.0,2TM,SG,73.0,1.0,21.2,2.9,5.4,0.542,1.5,3.2,0.487,1.4,2.2,0.62,0.685,0.7,0.7,0.926,0.4,1.8,2.2,1.9,0.6,0.1,0.7,1.3,8.1,
Luke Kennard,29.0,ATL,SG,46.0,0.0,20.5,2.8,5.2,0.538,1.6,3.2,0.497,1.2,2.0,0.604,0.692,0.7,0.8,0.914,0.4,1.7,2.2,2.1,0.7,0.1,0.7,1.2,7.9,
Luke Kennard,29.0,LAL,SG,27.0,1.0,22.3,3.1,5.7,0.548,1.4,3.1,0.47,1.7,2.7,0.639,0.674,0.7,0.7,0.947,0.4,1.9,2.3,1.7,0.5,0.1,0.8,1.6,8.4,
Leaky Black,26.0,WAS,SF,9.0,5.0,31.2,3.0,6.8,0.443,1.3,3.1,0.429,1.7,3.7,0.455,0.541,0.8,0.9,0.875,1.4,4.4,5.9,1.9,0.8,0.8,0.7,2.7,8.1,
Devin Carter,23.0,SAC,PG,33.0,7.0,16.4,2.8,7.0,0.403,0.7,2.7,0.247,2.2,4.3,0.5,0.45,1.8,2.2,0.817,0.8,2.1,2.9,2.3,0.8,0.2,1.3,1.2,8.1,
Ron Holland,20.0,DET,SF,73.0,5.0,19.8,3.0,6.9,0.431,0.5,2.5,0.223,2.4,4.4,0.546,0.471,1.6,2.0,0.806,1.1,3.0,4.1,1.2,1.2,0.3,1.3,2.3,8.1,
Bryce McGowens,23.0,NOP,SG,42.0,13.0,21.0,2.7,5.6,0.481,0.9,2.2,0.409,1.8,3.4,0.528,0.561,1.8,2.3,0.779,0.3,1.8,2.1,1.5,0.6,0.2,0.4,2.1,8.1,
Moussa Diabaté,24.0,CHA,C,69.0,43.0,26.0,3.2,5.1,0.63,0.0,0.0,0.5,3.2,5.0,0.631,0.632,1.6,2.5,0.659,3.8,5.0,8.8,1.8,0.8,1.0,1.0,2.4,8.0,
Bones Hyland,25.0,MIN,PG,67.0,3.0,16.0,2.9,6.4,0.451,1.5,4.0,0.374,1.4,2.4,0.578,0.567,0.8,1.0,0.783,0.3,1.3,1.7,2.6,0.6,0.2,0.9,1.7,8.0,
DeJon Jarreau,28.0,MEM,SG,11.0,0.0,21.0,3.0,7.5,0.398,0.4,2.7,0.133,2.6,4.8,0.547,0.422,1.6,2.1,0.783,1.1,3.5,4.6,3.3,0.9,0.7,2.4,2.5,8.0,
Dominick Barlow,22.0,PHI,PF,65.0,58.0,23.9,3.1,5.7,0.544,0.3,1.2,0.266,2.8,4.5,0.619,0.572,1.3,1.9,0.711,1.9,2.8,4.7,1.3,0.9,0.7,0.8,2.1,7.9,
Bruce Brown,29.0,DEN,SG,77.0,2.0,24.5,3.0,6.3,0.472,0.7,1.8,0.391,2.3,4.5,0.504,0.528,1.2,1.5,0.761,1.0,2.8,3.8,2.1,1.0,0.2,1.1,2.4,7.8,
Nique Clifford,23.0,SAC,SG,70.0,23.0,24.2,3.0,7.5,0.407,1.0,3.0,0.329,2.1,4.5,0.459,0.472,0.8,1.1,0.692,0.9,2.7,3.6,2.2,0.9,0.3,1.4,2.1,7.8,
Luka Garza,27.0,BOS,C,66.0,5.0,15.9,2.9,4.9,0.583,0.8,1.8,0.441,2.1,3.1,0.665,0.664,1.3,1.7,0.764,2.2,1.7,3.9,0.9,0.4,0.4,0.7,2.3,7.8,
Adama-Alpha Bal,22.0,MEM,,3.0,0.0,27.3,2.7,7.0,0.381,1.7,4.3,0.385,1.0,2.7,0.375,0.5,0.7,1.0,0.667,0.7,1.7,2.3,2.3,1.0,0.0,0.0,2.7,7.7,
MarJon Beauchamp,25.0,PHI,SF,12.0,1.0,15.8,2.7,6.2,0.432,1.3,3.8,0.348,1.3,2.3,0.571,0.541,1.0,1.4,0.706,0.5,2.1,2.6,1.3,0.8,0.3,1.1,1.1,7.7,
Ryan Kalkbrenner,24.0,CHA,C,64.0,30.0,21.6,3.3,4.3,0.754,0.0,0.1,0.0,3.3,4.2,0.768,0.754,1.2,1.8,0.705,2.4,3.1,5.5,0.8,0.5,1.5,0.9,1.6,7.7,
Cameron Payne,31.0,PHI,PG,21.0,1.0,17.4,2.6,7.0,0.377,1.5,4.5,0.337,1.1,2.4,0.451,0.486,0.9,1.0,0.864,0.1,1.8,2.0,2.7,1.1,0.3,0.5,1.4,7.7,
Quinten Post,25.0,GSW,PF,67.0,35.0,17.3,2.9,6.6,0.44,1.4,4.1,0.336,1.5,2.4,0.617,0.546,0.5,0.6,0.791,1.0,3.0,4.0,1.4,0.4,0.5,0.8,1.9,7.7,
Walter Clayton,22.0,2TM,PG,66.0,4.0,20.3,2.5,6.5,0.377,1.0,3.5,0.294,1.4,3.1,0.47,0.455,1.5,1.7,0.895,0.3,1.7,2.0,4.0,0.7,0.3,1.7,1.8,7.5,
Walter Clayton,22.0,UTA,PG,45.0,0.0,18.0,2.3,5.7,0.398,1.0,3.2,0.308,1.3,2.5,0.513,0.484,1.3,1.4,0.935,0.3,1.6,2.0,3.2,0.5,0.3,1.3,1.7,6.8,
Walter Clayton,22.0,MEM,PG,21.0,4.0,25.1,2.9,8.3,0.345,1.1,4.0,0.271,1.8,4.2,0.416,0.411,2.1,2.5,0.846,0.3,1.8,2.1,5.6,1.0,0.3,2.5,1.9,8.9,
Vince Williams Jr.,25.0,2TM,SG,40.0,12.0,20.5,2.6,7.3,0.353,1.4,4.4,0.311,1.2,2.9,0.417,0.447,1.0,1.3,0.78,1.0,2.9,3.9,4.2,0.7,0.4,1.8,2.0,7.5,
Vince Williams Jr.,25.0,MEM,PG,34.0,12.0,21.6,2.7,7.8,0.352,1.4,4.7,0.308,1.3,3.1,0.419,0.445,1.1,1.4,0.804,1.0,3.0,4.0,4.4,0.8,0.4,1.9,2.1,8.0,
Vince Williams Jr.,25.0,UTA,SG,6.0,0.0,14.0,1.7,4.7,0.357,1.0,3.0,0.333,0.7,1.7,0.4,0.464,0.3,0.7,0.5,0.8,2.3,3.2,2.7,0.3,0.3,1.2,1.5,4.7,
Chaney Johnson,23.0,BKN,SF,13.0,0.0,19.9,2.7,5.0,0.538,0.5,1.9,0.28,2.2,3.1,0.7,0.592,1.6,2.0,0.808,1.8,2.3,4.1,2.2,0.9,0.5,1.2,3.2,7.5,
Kris Dunn,31.0,LAC,PG,77.0,63.0,27.3,2.8,5.9,0.478,1.0,2.6,0.375,1.8,3.3,0.56,0.561,0.8,1.0,0.775,0.7,2.5,3.3,3.6,1.6,0.2,1.3,2.3,7.4,
Nikola Jović,22.0,MIA,PF,46.0,1.0,17.3,2.5,6.7,0.367,1.0,3.5,0.27,1.5,3.2,0.476,0.438,1.5,2.2,0.683,0.5,2.8,3.3,2.2,0.6,0.4,1.4,1.4,7.4,
Caris LeVert,31.0,DET,SG,56.0,0.0,19.4,2.8,6.6,0.418,1.0,3.1,0.328,1.8,3.5,0.497,0.495,0.9,1.4,0.658,0.4,1.6,2.0,2.7,0.8,0.7,1.4,1.6,7.4,
Paul Reed,26.0,DET,C,60.0,9.0,13.7,3.1,5.1,0.597,0.2,0.6,0.333,2.9,4.5,0.632,0.617,1.1,1.7,0.657,2.0,2.5,4.4,1.2,0.9,0.9,0.9,1.8,7.4,
Jaylin Williams,23.0,OKC,PF,62.0,11.0,20.0,2.3,5.5,0.423,1.5,4.0,0.382,0.8,1.5,0.532,0.561,1.2,1.5,0.793,0.5,5.1,5.6,2.4,0.5,0.7,1.1,2.0,7.4,
Buddy Hield,33.0,2TM,SG,49.0,3.0,16.2,2.7,6.3,0.427,1.4,4.1,0.333,1.3,2.2,0.604,0.536,0.6,0.8,0.811,0.6,1.8,2.3,1.4,0.8,0.2,1.0,1.2,7.3,
Buddy Hield,33.0,GSW,SG,44.0,3.0,17.5,3.0,6.8,0.433,1.5,4.4,0.344,1.4,2.4,0.6,0.545,0.6,0.8,0.794,0.6,1.9,2.5,1.5,0.8,0.2,1.0,1.3,8.0,
Buddy Hield,33.0,ATL,SG,5.0,0.0,5.2,0.2,1.4,0.143,0.0,1.2,0.0,0.2,0.2,1.0,0.143,0.6,0.6,1.0,0.2,0.8,1.0,0.4,0.2,0.0,1.0,0.2,1.0,
Jose Alvarado,27.0,2TM,PG,66.0,2.0,19.8,2.7,6.4,0.415,1.5,4.1,0.352,1.2,2.3,0.53,0.528,0.5,0.6,0.8,0.4,2.1,2.4,3.3,0.9,0.1,1.1,1.9,7.3,
Jose Alvarado,27.0,NOP,PG,41.0,0.0,21.9,2.9,6.8,0.418,1.7,4.7,0.363,1.1,2.1,0.54,0.543,0.5,0.6,0.833,0.4,2.4,2.8,3.1,0.9,0.1,1.1,2.0,7.9,
Jose Alvarado,27.0,NYK,PG,25.0,2.0,16.4,2.4,5.8,0.41,1.0,3.2,0.325,1.3,2.6,0.516,0.5,0.5,0.6,0.75,0.3,1.5,1.8,3.7,1.0,0.1,1.1,1.8,6.2,
Bogdan Bogdanović,33.0,LAC,SG,21.0,3.0,20.4,2.5,6.7,0.376,1.3,4.0,0.329,1.2,2.7,0.446,0.475,1.0,1.2,0.8,0.3,2.4,2.7,2.4,0.5,0.0,1.2,2.1,7.3,
Sharife Cooper,24.0,WAS,PG,35.0,1.0,16.6,2.8,5.8,0.48,0.6,1.7,0.333,2.2,4.1,0.542,0.53,1.1,1.4,0.816,0.4,1.8,2.2,2.7,0.3,0.1,1.4,1.6,7.3,
Jaxson Hayes,25.0,LAL,C,65.0,9.0,18.1,2.9,3.9,0.754,0.0,0.0,1.0,2.9,3.8,0.751,0.76,1.4,2.2,0.641,1.5,2.6,4.1,0.9,0.4,0.8,0.4,1.9,7.3,
Gary Payton II,33.0,GSW,SG,68.0,1.0,15.5,3.3,5.7,0.574,0.5,1.8,0.303,2.7,3.9,0.7,0.622,0.3,0.5,0.588,1.4,2.3,3.7,1.7,0.9,0.3,0.9,1.8,7.3,
Josh Minott,23.0,2TM,PF,47.0,11.0,16.9,2.5,5.0,0.5,1.3,3.0,0.427,1.2,1.9,0.615,0.63,0.9,1.2,0.786,1.0,2.3,3.3,1.0,0.9,0.4,0.9,1.5,7.2,
Josh Minott,23.0,BOS,PF,33.0,10.0,15.9,2.1,4.1,0.507,1.0,2.3,0.442,1.1,1.8,0.593,0.632,0.6,0.8,0.769,1.2,2.4,3.6,1.0,0.7,0.4,0.6,1.5,5.8,
Josh Minott,23.0,BKN,SF,14.0,1.0,19.2,3.4,7.0,0.49,1.9,4.7,0.409,1.5,2.3,0.656,0.628,1.7,2.1,0.8,0.5,2.1,2.6,0.9,1.2,0.6,1.6,1.5,10.5,
Taylor Hendricks,22.0,2TM,PF,56.0,14.0,18.9,2.7,5.9,0.45,1.0,3.1,0.331,1.7,2.9,0.578,0.536,0.8,1.2,0.662,1.1,2.6,3.7,0.9,0.8,0.5,0.9,1.6,7.2,
Taylor Hendricks,22.0,UTA,PF,33.0,6.0,14.9,1.8,3.9,0.453,0.7,2.1,0.343,1.0,1.8,0.586,0.547,0.7,1.0,0.719,0.9,2.1,3.0,0.7,0.4,0.2,0.6,1.2,4.9,
Taylor Hendricks,22.0,MEM,PF,23.0,8.0,24.6,4.0,8.9,0.449,1.4,4.4,0.324,2.6,4.5,0.573,0.529,1.0,1.6,0.611,1.4,3.3,4.7,1.3,1.3,0.9,1.3,2.2,10.4,
Terance Mann,29.0,BKN,SG,62.0,50.0,24.3,2.7,5.9,0.455,0.9,2.4,0.358,1.8,3.4,0.524,0.529,1.0,1.3,0.788,1.1,2.1,3.2,3.0,0.7,0.2,1.1,2.5,7.2,
Ja'Kobe Walter,21.0,TOR,SG,66.0,16.0,19.8,2.4,5.4,0.443,1.4,3.6,0.398,1.0,1.9,0.528,0.574,1.0,1.2,0.821,0.8,1.7,2.5,1.2,1.0,0.2,0.5,2.2,7.2,
Nate Williams,26.0,GSW,SG,12.0,1.0,16.0,2.8,5.7,0.485,0.8,1.8,0.429,2.0,3.9,0.511,0.551,0.9,1.1,0.846,1.3,0.8,2.0,0.8,0.4,0.0,0.9,1.9,7.2,
Ben Sheppard,24.0,IND,SG,64.0,19.0,21.3,2.6,5.9,0.437,1.3,3.6,0.362,1.3,2.4,0.55,0.546,0.6,0.8,0.755,0.7,2.3,3.0,1.8,0.6,0.1,0.6,1.8,7.1,
Pat Spencer,29.0,GSW,PG,61.0,12.0,18.1,2.8,6.4,0.433,0.9,2.4,0.358,1.9,4.0,0.478,0.5,0.7,0.9,0.774,0.8,1.6,2.4,3.5,0.7,0.1,1.3,1.1,7.1,
Moritz Wagner,28.0,ORL,C,34.0,0.0,12.2,2.4,5.5,0.426,0.6,2.0,0.324,1.7,3.5,0.483,0.484,1.7,2.1,0.819,0.7,2.5,3.2,0.7,0.4,0.0,0.6,1.6,7.1,
Ousmane Dieng,22.0,2TM,C,51.0,14.0,17.8,2.7,6.3,0.433,1.1,3.0,0.37,1.6,3.2,0.491,0.522,0.4,0.6,0.759,0.5,2.3,2.8,2.0,0.5,0.3,1.0,1.4,7.0,
Ousmane Dieng,22.0,OKC,C,27.0,0.0,10.9,1.4,3.4,0.418,0.7,1.8,0.367,0.7,1.6,0.476,0.516,0.2,0.2,1.0,0.3,1.3,1.6,1.0,0.1,0.3,0.3,0.8,3.7,
Ousmane Dieng,22.0,MIL,C,24.0,14.0,25.5,4.2,9.5,0.439,1.6,4.4,0.371,2.5,5.1,0.496,0.524,0.7,1.0,0.696,0.7,3.5,4.2,3.1,0.9,0.4,1.8,2.0,10.6,
Lawson Lovering,22.0,MEM,C,2.0,1.0,24.5,3.0,5.0,0.6,0.0,0.0,,3.0,5.0,0.6,0.6,1.0,2.5,0.4,3.0,4.5,7.5,1.5,1.5,0.5,1.0,3.5,7.0,
Taurean Prince,31.0,MIL,SF,20.0,3.0,21.6,2.5,6.2,0.407,1.7,4.5,0.382,0.8,1.7,0.471,0.545,0.3,0.3,1.0,0.2,2.4,2.5,1.4,0.6,0.2,1.0,2.1,7.0,
Grant Williams,27.0,CHA,PF,32.0,3.0,19.5,2.2,5.1,0.423,1.4,3.7,0.381,0.8,1.4,0.533,0.561,1.3,1.6,0.808,1.3,2.7,3.9,1.7,0.3,0.4,0.9,1.6,7.0,
Javonte Green,32.0,DET,SG,77.0,6.0,17.8,2.2,5.1,0.442,1.1,3.0,0.373,1.1,2.1,0.544,0.554,1.3,1.5,0.836,0.8,2.0,2.8,0.7,1.2,0.3,0.6,1.4,6.9,
Kobe Sanders,23.0,LAC,SG,63.0,16.0,19.8,2.5,5.5,0.46,1.1,2.8,0.402,1.4,2.8,0.517,0.56,0.7,0.9,0.789,0.4,1.8,2.3,1.6,0.7,0.1,1.3,2.1,6.9,
Elijah Harkless,25.0,UTA,SG,26.0,9.0,21.0,2.1,6.2,0.335,0.8,3.4,0.239,1.3,2.8,0.452,0.401,1.9,2.5,0.766,0.4,1.7,2.0,2.9,1.2,0.2,1.0,2.0,6.8,
Isaiah Jackson,24.0,2TM,C,55.0,14.0,16.5,2.7,4.3,0.637,0.0,0.1,0.0,2.7,4.3,0.645,0.637,1.2,1.9,0.648,2.1,3.2,5.3,0.9,0.7,0.9,1.1,2.7,6.7,
Isaiah Jackson,24.0,IND,C,38.0,14.0,16.8,2.5,4.3,0.582,0.0,0.0,0.0,2.5,4.3,0.585,0.582,1.3,1.9,0.689,2.3,3.3,5.6,0.8,0.7,0.8,1.1,2.8,6.4,
Isaiah Jackson,24.0,LAC,C,17.0,0.0,15.9,3.2,4.2,0.764,0.0,0.1,0.0,3.2,4.1,0.786,0.764,1.0,1.8,0.548,1.6,3.1,4.6,1.2,0.6,1.2,0.9,2.3,7.5,
Cole Anthony,25.0,MIL,PG,35.0,0.0,15.1,2.8,6.6,0.424,0.6,2.1,0.306,2.2,4.5,0.478,0.472,0.5,0.7,0.615,0.5,2.0,2.5,3.5,0.6,0.3,1.9,2.1,6.7,
Kevin Love,37.0,UTA,PF,37.0,5.0,16.6,2.1,5.4,0.397,1.4,3.8,0.373,0.7,1.5,0.456,0.53,1.0,1.2,0.841,1.5,4.3,5.8,1.8,0.4,0.2,0.8,1.5,6.7,
Will Richard,23.0,GSW,SG,66.0,21.0,20.4,2.5,5.2,0.474,1.1,3.2,0.341,1.4,2.0,0.679,0.577,0.7,0.8,0.852,1.0,1.6,2.5,1.4,1.2,0.1,0.8,2.0,6.7,
Ben Saraf,19.0,BKN,SG,39.0,7.0,19.5,2.4,6.3,0.384,0.4,1.9,0.216,2.0,4.4,0.456,0.416,1.5,1.8,0.817,0.4,1.5,1.9,3.2,0.8,0.1,2.2,1.8,6.7,
Trendon Watford,25.0,PHI,PF,51.0,7.0,16.7,2.7,5.2,0.511,0.2,1.0,0.2,2.5,4.2,0.583,0.53,1.1,1.5,0.773,0.7,2.7,3.4,2.5,0.3,0.4,1.2,2.1,6.7,
Robert Williams,28.0,POR,C,55.0,1.0,16.9,3.0,4.2,0.716,0.1,0.4,0.333,2.9,3.8,0.754,0.731,0.5,0.9,0.617,2.4,4.6,6.9,1.0,0.6,1.5,0.8,1.2,6.7,
Luke Kornet,30.0,SAS,C,64.0,24.0,21.1,2.6,4.0,0.642,0.0,0.0,,2.6,4.0,0.642,0.642,1.4,1.8,0.821,2.7,3.4,6.2,1.8,0.4,1.0,0.4,1.8,6.6,
Jamal Shead,23.0,TOR,PG,76.0,11.0,22.5,2.3,6.2,0.366,1.0,3.2,0.317,1.2,2.9,0.42,0.449,1.1,1.4,0.776,0.3,1.5,1.8,5.4,1.0,0.2,1.3,2.0,6.6,
Patrick Williams,24.0,CHI,PF,66.0,4.0,19.6,2.3,6.3,0.371,1.3,3.6,0.349,1.1,2.7,0.4,0.47,0.7,1.0,0.677,0.7,2.1,2.8,1.3,0.6,0.3,1.0,1.3,6.6,
Leonard Miller,22.0,2TM,SF,40.0,7.0,13.0,2.6,4.8,0.539,0.6,1.9,0.293,2.1,3.0,0.695,0.596,0.7,1.0,0.744,1.0,2.3,3.3,0.7,0.3,0.3,0.6,1.2,6.5,
Leonard Miller,22.0,MIN,SF,19.0,0.0,5.0,0.9,1.7,0.545,0.1,0.6,0.083,0.9,1.1,0.81,0.561,0.4,0.6,0.636,0.4,0.9,1.3,0.3,0.2,0.0,0.5,0.6,2.3,
Leonard Miller,22.0,CHI,SF,21.0,7.0,20.3,4.1,7.6,0.538,1.0,3.0,0.333,3.1,4.6,0.67,0.603,1.0,1.3,0.786,1.6,3.5,5.1,1.1,0.4,0.5,0.7,1.7,10.2,
Keon Ellis,26.0,2TM,SG,68.0,9.0,20.3,2.3,5.2,0.435,1.2,3.4,0.361,1.0,1.8,0.577,0.553,0.7,1.0,0.723,0.5,1.3,1.8,0.9,1.2,0.7,0.6,1.9,6.5,
Keon Ellis,26.0,SAC,SG,43.0,5.0,17.6,1.9,4.9,0.397,1.2,3.3,0.368,0.7,1.5,0.462,0.524,0.5,0.7,0.625,0.3,0.9,1.3,0.6,1.1,0.5,0.5,1.6,5.6,
Keon Ellis,26.0,CLE,SG,25.0,4.0,24.8,2.9,5.9,0.49,1.2,3.6,0.348,1.6,2.3,0.707,0.595,1.1,1.3,0.818,0.9,1.8,2.7,1.5,1.4,0.9,0.8,2.3,8.1,
Seth Curry,35.0,GSW,SG,6.0,0.0,11.5,2.5,4.3,0.577,1.0,2.0,0.5,1.5,2.3,0.643,0.692,0.5,0.5,1.0,0.5,1.0,1.5,1.2,0.3,0.0,0.0,0.7,6.5,
Oso Ighodaro,23.0,PHX,PF,77.0,23.0,22.3,2.9,4.5,0.651,0.0,0.0,0.0,2.9,4.5,0.653,0.651,0.7,1.4,0.459,1.7,3.4,5.1,2.3,0.9,0.6,1.2,2.7,6.5,
Julian Strawther,23.0,DEN,SG,52.0,12.0,14.4,2.3,5.1,0.457,0.9,2.4,0.357,1.5,2.7,0.546,0.541,1.0,1.2,0.806,0.2,1.7,1.9,1.0,0.4,0.1,0.6,1.2,6.5,
Jevon Carter,30.0,2TM,PG,47.0,1.0,16.1,2.3,5.9,0.387,1.5,4.3,0.353,0.8,1.7,0.474,0.514,0.3,0.4,0.789,0.3,1.4,1.6,1.6,0.7,0.2,0.7,1.1,6.4,
Jevon Carter,30.0,CHI,PG,23.0,0.0,11.0,1.8,4.5,0.398,1.4,3.4,0.41,0.4,1.1,0.36,0.553,0.4,0.4,1.0,0.2,0.9,1.1,0.8,0.6,0.1,0.5,0.8,5.4,
Jevon Carter,30.0,ORL,PG,24.0,1.0,20.9,2.8,7.3,0.381,1.6,5.1,0.317,1.2,2.2,0.528,0.491,0.2,0.4,0.556,0.3,1.8,2.1,2.3,0.9,0.3,0.9,1.4,7.4,
Tyrese Martin,26.0,2TM,SG,45.0,6.0,17.2,2.4,6.2,0.394,1.2,3.7,0.321,1.2,2.5,0.5,0.489,0.4,0.6,0.679,0.8,1.8,2.6,1.7,0.6,0.1,0.9,0.7,6.4,
Tyrese Martin,26.0,BKN,SG,37.0,6.0,18.8,2.7,6.9,0.392,1.4,4.1,0.336,1.3,2.8,0.476,0.492,0.5,0.7,0.731,0.9,2.0,2.9,1.9,0.6,0.1,0.9,0.8,7.3,
Tyrese Martin,26.0,PHI,SG,8.0,0.0,9.9,1.1,2.8,0.409,0.3,1.6,0.154,0.9,1.1,0.778,0.455,0.0,0.3,0.0,0.3,1.0,1.3,1.1,0.4,0.3,0.9,0.4,2.5,
Andre Drummond,32.0,PHI,C,57.0,24.0,19.5,2.5,5.4,0.469,0.5,1.5,0.361,2.0,3.9,0.509,0.518,0.8,1.3,0.627,3.1,5.2,8.4,1.2,0.6,0.8,1.0,2.0,6.4,
Malachi Smith,26.0,BKN,SG,9.0,0.0,18.3,2.7,5.2,0.511,0.9,1.9,0.471,1.8,3.3,0.533,0.596,0.2,0.2,1.0,0.8,1.3,2.1,2.2,1.0,0.4,1.1,0.6,6.4,
Jamir Watkins,24.0,WAS,SG,44.0,5.0,19.4,2.4,5.3,0.446,0.8,2.8,0.287,1.6,2.5,0.622,0.521,0.9,1.3,0.667,1.0,2.7,3.7,1.3,1.1,0.5,0.7,2.6,6.4,
Kenrich Williams,31.0,OKC,PF,51.0,2.0,15.0,2.4,4.9,0.492,0.9,2.2,0.402,1.5,2.7,0.564,0.581,0.6,1.0,0.64,0.9,2.2,3.1,1.3,0.6,0.1,0.8,1.1,6.4,
Alex Caruso,31.0,OKC,SG,53.0,0.0,18.6,2.3,5.5,0.421,0.9,3.3,0.289,1.4,2.2,0.615,0.507,0.8,1.0,0.804,0.5,2.2,2.8,2.0,1.3,0.3,0.8,1.2,6.3,
Ryan Nembhard,22.0,DAL,PG,55.0,23.0,18.6,2.5,6.2,0.413,0.8,2.2,0.377,1.7,3.9,0.433,0.481,0.4,0.5,0.769,0.2,1.7,1.9,4.9,0.4,0.0,1.4,1.3,6.3,
John Poulakidas,22.0,DAL,SG,7.0,0.0,16.3,2.1,5.4,0.395,1.7,4.7,0.364,0.4,0.7,0.6,0.553,0.3,0.3,1.0,0.6,1.7,2.3,0.6,0.6,0.0,0.4,2.0,6.3,
Drake Powell,20.0,BKN,SG,58.0,20.0,20.3,2.2,5.3,0.419,0.8,2.8,0.301,1.4,2.5,0.552,0.498,1.1,1.2,0.91,0.4,1.4,1.7,1.4,0.5,0.2,0.9,1.4,6.3,
Mac McClung,27.0,2TM,SG,5.0,0.0,11.6,2.4,6.2,0.387,0.4,2.6,0.154,2.0,3.6,0.556,0.419,1.0,1.2,0.833,0.4,1.0,1.4,0.4,1.0,0.6,0.8,1.8,6.2,
Mac McClung,27.0,IND,SG,3.0,0.0,11.3,2.3,6.0,0.389,0.7,3.3,0.2,1.7,2.7,0.625,0.444,1.0,1.3,0.75,0.0,1.3,1.3,0.3,1.7,0.3,0.7,2.0,6.3,
Mac McClung,27.0,CHI,SG,2.0,0.0,12.0,2.5,6.5,0.385,0.0,1.5,0.0,2.5,5.0,0.5,0.385,1.0,1.0,1.0,1.0,0.5,1.5,0.5,0.0,1.0,1.0,1.5,6.0,
Gradey Dick,22.0,TOR,SG,70.0,1.0,14.8,2.2,5.2,0.417,0.8,2.6,0.301,1.4,2.6,0.533,0.492,1.0,1.2,0.88,0.5,1.5,2.0,0.7,0.6,0.1,0.6,1.4,6.2,
Tidjane Salaün,20.0,CHA,PF,36.0,0.0,15.9,2.2,4.4,0.506,1.0,2.3,0.434,1.2,2.1,0.587,0.62,0.7,1.1,0.65,0.7,3.4,4.1,0.8,0.4,0.2,0.7,1.5,6.2,
Justin Edwards,22.0,PHI,SF,59.0,12.0,15.4,2.3,5.0,0.452,1.1,2.8,0.369,1.2,2.1,0.563,0.558,0.6,0.7,0.846,0.4,1.1,1.5,1.3,0.8,0.2,0.6,1.5,6.1,
Oscar Tshiebwe,26.0,UTA,C,22.0,2.0,14.8,2.6,4.2,0.63,0.0,0.0,,2.6,4.2,0.63,0.63,0.9,1.5,0.594,2.4,3.0,5.4,1.0,0.5,0.1,0.5,1.2,6.1,
Kyle Anderson,32.0,3TM,SF,38.0,3.0,19.7,2.4,4.5,0.526,0.1,0.2,0.444,2.3,4.3,0.531,0.538,1.1,1.6,0.705,0.9,2.6,3.5,2.7,1.0,0.6,1.0,2.2,6.0,
Kyle Anderson,32.0,UTA,SF,20.0,0.0,20.1,2.9,5.5,0.523,0.2,0.3,0.6,2.7,5.2,0.519,0.537,1.3,1.9,0.658,1.0,2.4,3.3,3.1,1.2,0.5,0.9,2.3,7.1,
Kyle Anderson,32.0,MEM,SF,4.0,3.0,22.3,3.8,4.8,0.789,0.3,0.3,1.0,3.5,4.5,0.778,0.816,1.5,2.0,0.75,0.8,2.8,3.5,0.8,1.5,1.0,1.8,3.0,9.3,
Kyle Anderson,32.0,MIN,SF,14.0,0.0,18.4,1.3,3.1,0.419,0.0,0.2,0.0,1.3,2.9,0.45,0.419,0.9,1.1,0.8,0.9,2.8,3.7,2.8,0.7,0.6,1.0,1.9,3.4,
Thomas Bryant,28.0,CLE,C,59.0,0.0,12.0,2.2,4.4,0.5,0.8,2.2,0.354,1.4,2.2,0.641,0.587,0.9,1.1,0.803,1.0,2.3,3.3,0.5,0.3,0.4,0.5,1.2,6.0,
Tyson Etienne,26.0,BKN,PG,19.0,0.0,11.7,1.8,4.3,0.42,1.6,3.6,0.441,0.2,0.7,0.308,0.605,0.8,0.9,0.889,0.1,0.5,0.6,1.2,0.4,0.0,0.5,1.6,6.0,
Kasparas Jakučionis,19.0,MIA,PG,48.0,11.0,17.6,1.9,4.5,0.423,1.2,2.9,0.418,0.7,1.5,0.432,0.56,1.0,1.1,0.907,0.8,1.8,2.6,2.4,0.6,0.1,0.9,1.9,6.0,
Nick Richards,28.0,2TM,C,48.0,6.0,14.6,2.1,4.2,0.512,0.1,0.4,0.278,2.0,3.8,0.536,0.525,1.4,2.1,0.644,1.6,3.5,5.1,0.3,0.2,0.7,1.2,1.8,5.8,
Nick Richards,28.0,PHX,C,28.0,2.0,9.1,1.3,2.5,0.493,0.0,0.0,,1.3,2.5,0.493,0.493,0.7,1.0,0.679,1.3,2.0,3.3,0.3,0.1,0.5,0.9,1.4,3.2,
Nick Richards,28.0,CHI,C,20.0,4.0,22.4,3.4,6.5,0.523,0.3,0.9,0.278,3.2,5.6,0.563,0.542,2.3,3.7,0.63,2.1,5.5,7.6,0.4,0.3,0.9,1.7,2.5,9.4,
Steven Adams,32.0,HOU,C,32.0,11.0,22.8,2.2,4.3,0.504,0.0,0.0,,2.2,4.3,0.504,0.504,1.5,2.5,0.58,4.5,4.1,8.6,1.5,0.7,0.6,1.1,1.7,5.8,
Ryan Dunn,23.0,PHX,SF,66.0,14.0,19.3,2.4,5.2,0.452,0.8,2.4,0.335,1.5,2.8,0.554,0.53,0.3,0.6,0.476,1.5,2.7,4.2,1.4,0.9,0.4,0.8,2.0,5.8,
Jahmai Mashack,23.0,MEM,SG,27.0,4.0,20.0,2.3,5.7,0.409,0.6,2.2,0.271,1.7,3.5,0.495,0.461,0.6,0.9,0.625,0.8,1.5,2.3,1.3,1.3,0.4,1.2,2.0,5.8,
Kris Murray,25.0,POR,SF,53.0,15.0,23.6,2.3,5.0,0.457,0.6,2.2,0.265,1.7,2.8,0.608,0.515,0.7,1.0,0.706,1.6,2.0,3.7,1.4,0.9,0.4,0.8,1.6,5.8,
Jalen Slawson,26.0,IND,SF,8.0,3.0,21.5,1.9,5.4,0.349,1.0,3.0,0.333,0.9,2.4,0.368,0.442,1.0,1.1,0.889,0.5,3.9,4.4,2.8,1.4,1.4,0.9,2.3,5.8,
Nick Smith Jr.,21.0,LAL,SG,25.0,1.0,12.7,2.2,5.3,0.421,1.1,2.8,0.391,1.2,2.6,0.453,0.523,0.3,0.4,0.636,0.1,0.7,0.8,1.1,0.4,0.1,0.8,1.0,5.8,
Ethan Thompson,26.0,IND,SG,26.0,8.0,17.6,2.0,5.3,0.384,1.1,3.3,0.341,0.9,2.0,0.453,0.489,0.6,0.8,0.714,0.5,1.3,1.8,1.5,0.7,0.3,0.6,2.1,5.8,
Dean Wade,29.0,CLE,PF,57.0,36.0,22.4,2.1,4.8,0.432,1.2,3.4,0.354,0.9,1.4,0.617,0.557,0.5,0.7,0.711,0.9,3.3,4.2,1.5,0.8,0.4,0.3,1.6,5.8,
Jalen Wilson,25.0,BKN,PF,49.0,1.0,14.6,1.8,4.8,0.386,1.0,2.8,0.355,0.8,1.9,0.432,0.491,1.1,1.5,0.733,0.2,1.6,1.8,0.7,0.4,0.0,0.6,1.4,5.8,
Tre Mann,24.0,CHA,PG,50.0,1.0,13.1,2.1,5.9,0.358,1.0,3.1,0.327,1.1,2.9,0.392,0.443,0.5,0.5,0.852,0.4,1.4,1.8,1.7,0.5,0.1,1.1,1.4,5.7,
Karlo Matković,24.0,NOP,PF,62.0,2.0,14.7,2.3,3.8,0.604,0.6,1.5,0.422,1.7,2.3,0.717,0.685,0.5,0.7,0.732,1.2,2.5,3.7,0.8,0.4,0.9,0.5,1.7,5.7,
Matisse Thybulle,28.0,POR,SG,26.0,0.0,15.3,1.9,4.3,0.434,1.2,3.0,0.392,0.7,1.3,0.529,0.571,0.8,0.9,0.87,0.6,1.5,2.1,0.9,1.9,0.5,0.9,1.5,5.7,
Goga Bitadze,26.0,ORL,C,58.0,3.0,14.9,2.3,3.3,0.675,0.0,0.2,0.182,2.2,3.2,0.705,0.68,1.0,1.5,0.698,2.0,2.7,4.7,1.3,0.6,0.9,0.6,2.1,5.6,
Marcus Sasser,25.0,DET,PG,33.0,5.0,12.5,1.9,4.8,0.405,1.2,2.9,0.427,0.7,1.9,0.371,0.535,0.5,0.5,0.833,0.2,0.8,1.0,2.1,0.6,0.1,0.9,1.2,5.6,
Dru Smith,28.0,MIA,SG,69.0,1.0,16.4,1.9,4.6,0.416,0.6,1.8,0.302,1.4,2.8,0.49,0.475,1.2,1.5,0.825,0.9,1.6,2.5,2.6,1.4,0.3,0.8,1.6,5.6,
Guerschon Yabusele,30.0,2TM,C,63.0,15.0,14.4,1.8,4.5,0.409,1.0,2.8,0.364,0.8,1.7,0.486,0.523,0.8,1.1,0.743,0.8,2.5,3.3,0.9,0.4,0.2,0.6,1.2,5.5,
Guerschon Yabusele,30.0,NYK,C,41.0,0.0,8.9,1.0,2.6,0.393,0.5,1.7,0.294,0.5,1.0,0.564,0.486,0.2,0.3,0.667,0.6,1.5,2.1,0.4,0.1,0.1,0.4,0.9,2.7,
Guerschon Yabusele,30.0,CHI,C,22.0,15.0,24.6,3.3,7.9,0.42,2.0,4.9,0.407,1.3,3.0,0.439,0.546,2.0,2.6,0.759,1.2,4.4,5.6,1.8,0.9,0.4,1.0,1.8,10.6,
Rob Dillingham,21.0,2TM,PG,59.0,0.0,13.9,2.2,5.9,0.382,0.6,1.8,0.311,1.7,4.1,0.413,0.429,0.5,0.7,0.769,0.3,1.5,1.7,2.2,0.7,0.1,1.3,1.7,5.5,
Rob Dillingham,21.0,MIN,PG,35.0,0.0,9.3,1.3,4.0,0.333,0.3,0.9,0.364,1.0,3.1,0.324,0.376,0.4,0.6,0.75,0.1,1.0,1.2,1.7,0.5,0.1,1.0,1.0,3.5,
Rob Dillingham,21.0,CHI,PG,24.0,0.0,20.6,3.5,8.5,0.415,0.9,3.0,0.288,2.7,5.5,0.485,0.466,0.6,0.8,0.789,0.5,2.1,2.5,2.9,0.9,0.1,1.8,2.7,8.6,
Jamaree Bouyea,26.0,PHX,PG,42.0,0.0,13.6,2.3,4.9,0.466,0.5,1.6,0.299,1.8,3.3,0.547,0.515,0.5,0.7,0.71,0.4,1.4,1.8,1.6,0.7,0.3,0.5,0.9,5.5,
Eric Gordon,37.0,PHI,SG,6.0,0.0,12.3,2.0,3.5,0.571,1.3,2.3,0.571,0.7,1.2,0.571,0.762,0.2,0.3,0.5,0.2,0.2,0.3,0.5,0.7,0.2,0.5,0.5,5.5,
Haywood Highsmith,29.0,PHX,SF,6.0,0.0,13.3,1.7,3.3,0.5,1.3,2.2,0.615,0.3,1.2,0.286,0.7,0.8,1.0,0.833,1.0,1.2,2.2,1.2,0.7,0.0,0.0,1.3,5.5,
Jett Howard,22.0,ORL,SF,54.0,0.0,12.8,1.9,4.6,0.416,1.0,2.7,0.372,0.9,1.9,0.476,0.524,0.7,0.7,0.949,0.4,1.2,1.6,0.8,0.2,0.2,0.3,1.2,5.5,
Spencer Jones,24.0,DEN,SF,64.0,37.0,22.1,2.1,4.1,0.504,0.9,2.3,0.396,1.2,1.8,0.636,0.613,0.5,0.8,0.608,1.2,2.1,3.3,0.8,0.8,0.5,0.5,2.7,5.5,
Doug McDermott,34.0,SAC,SF,24.0,0.0,14.3,1.9,4.5,0.421,1.7,4.1,0.408,0.2,0.4,0.556,0.607,0.1,0.1,1.0,0.2,0.9,1.1,0.6,0.2,0.1,0.4,0.7,5.5,
Yves Missi,21.0,NOP,C,64.0,12.0,19.3,2.3,4.4,0.536,0.0,0.0,0.0,2.3,4.4,0.538,0.536,0.8,1.5,0.558,2.8,2.9,5.7,1.2,0.3,1.5,0.8,1.7,5.5,
Nae'Qwan Tomlin,25.0,CLE,PF,60.0,2.0,15.2,2.2,4.8,0.47,0.4,1.7,0.204,1.9,3.0,0.621,0.507,0.7,0.9,0.75,1.2,1.4,2.7,0.8,0.7,0.5,0.4,1.9,5.5,
Kobe Brown,26.0,2TM,PF,56.0,5.0,14.6,1.9,4.1,0.472,0.8,2.1,0.364,1.2,2.0,0.586,0.566,0.8,0.9,0.808,1.0,1.7,2.8,1.2,0.3,0.2,0.8,1.1,5.4,
Kobe Brown,26.0,LAC,PF,34.0,0.0,8.7,1.0,2.5,0.393,0.4,1.4,0.265,0.6,1.0,0.571,0.47,0.6,0.8,0.808,0.5,1.0,1.6,0.8,0.3,0.1,0.4,0.5,2.9,
Kobe Brown,26.0,IND,PF,22.0,5.0,23.7,3.4,6.6,0.517,1.4,3.1,0.435,2.0,3.5,0.592,0.621,1.0,1.2,0.808,1.8,2.8,4.6,1.7,0.5,0.5,1.4,2.1,9.1,
Aaron Holiday,29.0,HOU,PG,51.0,1.0,13.3,1.8,4.5,0.402,1.1,3.0,0.382,0.7,1.5,0.442,0.528,0.6,0.7,0.865,0.2,0.7,0.9,1.0,0.4,0.1,0.7,1.2,5.4,
Mitchell Robinson,27.0,NYK,C,57.0,15.0,19.5,2.4,3.3,0.714,0.0,0.0,,2.4,3.3,0.714,0.714,0.7,1.7,0.392,4.2,4.5,8.7,0.9,0.9,1.1,0.7,2.1,5.4,
Sidy Cissoko,21.0,POR,SF,71.0,26.0,19.9,1.9,4.7,0.399,0.8,2.8,0.301,1.0,1.9,0.541,0.488,0.8,1.2,0.651,0.9,1.5,2.3,1.5,0.7,0.4,1.0,2.5,5.3,
Sion James,23.0,CHA,SG,77.0,19.0,22.6,1.6,4.4,0.377,1.0,2.7,0.36,0.7,1.6,0.405,0.49,1.1,1.2,0.844,0.6,2.8,3.4,2.0,0.6,0.3,0.8,1.9,5.3,
Pete Nance,25.0,MIL,PF,43.0,4.0,14.8,2.1,3.9,0.539,1.0,2.4,0.441,1.0,1.5,0.692,0.674,0.0,0.2,0.286,0.6,1.9,2.5,0.9,0.3,0.3,0.6,1.2,5.3,
Drew Eubanks,28.0,SAC,C,42.0,11.0,13.1,2.2,3.7,0.596,0.0,0.2,0.143,2.2,3.5,0.617,0.599,0.8,1.4,0.561,0.9,2.1,3.0,0.5,0.4,0.6,0.7,1.4,5.2,
Andersson Garcia,25.0,UTA,SF,5.0,2.0,33.8,1.8,5.8,0.31,0.2,2.6,0.077,1.6,3.2,0.5,0.328,1.4,1.8,0.778,3.4,5.0,8.4,2.8,1.6,0.8,1.4,3.2,5.2,
Garrison Mathews,29.0,IND,SG,15.0,1.0,13.1,1.4,3.5,0.404,1.1,3.1,0.37,0.3,0.4,0.667,0.567,1.3,1.5,0.826,0.1,1.0,1.1,0.7,0.4,0.2,0.2,1.3,5.2,
Jordan Walsh,21.0,BOS,PF,62.0,22.0,17.7,2.0,3.8,0.511,0.7,1.7,0.393,1.3,2.1,0.608,0.599,0.6,0.9,0.755,1.3,2.8,4.1,0.8,0.7,0.5,0.5,2.0,5.2,
Blake Wesley,22.0,POR,SG,28.0,0.0,12.6,2.0,4.3,0.458,0.4,1.3,0.286,1.6,3.0,0.529,0.5,0.9,1.6,0.556,0.3,1.0,1.3,2.2,0.6,0.2,1.1,1.2,5.2,
Johnny Furphy,21.0,IND,SG,35.0,21.0,18.4,2.0,4.3,0.47,0.7,2.0,0.324,1.3,2.2,0.603,0.547,0.5,1.0,0.486,0.9,3.5,4.4,1.2,0.6,0.2,0.8,1.9,5.1,
Anthony Gill,33.0,WAS,PF,49.0,2.0,15.7,2.2,3.6,0.619,0.3,0.8,0.325,2.0,2.8,0.706,0.656,0.4,0.6,0.75,1.0,1.8,2.8,1.2,0.6,0.4,0.7,1.5,5.1,
Ochai Agbaji,25.0,2TM,SG,61.0,13.0,15.7,1.9,4.4,0.435,0.5,2.0,0.258,1.4,2.4,0.586,0.494,0.6,0.7,0.837,0.7,1.5,2.2,0.7,0.4,0.3,0.5,1.5,5.0,
Ochai Agbaji,25.0,TOR,SG,42.0,13.0,15.5,1.7,4.0,0.424,0.3,1.5,0.185,1.4,2.5,0.571,0.459,0.6,0.7,0.862,0.8,1.5,2.3,0.7,0.4,0.3,0.5,1.8,4.3,
Ochai Agbaji,25.0,BKN,SG,19.0,0.0,16.1,2.4,5.2,0.455,1.1,3.1,0.339,1.3,2.1,0.625,0.556,0.6,0.7,0.786,0.6,1.6,2.2,0.8,0.3,0.3,0.6,0.9,6.4,
Dylan Cardwell,24.0,SAC,C,39.0,1.0,20.1,2.2,3.9,0.563,0.0,0.0,0.0,2.2,3.8,0.567,0.563,0.7,1.3,0.531,3.2,4.3,7.5,1.4,0.6,1.3,0.8,3.5,5.0,
Bez Mbeng,22.0,UTA,SG,11.0,3.0,29.9,1.9,4.5,0.429,0.3,1.6,0.167,1.6,2.8,0.581,0.459,0.9,1.4,0.667,1.2,2.2,3.4,3.4,1.7,0.4,1.4,3.6,5.0,
Asa Newell,20.0,ATL,PF,41.0,1.0,10.9,2.0,3.7,0.54,0.7,1.7,0.391,1.3,2.0,0.667,0.63,0.3,0.6,0.56,0.9,1.1,2.0,0.5,0.4,0.3,0.5,1.5,5.0,
Baylor Scheierman,25.0,BOS,SG,71.0,19.0,18.1,1.8,4.0,0.451,1.1,2.9,0.389,0.7,1.1,0.615,0.593,0.3,0.3,0.864,0.8,2.7,3.5,1.5,0.5,0.1,0.6,1.4,5.0,
KJ Simpson,23.0,2TM,PG,18.0,2.0,13.8,1.8,5.4,0.34,0.7,2.2,0.3,1.2,3.2,0.368,0.402,0.6,1.0,0.611,0.4,1.4,1.9,2.4,0.9,0.0,1.3,1.0,4.9,
KJ Simpson,23.0,CHA,PG,14.0,2.0,15.9,2.2,6.4,0.348,0.9,2.8,0.308,1.4,3.6,0.38,0.416,0.7,1.1,0.625,0.4,1.7,2.1,2.5,1.1,0.0,1.7,1.0,6.0,
KJ Simpson,23.0,DEN,PG,4.0,0.0,6.3,0.5,2.0,0.25,0.0,0.3,0.0,0.5,1.8,0.286,0.25,0.3,0.5,0.5,0.8,0.5,1.3,2.0,0.3,0.0,0.0,1.0,1.3,
Adem Bona,22.0,PHI,C,66.0,15.0,17.5,1.8,3.1,0.592,0.0,0.1,0.333,1.8,3.0,0.6,0.597,1.2,1.7,0.706,1.8,2.6,4.4,0.4,0.4,1.2,0.8,2.2,4.9,
Jamal Cain,26.0,ORL,SF,34.0,1.0,10.9,1.6,3.6,0.463,0.7,1.7,0.39,1.0,1.8,0.532,0.558,0.9,1.0,0.886,0.6,1.0,1.6,0.6,0.3,0.1,0.5,1.3,4.9,
Jalen Pickett,26.0,DEN,SG,47.0,18.0,15.8,1.9,4.4,0.424,0.9,2.4,0.386,0.9,1.9,0.473,0.532,0.3,0.3,0.867,0.4,1.9,2.3,2.2,0.3,0.1,0.6,0.9,4.9,
Tyrese Proctor,21.0,CLE,PG,46.0,1.0,10.3,1.7,4.2,0.403,0.8,2.5,0.342,0.8,1.7,0.494,0.505,0.7,0.8,0.889,0.2,0.9,1.1,1.3,0.4,0.0,0.6,1.2,4.9,
Killian Hayes,24.0,SAC,PG,18.0,3.0,16.4,1.7,5.7,0.301,0.7,2.6,0.261,1.1,3.2,0.333,0.359,0.7,0.8,0.929,0.1,2.2,2.3,3.5,0.7,0.2,1.1,1.5,4.8,
Lonzo Ball,28.0,CLE,PG,35.0,3.0,20.8,1.5,5.0,0.301,1.1,4.2,0.272,0.4,0.8,0.448,0.415,0.4,0.6,0.667,0.7,3.3,4.0,3.9,1.3,0.3,1.5,1.3,4.6,
Malaki Branham,22.0,WAS,SG,28.0,0.0,9.8,1.5,3.3,0.473,0.5,1.3,0.378,1.0,1.9,0.537,0.549,1.0,1.2,0.824,0.4,1.1,1.6,0.8,0.4,0.1,0.5,0.8,4.6,
Branden Carlson,26.0,OKC,C,38.0,2.0,10.3,1.9,3.6,0.522,0.6,1.6,0.339,1.3,2.0,0.671,0.598,0.2,0.5,0.5,0.6,1.9,2.6,0.6,0.2,0.5,0.4,0.9,4.6,
Josh Okogie,27.0,HOU,SG,72.0,29.0,17.3,1.7,3.8,0.436,0.8,2.1,0.397,0.8,1.7,0.484,0.546,0.5,0.9,0.571,1.0,1.5,2.5,0.8,0.8,0.2,0.5,1.4,4.6,
Jase Richardson,20.0,ORL,SG,50.0,0.0,11.4,1.7,3.6,0.467,0.6,1.6,0.359,1.1,2.0,0.549,0.544,0.6,0.9,0.727,0.4,0.8,1.2,1.2,0.3,0.0,0.5,1.0,4.6,
Jeremiah Robinson-Earl,25.0,2TM,PF,22.0,3.0,16.4,1.7,4.5,0.37,0.5,1.9,0.244,1.2,2.7,0.458,0.42,0.8,0.8,0.944,1.6,3.0,4.7,0.7,0.4,0.0,0.5,1.2,4.6,
Jeremiah Robinson-Earl,25.0,IND,PF,17.0,3.0,17.6,1.7,4.9,0.349,0.5,1.9,0.242,1.2,2.9,0.42,0.398,0.8,0.8,0.929,1.9,3.3,5.2,0.7,0.4,0.1,0.6,1.4,4.6,
Jeremiah Robinson-Earl,25.0,DAL,PF,5.0,0.0,12.2,1.6,3.4,0.471,0.4,1.6,0.25,1.2,1.8,0.667,0.529,0.8,0.8,1.0,0.8,2.2,3.0,0.6,0.4,0.0,0.4,0.6,4.4,
PJ Hall,23.0,2TM,C,19.0,2.0,11.3,1.6,3.1,0.508,0.2,0.3,0.6,1.4,2.8,0.5,0.534,1.2,1.5,0.793,1.7,2.2,3.9,0.5,0.2,0.5,0.8,1.2,4.5,
PJ Hall,23.0,MEM,C,7.0,0.0,3.9,0.7,1.3,0.556,0.1,0.4,0.333,0.6,0.9,0.667,0.611,0.3,0.4,0.667,0.4,0.9,1.3,0.3,0.0,0.3,0.1,0.4,1.9,
PJ Hall,23.0,CHA,C,12.0,2.0,15.6,2.1,4.2,0.5,0.2,0.2,1.0,1.9,4.0,0.479,0.52,1.8,2.2,0.808,2.5,3.0,5.5,0.7,0.3,0.7,1.3,1.6,6.1,
Josh Green,25.0,CHA,SG,53.0,0.0,16.1,1.5,3.2,0.462,1.0,2.4,0.419,0.5,0.8,0.595,0.62,0.5,0.5,0.893,0.8,1.0,1.8,0.8,0.6,0.1,0.7,1.2,4.5,
Mouhamed Gueye,23.0,ATL,PF,73.0,8.0,15.4,1.7,3.8,0.452,0.5,1.7,0.306,1.2,2.1,0.568,0.52,0.5,0.8,0.639,1.2,2.4,3.6,0.9,0.8,0.5,0.5,1.7,4.5,
Jarred Vanderbilt,26.0,LAL,PF,60.0,3.0,17.5,1.7,3.7,0.466,0.5,1.5,0.297,1.3,2.2,0.583,0.527,0.6,0.9,0.623,1.3,3.3,4.5,1.2,0.9,0.3,0.8,1.7,4.5,
Gabe Vincent,29.0,2TM,PG,49.0,7.0,16.9,1.4,4.2,0.345,1.1,3.3,0.331,0.3,0.9,0.395,0.476,0.4,0.4,0.95,0.3,0.7,1.0,1.4,0.5,0.0,0.5,1.5,4.4,
Gabe Vincent,29.0,LAL,PG,29.0,7.0,19.3,1.6,4.5,0.346,1.3,3.6,0.369,0.2,0.9,0.259,0.492,0.3,0.4,0.909,0.2,0.7,0.9,1.3,0.5,0.0,0.4,1.8,4.8,
Gabe Vincent,29.0,ATL,PG,20.0,0.0,13.6,1.3,3.8,0.342,0.8,3.0,0.267,0.5,0.8,0.625,0.447,0.5,0.5,1.0,0.4,0.8,1.2,1.6,0.6,0.1,0.7,1.1,3.9,
DeAndre Jordan,37.0,NOP,C,12.0,7.0,16.6,1.8,2.7,0.656,0.0,0.0,,1.8,2.7,0.656,0.656,0.9,1.4,0.647,2.2,4.2,6.3,0.9,0.3,0.8,0.8,1.3,4.4,
Tyler Kolek,24.0,NYK,PG,61.0,1.0,11.7,1.7,4.0,0.434,0.7,1.8,0.378,1.0,2.1,0.481,0.521,0.2,0.3,0.7,0.3,1.3,1.6,2.8,0.3,0.1,0.9,1.0,4.4,
Liam McNeeley,20.0,CHA,SF,30.0,0.0,12.1,1.3,3.1,0.404,0.8,2.0,0.4,0.5,1.1,0.412,0.532,1.1,1.3,0.821,0.4,2.0,2.4,0.8,0.2,0.1,0.4,1.2,4.4,
Jericho Sims,27.0,MIL,C,61.0,16.0,18.7,2.0,2.5,0.793,0.0,0.0,,2.0,2.5,0.793,0.793,0.5,0.8,0.627,2.0,3.3,5.3,1.2,0.2,0.2,1.1,2.0,4.4,
Jabari Walker,23.0,PHI,PF,61.0,6.0,12.2,1.5,3.4,0.448,0.5,1.5,0.33,1.0,1.9,0.543,0.521,0.8,1.0,0.75,1.1,1.9,3.1,0.5,0.4,0.2,0.4,1.7,4.4,
Rayan Rupert,21.0,2TM,SG,60.0,5.0,15.5,1.6,4.1,0.393,0.7,1.9,0.342,1.0,2.2,0.436,0.472,0.4,0.6,0.735,0.6,1.9,2.5,0.8,0.8,0.1,0.7,1.8,4.3,
Rayan Rupert,21.0,POR,SG,48.0,0.0,12.0,1.1,3.1,0.361,0.5,1.5,0.31,0.6,1.6,0.408,0.435,0.2,0.3,0.643,0.5,1.3,1.8,0.7,0.6,0.0,0.6,1.3,2.9,
Rayan Rupert,21.0,MEM,SG,12.0,5.0,29.2,3.7,8.3,0.44,1.4,3.6,0.395,2.3,4.8,0.474,0.525,1.3,1.7,0.8,1.1,4.3,5.3,1.2,1.4,0.3,1.1,4.1,10.1,
Mike Conley,38.0,MIN,PG,51.0,13.0,18.1,1.2,3.9,0.315,0.9,3.0,0.312,0.3,0.9,0.326,0.435,0.8,0.9,0.896,0.3,1.4,1.7,2.9,0.6,0.3,0.6,1.5,4.3,
Kam Jones,23.0,IND,SG,31.0,7.0,15.7,1.8,4.2,0.42,0.6,1.9,0.305,1.2,2.3,0.514,0.489,0.1,0.3,0.5,0.3,1.1,1.4,2.8,0.5,0.0,0.9,1.1,4.3,
Yanic Konan Niederhäuser,22.0,LAC,C,41.0,0.0,10.3,1.6,2.4,0.64,0.0,0.1,0.2,1.5,2.3,0.663,0.645,1.1,1.5,0.758,0.9,2.0,2.9,0.3,0.1,0.7,0.6,1.6,4.3,
Skal Labissière,29.0,WAS,PF,3.0,0.0,12.7,2.0,3.3,0.6,0.3,1.7,0.2,1.7,1.7,1.0,0.65,0.0,0.0,,1.0,2.0,3.0,1.0,0.7,0.3,0.3,1.0,4.3,
A.J. Lawson,25.0,TOR,SG,18.0,0.0,9.4,1.4,3.1,0.464,0.8,1.8,0.455,0.6,1.3,0.478,0.598,0.6,0.7,0.917,0.4,1.3,1.7,0.3,0.4,0.2,0.3,1.2,4.3,
Dereck Lively II,21.0,DAL,C,7.0,4.0,16.4,1.6,2.6,0.611,0.0,0.0,,1.6,2.6,0.611,0.611,1.1,1.4,0.8,2.0,3.3,5.3,1.9,0.6,1.6,1.4,3.0,4.3,
Grant Nelson,23.0,BKN,PF,4.0,0.0,8.8,1.3,2.3,0.556,0.0,0.0,,1.3,2.3,0.556,0.556,1.8,2.5,0.7,0.3,1.3,1.5,1.3,0.3,1.3,1.0,1.5,4.3,
Craig Porter Jr.,25.0,CLE,PG,60.0,2.0,17.6,1.8,4.0,0.439,0.5,1.5,0.345,1.3,2.5,0.493,0.502,0.3,0.6,0.556,1.3,2.0,3.3,3.2,0.9,0.6,0.9,1.1,4.3,
Rasheer Fleming,21.0,PHX,PF,51.0,0.0,11.7,1.5,3.8,0.407,0.8,2.3,0.345,0.8,1.5,0.5,0.51,0.4,0.6,0.563,1.1,1.2,2.3,0.2,0.4,0.4,0.4,1.2,4.2,
Terrence Shannon Jr.,25.0,MIN,SG,37.0,1.0,11.5,1.4,3.3,0.418,0.6,1.4,0.396,0.8,1.9,0.435,0.504,0.9,1.2,0.773,0.2,0.9,1.1,0.7,0.4,0.0,0.5,1.2,4.2,
John Konchar,29.0,2TM,SG,51.0,7.0,18.8,1.6,3.2,0.485,0.5,1.7,0.279,1.1,1.5,0.709,0.558,0.5,0.7,0.694,1.2,2.7,3.9,1.8,1.3,0.6,0.5,1.4,4.1,
John Konchar,29.0,MEM,SG,30.0,1.0,14.5,1.2,2.4,0.521,0.4,1.3,0.333,0.8,1.1,0.75,0.613,0.3,0.4,0.615,0.7,2.4,3.1,1.3,1.0,0.4,0.5,1.0,3.2,
John Konchar,29.0,UTA,SG,21.0,6.0,24.9,2.0,4.5,0.457,0.5,2.2,0.234,1.5,2.2,0.681,0.516,0.8,1.1,0.739,1.9,3.2,5.0,2.4,1.7,0.9,0.7,1.9,5.4,
Noah Penda,21.0,ORL,SF,55.0,2.0,13.4,1.5,3.6,0.412,0.5,1.6,0.333,0.9,2.0,0.477,0.487,0.6,0.9,0.688,1.2,2.2,3.4,1.2,0.5,0.3,0.8,1.2,4.1,
Taelon Peter,23.0,IND,SG,32.0,0.0,11.8,1.4,3.8,0.374,1.0,3.3,0.317,0.4,0.6,0.684,0.508,0.2,0.4,0.538,0.2,1.2,1.4,1.0,0.6,0.1,0.7,0.9,4.1,
RayJ Dennis,24.0,3TM,PG,16.0,0.0,11.3,1.4,4.6,0.301,0.8,2.4,0.308,0.6,2.1,0.294,0.384,0.5,0.6,0.889,0.5,0.9,1.4,1.9,0.3,0.3,0.9,1.1,4.0,
RayJ Dennis,24.0,IND,PG,13.0,0.0,12.9,1.7,5.5,0.306,0.9,2.9,0.316,0.8,2.6,0.294,0.389,0.6,0.7,0.889,0.6,1.0,1.6,2.0,0.2,0.3,1.1,1.2,4.9,
RayJ Dennis,24.0,LAC,PG,1.0,0.0,4.0,0.0,0.0,,0.0,0.0,,0.0,0.0,,,0.0,0.0,,0.0,2.0,2.0,0.0,0.0,0.0,1.0,0.0,0.0,
RayJ Dennis,24.0,ATL,PG,2.0,0.0,4.0,0.0,0.5,0.0,0.0,0.5,0.0,0.0,0.0,,0.0,0.0,0.0,,0.0,0.0,0.0,2.0,0.5,0.0,0.0,0.5,0.0,
Nicolas Batum,37.0,LAC,PF,71.0,6.0,17.8,1.3,3.3,0.398,1.2,3.1,0.398,0.1,0.1,0.4,0.589,0.1,0.2,0.818,0.3,2.2,2.5,0.9,0.7,0.3,0.5,1.3,4.0,
Tony Bradley,28.0,IND,C,38.0,3.0,10.9,1.6,2.8,0.557,0.0,0.1,0.5,1.5,2.7,0.558,0.561,0.8,1.1,0.744,1.5,1.3,2.8,0.5,0.2,0.2,0.4,1.6,4.0,
Brandon Clarke,29.0,MEM,PF,2.0,2.0,10.0,1.5,4.5,0.333,0.0,0.0,,1.5,4.5,0.333,0.333,1.0,2.0,0.5,2.0,1.0,3.0,0.5,1.0,0.0,0.0,2.5,4.0,
Taj Gibson,40.0,MEM,C,7.0,0.0,9.3,1.4,2.6,0.556,0.4,0.7,0.6,1.0,1.9,0.538,0.639,0.7,0.9,0.833,0.9,1.3,2.1,0.6,0.3,0.1,0.1,1.4,4.0,
DaRon Holmes,23.0,DEN,PF,22.0,6.0,9.1,1.4,2.6,0.517,0.9,1.9,0.452,0.5,0.7,0.688,0.681,0.4,0.5,0.818,0.3,1.1,1.4,0.7,0.0,0.2,0.5,0.9,4.0,
Dalton Knecht,24.0,LAL,SF,50.0,1.0,10.3,1.6,3.5,0.446,0.6,2.0,0.304,0.9,1.5,0.644,0.534,0.3,0.4,0.7,0.3,1.1,1.4,0.3,0.2,0.2,0.4,0.8,4.0,
Moussa Cisse,23.0,DAL,C,35.0,1.0,12.8,1.5,2.6,0.589,0.0,0.0,,1.5,2.6,0.589,0.589,0.8,1.9,0.439,2.0,3.1,5.1,0.2,0.4,1.1,0.7,1.9,3.9,
Myron Gardner,24.0,MIA,SF,41.0,7.0,9.6,1.4,2.9,0.479,0.6,1.6,0.406,0.8,1.3,0.564,0.588,0.5,0.6,0.731,0.9,1.9,2.9,1.0,0.5,0.2,0.4,1.8,3.9,
Hugo González,19.0,BOS,SF,71.0,3.0,14.8,1.6,3.4,0.471,0.6,1.6,0.357,1.0,1.8,0.571,0.555,0.2,0.4,0.5,0.9,2.5,3.4,0.5,0.5,0.3,0.5,1.7,3.9,
Jordan Hawkins,23.0,NOP,SG,46.0,0.0,12.3,1.4,4.2,0.33,0.8,2.4,0.315,0.6,1.8,0.349,0.42,0.3,0.4,0.8,0.3,1.2,1.5,0.7,0.2,0.2,0.5,0.5,3.9,
Caleb Martin,30.0,DAL,SF,58.0,12.0,14.8,1.5,3.3,0.45,0.3,1.0,0.351,1.1,2.3,0.492,0.503,0.6,1.1,0.607,0.5,2.0,2.5,1.4,0.7,0.3,0.7,1.5,3.9,
Carter Bryant,20.0,SAS,PF,66.0,0.0,10.9,1.4,3.6,0.386,0.6,2.1,0.307,0.7,1.5,0.495,0.475,0.4,0.6,0.711,0.5,1.9,2.4,0.5,0.2,0.3,0.4,1.2,3.8,
Jaylen Clark,24.0,MIN,SG,63.0,0.0,12.4,1.4,3.2,0.432,0.4,1.3,0.31,1.0,1.8,0.522,0.497,0.7,1.1,0.657,0.8,1.0,1.8,0.5,0.6,0.1,0.3,1.2,3.8,
Omer Yurtseven,27.0,GSW,C,9.0,0.0,11.6,1.2,2.9,0.423,0.0,0.4,0.0,1.2,2.4,0.5,0.423,1.3,2.0,0.667,1.4,1.9,3.3,0.9,0.2,0.1,1.0,1.7,3.8,
Patrick Baldwin Jr.,23.0,3TM,SF,9.0,1.0,11.3,1.2,3.0,0.407,0.7,1.6,0.429,0.6,1.4,0.385,0.519,0.6,0.8,0.714,1.3,1.2,2.6,0.6,0.3,0.6,0.6,1.7,3.7,
Patrick Baldwin Jr.,23.0,LAC,SF,2.0,0.0,6.0,1.5,2.0,0.75,1.0,1.5,0.667,0.5,0.5,1.0,1.0,1.0,1.0,1.0,0.0,0.5,0.5,0.0,0.0,0.0,0.5,1.0,5.0,
Patrick Baldwin Jr.,23.0,PHI,SF,1.0,0.0,2.0,0.0,0.0,,0.0,0.0,,0.0,0.0,,,0.0,0.0,,0.0,1.0,1.0,0.0,0.0,0.0,0.0,0.0,0.0,
Patrick Baldwin Jr.,23.0,SAC,SF,6.0,1.0,14.7,1.3,3.8,0.348,0.7,1.8,0.364,0.7,2.0,0.333,0.435,0.5,0.8,0.6,2.0,1.5,3.5,0.8,0.5,0.8,0.7,2.2,3.8,
Dalen Terry,23.0,2TM,SG,47.0,0.0,11.6,1.4,3.3,0.435,0.5,1.4,0.364,0.9,1.9,0.489,0.513,0.3,0.6,0.552,0.5,1.3,1.8,1.4,0.6,0.3,0.6,1.0,3.7,
Dalen Terry,23.0,CHI,SG,34.0,0.0,11.1,1.3,3.0,0.441,0.6,1.4,0.413,0.8,1.6,0.464,0.534,0.3,0.5,0.529,0.6,1.3,1.9,1.3,0.6,0.3,0.6,1.0,3.5,
Dalen Terry,23.0,PHI,SG,13.0,0.0,13.0,1.7,4.0,0.423,0.4,1.5,0.25,1.3,2.5,0.531,0.471,0.5,0.9,0.583,0.5,1.1,1.5,1.8,0.5,0.3,0.4,1.2,4.3,
Keshad Johnson,24.0,MIA,SF,27.0,0.0,7.8,1.3,3.0,0.439,0.4,1.4,0.316,0.9,1.6,0.545,0.512,0.6,0.9,0.68,0.7,1.1,1.9,0.1,0.4,0.3,0.4,0.8,3.7,
Zeke Nnaji,25.0,DEN,PF,49.0,3.0,11.9,1.3,2.9,0.471,0.3,1.0,0.265,1.1,1.9,0.582,0.518,0.7,0.9,0.773,0.6,2.0,2.6,0.5,0.3,0.4,0.5,1.3,3.7,
Micah Peavy,24.0,NOP,SG,56.0,1.0,13.2,1.6,4.1,0.375,0.4,1.6,0.231,1.2,2.5,0.468,0.42,0.2,0.3,0.684,0.7,1.0,1.8,0.9,0.6,0.1,0.3,1.4,3.7,
Clint Capela,31.0,HOU,C,69.0,2.0,12.4,1.5,3.0,0.512,0.0,0.0,,1.5,3.0,0.512,0.512,0.6,1.0,0.597,2.1,2.5,4.6,0.7,0.5,0.8,0.6,1.0,3.6,
Ron Harper Jr.,25.0,BOS,SF,25.0,2.0,10.5,1.3,3.2,0.407,0.9,2.5,0.349,0.4,0.7,0.611,0.543,0.0,0.1,0.5,0.6,1.0,1.6,0.6,0.2,0.4,0.2,0.8,3.6,
Tolu Smith,25.0,DET,PF,12.0,0.0,9.8,1.2,2.3,0.5,0.0,0.0,,1.2,2.3,0.5,0.5,1.3,1.8,0.682,1.6,2.0,3.6,0.9,0.2,0.5,0.6,1.6,3.6,
Trayce Jackson-Davis,25.0,2TM,C,49.0,1.0,9.8,1.4,2.4,0.567,0.0,0.0,1.0,1.4,2.4,0.563,0.571,0.7,1.4,0.514,1.3,1.6,2.8,0.8,0.3,0.5,0.4,0.9,3.5,
Trayce Jackson-Davis,25.0,GSW,C,36.0,1.0,11.4,1.7,2.8,0.588,0.0,0.0,1.0,1.6,2.8,0.584,0.593,0.8,1.4,0.558,1.3,1.8,3.1,0.9,0.4,0.5,0.5,1.1,4.2,
Trayce Jackson-Davis,25.0,TOR,C,13.0,0.0,5.4,0.6,1.4,0.444,0.0,0.0,,0.6,1.4,0.444,0.444,0.5,1.4,0.389,1.2,0.8,2.1,0.5,0.3,0.3,0.3,0.2,1.8,
Mohamed Diawara,20.0,NYK,SF,66.0,6.0,8.7,1.3,3.0,0.434,0.7,1.8,0.397,0.6,1.2,0.494,0.556,0.2,0.3,0.706,0.2,1.1,1.3,0.7,0.2,0.1,0.4,0.7,3.5,
Keaton Wallace,26.0,ATL,PG,50.0,2.0,9.8,1.3,3.1,0.413,0.7,1.9,0.398,0.5,1.2,0.435,0.532,0.2,0.3,0.643,0.1,1.0,1.0,1.7,0.4,0.1,0.5,0.9,3.5,
Jeremy Sochan,22.0,2TM,PF,41.0,0.0,10.4,1.4,2.9,0.492,0.2,1.0,0.231,1.2,1.9,0.62,0.53,0.3,0.5,0.7,0.8,1.5,2.2,0.8,0.4,0.1,0.5,1.3,3.4,
Jeremy Sochan,22.0,SAS,PF,28.0,0.0,12.8,1.7,3.5,0.475,0.3,1.3,0.257,1.4,2.3,0.594,0.52,0.4,0.6,0.688,0.9,1.7,2.6,1.0,0.4,0.2,0.6,1.8,4.1,
Jeremy Sochan,22.0,NYK,PF,13.0,0.0,5.2,0.8,1.5,0.579,0.0,0.3,0.0,0.8,1.2,0.733,0.579,0.2,0.3,0.75,0.4,1.1,1.5,0.5,0.4,0.1,0.2,0.4,1.9,
Dwight Powell,34.0,DAL,C,57.0,10.0,13.8,1.0,1.5,0.667,0.0,0.1,0.333,1.0,1.5,0.679,0.672,1.3,1.9,0.685,1.4,2.4,3.8,0.9,0.5,0.3,0.6,1.9,3.4,
Jamison Battle,24.0,TOR,SF,55.0,2.0,9.0,1.2,2.5,0.5,0.6,1.5,0.422,0.6,1.0,0.623,0.629,0.1,0.2,0.667,0.3,1.2,1.6,0.4,0.1,0.1,0.3,0.8,3.3,
Jayson Kent,23.0,POR,SF,3.0,0.0,6.3,1.3,2.0,0.667,0.3,1.0,0.333,1.0,1.0,1.0,0.75,0.3,0.3,1.0,0.0,1.3,1.3,0.0,0.3,0.3,0.0,0.3,3.3,
Larry Nance Jr.,33.0,CLE,PF,31.0,2.0,11.9,1.3,3.3,0.382,0.6,1.8,0.345,0.6,1.5,0.426,0.475,0.1,0.2,0.571,0.8,1.7,2.6,0.9,0.5,0.1,0.5,1.6,3.3,
Isaiah Stevens,25.0,SAC,PG,3.0,0.0,14.3,1.0,2.3,0.429,0.0,0.3,0.0,1.0,2.0,0.5,0.429,1.3,1.3,1.0,0.7,0.3,1.0,3.3,1.7,0.0,0.7,0.7,3.3,
James Wiseman,24.0,IND,C,4.0,1.0,14.5,1.5,2.5,0.6,0.0,0.0,,1.5,2.5,0.6,0.6,0.3,0.5,0.5,1.3,0.8,2.0,0.8,0.0,0.3,1.3,2.5,3.3,
Riley Minix,25.0,2TM,SF,6.0,0.0,3.8,1.3,2.0,0.667,0.5,1.0,0.5,0.8,1.0,0.833,0.792,0.0,0.0,,0.3,0.5,0.8,0.7,0.2,0.0,0.3,0.5,3.2,
Riley Minix,25.0,SAS,SF,3.0,0.0,2.7,1.3,2.0,0.667,0.3,1.0,0.333,1.0,1.0,1.0,0.75,0.0,0.0,,0.3,0.3,0.7,0.3,0.3,0.0,0.0,0.3,3.0,
Riley Minix,25.0,CLE,SF,3.0,0.0,5.0,1.3,2.0,0.667,0.7,1.0,0.667,0.7,1.0,0.667,0.833,0.0,0.0,,0.3,0.7,1.0,1.0,0.0,0.0,0.7,0.7,3.3,
Kelly Olynyk,34.0,SAS,C,42.0,0.0,8.6,1.1,2.3,0.49,0.3,1.1,0.255,0.8,1.2,0.714,0.552,0.6,0.9,0.711,0.6,1.2,1.8,1.2,0.4,0.1,0.6,0.9,3.2,
Dorian Finney-Smith,32.0,HOU,PF,35.0,1.0,16.9,1.1,3.4,0.317,0.7,2.7,0.269,0.4,0.8,0.481,0.421,0.2,0.2,0.857,0.9,1.6,2.5,1.0,0.4,0.2,0.6,1.7,3.1,
Miles Kelly,23.0,DAL,PG,14.0,0.0,9.6,1.1,3.1,0.364,0.7,2.4,0.303,0.4,0.8,0.545,0.477,0.1,0.1,1.0,0.4,1.4,1.7,0.9,0.3,0.1,0.4,0.9,3.1,
Mark Sears,23.0,MIL,PG,7.0,0.0,3.7,0.9,1.9,0.462,0.6,1.1,0.5,0.3,0.7,0.4,0.615,0.9,1.1,0.75,0.1,0.1,0.3,0.3,0.0,0.0,0.6,0.6,3.1,
Drew Timme,25.0,LAL,PF,23.0,0.0,8.1,1.3,2.2,0.588,0.3,0.8,0.421,1.0,1.4,0.688,0.667,0.2,0.3,0.571,0.4,0.8,1.2,0.7,0.2,0.0,0.3,0.7,3.1,
Cam Christie,20.0,LAC,SG,51.0,0.0,9.0,1.0,2.6,0.386,0.2,1.0,0.245,0.8,1.6,0.47,0.432,0.7,1.0,0.76,0.4,1.1,1.5,0.6,0.3,0.1,0.4,0.4,3.0,
Chris Livingston,22.0,CLE,SF,3.0,0.0,5.7,1.3,2.3,0.571,0.0,1.0,0.0,1.3,1.3,1.0,0.571,0.3,0.3,1.0,0.0,1.0,1.0,0.3,0.3,0.0,0.0,1.3,3.0,
Emanuel Miller,25.0,CHI,PF,5.0,0.0,6.6,1.2,2.6,0.462,0.4,1.2,0.333,0.8,1.4,0.571,0.538,0.2,0.4,0.5,0.2,0.4,0.6,0.8,0.4,0.0,0.0,0.4,3.0,
Monte Morris,30.0,IND,PG,6.0,0.0,10.8,1.2,3.3,0.35,0.3,1.3,0.25,0.8,2.0,0.417,0.4,0.3,0.7,0.5,0.2,1.0,1.2,1.5,0.2,0.2,0.3,0.5,3.0,
Nikola Topić,20.0,OKC,PG,6.0,0.0,10.8,1.3,3.0,0.444,0.3,1.0,0.333,1.0,2.0,0.5,0.5,0.0,0.0,,0.3,1.3,1.7,2.0,0.0,0.0,1.8,0.8,3.0,
Amir Coffey,28.0,2TM,SG,43.0,2.0,10.2,1.0,2.2,0.484,0.3,1.0,0.317,0.7,1.2,0.615,0.554,0.5,0.7,0.786,0.4,0.8,1.2,0.6,0.2,0.1,0.1,0.7,2.9,
Amir Coffey,28.0,MIL,SG,30.0,2.0,8.8,0.9,1.8,0.473,0.2,0.8,0.28,0.6,1.0,0.633,0.536,0.4,0.5,0.867,0.2,0.7,0.9,0.4,0.1,0.1,0.1,0.5,2.4,
Amir Coffey,28.0,PHX,SG,13.0,0.0,13.2,1.5,2.9,0.5,0.5,1.2,0.375,1.0,1.7,0.591,0.579,0.7,1.0,0.692,0.9,1.1,2.0,1.0,0.4,0.2,0.2,1.1,4.1,
Tyus Jones,29.0,3TM,PG,64.0,10.0,14.6,1.1,3.2,0.346,0.6,2.0,0.277,0.5,1.2,0.467,0.434,0.1,0.1,0.778,0.2,0.9,1.0,2.4,0.6,0.0,0.3,0.5,2.9,
Tyus Jones,29.0,ORL,PG,48.0,8.0,15.7,1.1,3.3,0.342,0.6,2.1,0.294,0.5,1.2,0.429,0.437,0.1,0.1,1.0,0.2,0.9,1.1,2.4,0.7,0.1,0.3,0.5,3.0,
Tyus Jones,29.0,DAL,PG,8.0,2.0,16.6,1.6,4.3,0.382,0.5,2.4,0.211,1.1,1.9,0.6,0.441,0.1,0.3,0.5,0.1,1.0,1.1,3.8,0.4,0.0,0.6,0.6,3.9,
Tyus Jones,29.0,DEN,PG,8.0,0.0,5.8,0.5,1.6,0.308,0.3,1.1,0.222,0.3,0.5,0.5,0.385,0.0,0.1,0.0,0.0,0.6,0.6,0.8,0.1,0.0,0.4,0.0,1.3,
Joan Beringer,19.0,MIN,PF,35.0,1.0,6.5,1.3,2.0,0.652,0.0,0.0,,1.3,2.0,0.652,0.652,0.4,0.6,0.619,0.9,0.9,1.9,0.2,0.1,0.4,0.2,1.1,2.9,
David Jones García,24.0,SAS,SF,11.0,0.0,6.2,1.2,2.3,0.52,0.3,0.5,0.6,0.9,1.8,0.5,0.58,0.3,0.5,0.5,0.4,0.8,1.2,1.6,0.5,0.1,0.5,0.5,2.9,
Chris Paul,40.0,LAC,PG,16.0,0.0,14.3,1.1,3.5,0.321,0.6,1.9,0.333,0.5,1.6,0.308,0.411,0.1,0.1,0.5,0.4,1.4,1.8,3.3,0.7,0.0,1.0,1.4,2.9,
Duop Reath,29.0,POR,C,32.0,0.0,8.1,1.0,2.3,0.446,0.7,1.7,0.418,0.3,0.6,0.526,0.601,0.2,0.2,0.833,0.3,0.9,1.2,0.3,0.2,0.3,0.2,0.9,2.9,
Tyler Smith,21.0,DAL,PF,7.0,0.0,10.1,1.1,3.3,0.348,0.4,2.0,0.214,0.7,1.3,0.556,0.413,0.1,0.3,0.5,1.1,1.7,2.9,0.3,0.3,0.0,0.4,0.7,2.9,
Trey Alexander,22.0,NOP,SG,5.0,0.0,8.4,1.2,1.8,0.667,0.4,0.6,0.667,0.8,1.2,0.667,0.778,0.0,0.0,,0.0,0.8,0.8,1.0,0.2,0.2,0.2,0.8,2.8,
AJ Johnson,21.0,2TM,SG,43.0,0.0,8.9,1.0,3.3,0.319,0.3,1.1,0.229,0.8,2.2,0.366,0.358,0.4,0.5,0.826,0.2,0.9,1.1,1.0,0.2,0.0,0.6,0.6,2.8,
AJ Johnson,21.0,WAS,SG,25.0,0.0,8.6,1.1,3.3,0.325,0.3,1.0,0.28,0.8,2.3,0.345,0.367,0.4,0.5,0.75,0.3,0.9,1.2,0.9,0.3,0.0,0.7,0.6,2.8,
AJ Johnson,21.0,DAL,SG,18.0,0.0,9.4,1.0,3.2,0.31,0.2,1.3,0.174,0.8,1.9,0.4,0.345,0.6,0.6,0.909,0.1,0.9,1.0,1.1,0.2,0.1,0.3,0.5,2.8,
Yuki Kawamura,24.0,CHI,PG,12.0,0.0,11.4,0.7,2.3,0.296,0.4,1.4,0.294,0.3,0.8,0.3,0.389,1.0,1.1,0.923,0.6,1.4,2.0,2.9,0.7,0.0,1.0,0.7,2.8,
Kobe Bufkin,22.0,LAL,SG,13.0,1.0,7.2,0.9,3.2,0.293,0.2,1.7,0.136,0.7,1.5,0.474,0.329,0.6,0.6,1.0,0.1,0.6,0.7,0.4,0.2,0.2,0.3,0.5,2.7,
Pat Connaughton,33.0,CHA,SG,38.0,0.0,7.1,0.9,2.1,0.456,0.5,1.3,0.396,0.4,0.8,0.548,0.576,0.3,0.5,0.667,0.3,1.1,1.4,0.4,0.3,0.0,0.2,0.2,2.7,
Kevon Looney,29.0,NOP,C,19.0,6.0,13.4,1.2,2.8,0.426,0.1,0.5,0.111,1.2,2.4,0.489,0.435,0.3,0.4,0.625,2.3,2.9,5.3,1.3,0.3,0.5,0.4,1.7,2.7,
Khaman Maluach,19.0,PHX,C,42.0,0.0,8.2,1.0,2.0,0.537,0.1,0.4,0.2,1.0,1.6,0.612,0.555,0.5,0.7,0.71,0.9,1.5,2.4,0.1,0.1,0.7,0.6,0.9,2.7,
Norchad Omier,24.0,LAC,PF,3.0,0.0,4.7,1.3,1.7,0.8,0.0,0.3,0.0,1.3,1.3,1.0,0.8,0.0,0.0,,0.7,0.7,1.3,0.3,0.3,0.0,0.0,0.7,2.7,
Antonio Reeves,25.0,CHA,SG,10.0,0.0,6.8,1.0,2.0,0.5,0.7,1.3,0.538,0.3,0.7,0.429,0.675,0.0,0.0,,0.2,0.6,0.8,0.3,0.1,0.0,0.1,0.3,2.7,
Christian Koloko,25.0,3TM,C,25.0,4.0,13.2,1.1,2.7,0.418,0.0,0.3,0.143,1.1,2.4,0.45,0.425,0.3,0.4,0.7,1.1,1.8,2.9,0.7,0.6,0.9,0.5,1.7,2.6,
Christian Koloko,25.0,LAL,C,2.0,0.0,3.0,0.0,0.0,,0.0,0.0,,0.0,0.0,,,0.0,0.0,,0.0,0.5,0.5,0.0,0.0,0.0,0.0,0.5,0.0,
Christian Koloko,25.0,MEM,C,11.0,2.0,17.7,1.3,3.2,0.4,0.0,0.1,0.0,1.3,3.1,0.412,0.4,0.1,0.4,0.25,1.7,2.3,4.0,0.9,0.9,1.2,0.6,1.8,2.6,
Christian Koloko,25.0,ATL,C,12.0,2.0,10.8,1.2,2.7,0.438,0.1,0.5,0.167,1.1,2.2,0.5,0.453,0.5,0.5,1.0,0.8,1.5,2.3,0.6,0.3,0.8,0.5,1.8,2.9,
Julian Phillips,22.0,2TM,SF,44.0,2.0,8.4,1.0,2.3,0.424,0.4,1.2,0.315,0.6,1.0,0.556,0.51,0.3,0.4,0.882,0.5,0.5,1.0,0.2,0.5,0.2,0.2,0.8,2.6,
Julian Phillips,22.0,CHI,SF,35.0,2.0,9.5,1.1,2.5,0.42,0.5,1.4,0.327,0.6,1.1,0.538,0.511,0.3,0.3,0.818,0.6,0.6,1.3,0.2,0.5,0.2,0.2,0.9,2.8,
Julian Phillips,22.0,MIN,SF,9.0,0.0,4.1,0.6,1.2,0.455,0.1,0.6,0.2,0.4,0.7,0.667,0.5,0.7,0.7,1.0,0.0,0.2,0.2,0.2,0.4,0.1,0.1,0.1,1.9,
Gary Harris,31.0,MIL,SG,45.0,2.0,13.7,0.9,2.0,0.451,0.6,1.4,0.419,0.3,0.6,0.517,0.593,0.2,0.2,0.889,0.3,1.0,1.2,1.0,0.6,0.2,0.4,1.1,2.6,
Jonathan Isaac,28.0,ORL,PF,52.0,0.0,10.0,0.9,2.1,0.422,0.1,0.7,0.184,0.8,1.4,0.549,0.454,0.7,1.1,0.603,0.8,1.7,2.5,0.4,0.4,0.6,0.3,0.8,2.6,
Malevy Leons,26.0,GSW,SF,21.0,1.0,9.7,1.0,2.5,0.423,0.1,0.6,0.231,0.9,1.9,0.487,0.452,0.3,0.5,0.636,1.1,0.8,1.9,0.7,0.5,0.3,0.4,1.1,2.6,
E.J. Liddell,25.0,BKN,PF,21.0,0.0,9.7,1.0,2.7,0.386,0.3,1.6,0.212,0.7,1.1,0.625,0.447,0.2,0.3,0.571,0.4,1.5,1.9,0.7,0.1,0.4,0.4,1.3,2.6,
Sean Pedulla,23.0,LAC,PG,5.0,0.0,5.2,1.0,2.6,0.385,0.6,1.8,0.333,0.4,0.8,0.5,0.5,0.0,0.0,,0.0,0.4,0.4,0.8,0.0,0.0,0.0,0.6,2.6,
Jae'Sean Tate,30.0,HOU,SF,41.0,0.0,8.3,1.1,2.2,0.495,0.2,0.7,0.3,0.9,1.5,0.59,0.544,0.1,0.2,0.667,0.6,0.7,1.3,0.4,0.2,0.1,0.3,1.0,2.6,
Mo Bamba,27.0,2TM,C,4.0,0.0,11.0,1.3,2.8,0.455,0.0,0.0,,1.3,2.8,0.455,0.455,0.0,0.0,,2.5,3.0,5.5,0.3,0.0,0.8,0.5,1.5,2.5,
Mo Bamba,27.0,TOR,C,2.0,0.0,3.0,0.0,1.0,0.0,0.0,0.0,,0.0,1.0,0.0,0.0,0.0,0.0,,0.5,0.5,1.0,0.0,0.0,0.5,0.0,1.0,0.0,
Mo Bamba,27.0,UTA,C,2.0,0.0,19.0,2.5,4.5,0.556,0.0,0.0,,2.5,4.5,0.556,0.556,0.0,0.0,,4.5,5.5,10.0,0.5,0.0,1.0,1.0,2.0,5.0,
Chaz Lanier,24.0,DET,SG,29.0,0.0,7.9,0.9,2.7,0.325,0.6,2.0,0.305,0.2,0.6,0.389,0.442,0.2,0.2,0.833,0.2,0.4,0.7,0.5,0.2,0.0,0.1,0.4,2.5,
Alijah Martin,24.0,TOR,SG,19.0,0.0,6.4,0.8,2.2,0.357,0.2,1.0,0.211,0.6,1.2,0.478,0.405,0.7,0.9,0.778,0.5,0.6,1.1,0.5,0.4,0.2,0.3,0.5,2.5,
Charles Bassey,25.0,3TM,C,7.0,0.0,6.7,1.0,1.9,0.538,0.0,0.0,,1.0,1.9,0.538,0.538,0.4,1.0,0.429,1.4,1.4,2.9,0.3,0.3,0.6,0.3,0.9,2.4,
Charles Bassey,25.0,MEM,C,2.0,0.0,15.5,1.5,4.0,0.375,0.0,0.0,,1.5,4.0,0.375,0.375,0.5,1.5,0.333,3.5,4.0,7.5,1.0,0.5,0.5,0.5,2.5,3.5,
Charles Bassey,25.0,PHI,C,1.0,0.0,5.0,1.0,1.0,1.0,0.0,0.0,,1.0,1.0,1.0,1.0,0.0,0.0,,0.0,0.0,0.0,0.0,0.0,1.0,0.0,0.0,2.0,
Charles Bassey,25.0,BOS,C,4.0,0.0,2.8,0.8,1.0,0.75,0.0,0.0,,0.8,1.0,0.75,0.75,0.5,1.0,0.5,0.8,0.5,1.3,0.0,0.3,0.5,0.3,0.3,2.0,
Koby Brea,23.0,PHX,SG,9.0,0.0,4.4,0.8,1.9,0.412,0.7,1.6,0.429,0.1,0.3,0.333,0.588,0.2,0.2,1.0,0.0,0.2,0.2,0.7,0.0,0.0,0.1,0.4,2.4,
Caleb Houstan,23.0,ATL,SF,17.0,0.0,4.2,0.8,1.5,0.52,0.6,1.2,0.524,0.1,0.2,0.5,0.74,0.2,0.2,1.0,0.3,0.3,0.6,0.2,0.1,0.1,0.2,0.6,2.4,
Bronny James,21.0,LAL,SG,37.0,1.0,7.9,0.9,2.4,0.391,0.4,1.1,0.375,0.5,1.3,0.404,0.477,0.2,0.2,0.857,0.1,0.4,0.5,1.1,0.4,0.1,0.5,0.6,2.4,
Lindy Waters III,28.0,SAS,SG,39.0,0.0,7.2,0.8,2.2,0.372,0.7,2.0,0.338,0.2,0.2,0.667,0.523,0.1,0.1,0.667,0.1,0.6,0.7,0.5,0.1,0.0,0.2,0.6,2.4,
Chris Boucher,33.0,BOS,PF,9.0,0.0,10.4,0.9,2.8,0.32,0.2,1.7,0.133,0.7,1.1,0.6,0.36,0.3,0.4,0.75,0.2,1.8,2.0,0.3,0.6,0.8,0.1,1.9,2.3,
Yang Hansen,20.0,POR,C,41.0,1.0,7.2,0.8,2.4,0.31,0.1,1.0,0.119,0.6,1.4,0.448,0.335,0.7,0.8,0.824,0.5,1.1,1.6,0.5,0.1,0.2,0.8,1.0,2.3,
Luke Travers,24.0,CLE,SG,12.0,0.0,8.6,0.8,3.0,0.25,0.1,1.3,0.063,0.7,1.7,0.4,0.264,0.8,0.8,1.0,0.8,1.3,2.0,0.8,0.6,0.3,0.3,0.5,2.3,
Chris Youngblood,23.0,2TM,SG,33.0,0.0,5.5,0.7,1.9,0.349,0.5,1.6,0.333,0.1,0.3,0.444,0.492,0.3,0.3,0.9,0.2,0.6,0.8,0.4,0.1,0.1,0.1,0.6,2.2,
Chris Youngblood,23.0,OKC,SG,32.0,0.0,5.4,0.6,1.9,0.333,0.5,1.6,0.314,0.1,0.3,0.444,0.467,0.3,0.3,0.9,0.2,0.7,0.9,0.3,0.1,0.1,0.1,0.6,2.0,
Chris Youngblood,23.0,POR,SG,1.0,0.0,9.0,2.0,3.0,0.667,2.0,3.0,0.667,0.0,0.0,,1.0,0.0,0.0,,0.0,0.0,0.0,1.0,0.0,0.0,0.0,1.0,6.0,
Tristan Enaruna,24.0,CLE,SF,6.0,0.0,5.7,1.0,2.7,0.375,0.2,0.8,0.2,0.8,1.8,0.455,0.406,0.0,0.2,0.0,0.8,0.7,1.5,0.5,0.2,0.0,0.3,0.2,2.2,
Jeff Green,39.0,HOU,PF,28.0,0.0,5.1,0.8,2.0,0.404,0.4,1.4,0.308,0.4,0.6,0.611,0.509,0.1,0.1,1.0,0.2,0.5,0.7,0.2,0.0,0.0,0.0,0.3,2.2,
Hunter Tyson,25.0,DEN,PF,21.0,2.0,7.7,0.7,2.5,0.269,0.3,1.6,0.212,0.3,0.9,0.368,0.337,0.5,0.6,0.846,0.2,1.5,1.7,0.8,0.1,0.0,0.2,0.6,2.2,
JD Davison,23.0,HOU,PG,26.0,0.0,7.1,0.8,2.1,0.389,0.3,1.1,0.286,0.5,1.0,0.5,0.463,0.2,0.3,0.556,0.1,0.8,0.9,1.1,0.2,0.2,0.3,0.6,2.1,
Andre Jackson Jr.,24.0,MIL,SG,43.0,1.0,7.7,0.7,2.2,0.33,0.3,1.2,0.28,0.4,1.0,0.386,0.404,0.3,0.5,0.7,0.6,0.8,1.4,0.9,0.3,0.0,0.6,0.9,2.1,
Maxi Kleber,34.0,LAL,PF,38.0,1.0,10.6,0.8,1.7,0.46,0.2,0.6,0.261,0.6,1.1,0.575,0.508,0.4,0.6,0.583,0.8,1.2,2.0,0.6,0.4,0.3,0.4,1.4,2.1,
Dalano Banton,26.0,2TM,PG,5.0,0.0,5.0,0.8,1.8,0.444,0.0,0.0,,0.8,1.8,0.444,0.444,0.4,0.4,1.0,0.2,0.0,0.2,0.8,0.2,0.2,0.4,0.2,2.0,
Dalano Banton,26.0,LAC,PG,2.0,0.0,5.0,1.5,2.0,0.75,0.0,0.0,,1.5,2.0,0.75,0.75,0.0,0.0,,0.5,0.0,0.5,1.0,0.5,0.0,0.5,0.0,3.0,
Dalano Banton,26.0,BOS,PG,3.0,0.0,5.0,0.3,1.7,0.2,0.0,0.0,,0.3,1.7,0.2,0.2,0.7,0.7,1.0,0.0,0.0,0.0,0.7,0.0,0.3,0.3,0.3,1.3,
Colin Castleton,25.0,ORL,C,1.0,0.0,10.0,1.0,3.0,0.333,0.0,0.0,,1.0,3.0,0.333,0.333,0.0,0.0,,0.0,4.0,4.0,1.0,0.0,0.0,2.0,1.0,2.0,
Hunter Dickinson,25.0,NOP,C,1.0,0.0,5.0,1.0,2.0,0.5,0.0,0.0,,1.0,2.0,0.5,0.5,0.0,0.0,,0.0,0.0,0.0,0.0,0.0,1.0,2.0,2.0,2.0,
Trentyn Flowers,20.0,CHI,SF,2.0,0.0,3.0,1.0,1.5,0.667,0.0,0.5,0.0,1.0,1.0,1.0,0.667,0.0,0.0,,0.5,0.0,0.5,0.5,0.0,0.0,0.5,0.5,2.0,
Keshon Gilbert,22.0,WAS,PG,3.0,0.0,16.0,0.3,1.3,0.25,0.0,0.7,0.0,0.3,0.7,0.5,0.25,1.3,1.3,1.0,0.7,1.0,1.7,1.0,0.7,1.3,2.0,1.0,2.0,
Colby Jones,23.0,DET,SG,1.0,0.0,7.0,1.0,3.0,0.333,0.0,2.0,0.0,1.0,1.0,1.0,0.333,0.0,0.0,,0.0,4.0,4.0,2.0,0.0,0.0,0.0,1.0,2.0,
Johnny Juzang,24.0,MIN,SG,21.0,0.0,4.2,0.8,1.8,0.421,0.3,1.1,0.25,0.5,0.7,0.714,0.5,0.2,0.4,0.625,0.2,0.6,0.8,0.3,0.1,0.0,0.2,0.1,2.0,
Jordan McLaughlin,29.0,SAS,PG,41.0,0.0,6.5,0.8,1.8,0.413,0.4,1.0,0.41,0.4,0.9,0.417,0.52,0.1,0.1,0.8,0.1,0.5,0.7,0.9,0.5,0.0,0.4,0.3,2.0,
Wendell Moore Jr.,24.0,DET,SG,5.0,0.0,10.8,0.8,1.4,0.571,0.0,0.2,0.0,0.8,1.2,0.667,0.571,0.4,0.4,1.0,0.2,1.0,1.2,0.6,0.4,0.4,0.2,0.2,2.0,
Alex Morales,28.0,ORL,PG,1.0,0.0,12.0,1.0,2.0,0.5,0.0,0.0,,1.0,2.0,0.5,0.5,0.0,0.0,,1.0,2.0,3.0,4.0,0.0,0.0,2.0,4.0,2.0,
Zyon Pullin,24.0,MIN,SG,2.0,0.0,3.0,0.5,0.5,1.0,0.0,0.0,,0.5,0.5,1.0,1.0,1.0,1.0,1.0,0.0,0.0,0.0,1.5,0.5,0.0,1.0,1.0,2.0,
Payton Sandfort,23.0,OKC,SF,2.0,0.0,3.5,0.5,2.5,0.2,0.5,2.0,0.25,0.0,0.5,0.0,0.3,0.5,1.0,0.5,0.0,1.0,1.0,0.0,0.0,0.0,0.5,2.5,2.0,
Lucas Williamson,27.0,MEM,,1.0,0.0,8.0,1.0,2.0,0.5,0.0,1.0,0.0,1.0,1.0,1.0,0.5,0.0,0.0,,0.0,0.0,0.0,1.0,0.0,0.0,0.0,1.0,2.0,
Ariel Hukporti,23.0,NYK,C,51.0,4.0,8.8,0.7,1.3,0.53,0.0,0.1,0.25,0.7,1.2,0.548,0.538,0.5,0.6,0.774,1.0,1.8,2.8,0.5,0.2,0.5,0.6,1.2,1.9,
Harrison Ingram,23.0,SAS,SF,6.0,0.0,3.3,0.8,1.0,0.833,0.2,0.2,1.0,0.7,0.8,0.8,0.917,0.0,0.0,,0.5,0.0,0.5,0.2,0.0,0.0,0.2,0.3,1.8,
Bobi Klintman,22.0,DET,SF,12.0,0.0,5.9,0.8,2.3,0.333,0.3,1.1,0.308,0.4,1.2,0.357,0.407,0.0,0.3,0.0,0.4,1.2,1.6,0.5,0.3,0.0,0.5,0.9,1.8,
Isaiah Livers,27.0,PHX,PF,36.0,0.0,9.6,0.6,1.8,0.344,0.3,1.1,0.3,0.3,0.7,0.417,0.438,0.3,0.3,0.75,0.5,1.2,1.7,0.6,0.4,0.2,0.3,0.8,1.8,
Cody Martin,30.0,IND,SF,4.0,0.0,13.8,0.5,2.5,0.2,0.0,1.3,0.0,0.5,1.3,0.4,0.2,0.8,1.5,0.5,0.3,3.3,3.5,0.5,1.0,0.5,1.0,1.3,1.8,
Kevin McCullar Jr.,24.0,NYK,SF,20.0,0.0,6.5,0.7,1.8,0.389,0.3,0.9,0.333,0.4,0.9,0.444,0.472,0.1,0.3,0.4,0.5,0.8,1.3,1.0,0.4,0.0,0.6,0.9,1.8,
Lachlan Olbrich,22.0,CHI,C,31.0,0.0,7.0,0.7,1.4,0.5,0.1,0.4,0.182,0.6,1.1,0.606,0.523,0.3,0.8,0.375,0.8,1.4,2.2,0.6,0.2,0.1,0.4,1.0,1.8,
Orlando Robinson,25.0,ORL,C,4.0,1.0,6.3,0.8,1.3,0.6,0.3,0.5,0.5,0.5,0.8,0.667,0.7,0.0,0.0,,0.5,0.5,1.0,0.8,0.3,0.0,0.0,0.8,1.8,
TyTy Washington Jr.,24.0,LAC,PG,12.0,0.0,6.0,0.8,1.6,0.474,0.3,0.7,0.375,0.5,0.9,0.545,0.553,0.0,0.0,,0.1,0.3,0.3,1.3,0.3,0.2,0.3,0.4,1.8,
Jahmir Young,25.0,MIA,PG,11.0,0.0,4.6,0.7,2.0,0.364,0.2,0.7,0.25,0.5,1.3,0.429,0.409,0.2,0.2,1.0,0.2,0.2,0.4,0.5,0.1,0.0,0.3,0.5,1.8,
Jonathan Mogbo,24.0,TOR,PF,34.0,0.0,6.3,0.7,1.2,0.561,0.0,0.0,0.0,0.7,1.2,0.575,0.561,0.2,0.4,0.583,0.6,1.2,1.8,0.6,0.3,0.2,0.3,0.6,1.6,
Jacob Toppin,25.0,ATL,SF,5.0,0.0,3.4,0.8,1.2,0.667,0.0,0.0,,0.8,1.2,0.667,0.667,0.0,0.0,,0.0,0.2,0.2,0.2,0.0,0.2,0.0,0.2,1.6,
Mason Plumlee,35.0,2TM,C,19.0,2.0,8.2,0.5,0.7,0.769,0.0,0.0,,0.5,0.7,0.769,0.769,0.5,0.7,0.643,0.8,1.8,2.6,1.0,0.5,0.0,0.6,0.8,1.5,
Mason Plumlee,35.0,CHA,C,14.0,2.0,8.9,0.6,0.9,0.75,0.0,0.0,,0.6,0.9,0.75,0.75,0.6,0.9,0.667,0.7,2.1,2.9,1.1,0.4,0.0,0.6,0.7,1.9,
Mason Plumlee,35.0,SAS,C,5.0,0.0,6.2,0.2,0.2,1.0,0.0,0.0,,0.2,0.2,1.0,1.0,0.2,0.4,0.5,1.2,0.8,2.0,0.6,0.8,0.0,0.6,1.2,0.6,
Alex Antetokounmpo,24.0,MIL,SF,2.0,0.0,3.5,0.0,0.5,0.0,0.0,0.5,0.0,0.0,0.0,,0.0,1.5,2.0,0.75,0.0,0.0,0.0,0.0,0.0,0.0,0.0,0.0,1.5,
Buddy Boeheim,26.0,OKC,SF,4.0,0.0,3.8,0.5,1.5,0.333,0.5,1.5,0.333,0.0,0.0,,0.5,0.0,0.0,,0.0,0.0,0.0,0.0,0.0,0.0,0.0,0.3,1.5,
Rocco Zikarsky,19.0,MIN,C,4.0,0.0,4.0,0.8,1.3,0.6,0.0,0.0,,0.8,1.3,0.6,0.6,0.0,0.0,,0.5,0.8,1.3,0.0,0.0,0.8,0.0,0.3,1.5,
Adou Thiero,21.0,LAL,SF,21.0,0.0,5.1,0.5,1.0,0.455,0.0,0.0,0.0,0.5,1.0,0.476,0.455,0.4,0.6,0.75,0.3,0.6,1.0,0.3,0.2,0.1,0.2,0.8,1.4,
Xavier Tillman Sr.,27.0,2TM,C,27.0,1.0,6.0,0.6,1.5,0.39,0.1,0.7,0.167,0.5,0.9,0.565,0.427,0.0,0.1,0.25,0.7,0.7,1.4,0.4,0.3,0.1,0.3,0.5,1.3,
Xavier Tillman Sr.,27.0,BOS,C,14.0,1.0,7.9,1.0,2.2,0.452,0.2,1.1,0.2,0.8,1.1,0.688,0.5,0.0,0.0,,0.7,1.1,1.8,0.4,0.4,0.1,0.4,0.6,2.2,
Xavier Tillman Sr.,27.0,CHA,C,13.0,0.0,3.8,0.2,0.8,0.2,0.0,0.2,0.0,0.2,0.5,0.286,0.2,0.1,0.3,0.25,0.6,0.4,1.0,0.5,0.2,0.1,0.2,0.3,0.4,
Brooks Barnhizer,23.0,OKC,SG,37.0,0.0,7.6,0.5,1.4,0.373,0.1,0.5,0.294,0.4,0.9,0.412,0.422,0.1,0.2,0.667,0.4,1.3,1.7,0.5,0.2,0.1,0.2,0.6,1.3,
Isaiah Crawford,24.0,HOU,SF,13.0,0.0,5.8,0.5,1.4,0.333,0.2,0.8,0.2,0.3,0.6,0.5,0.389,0.2,0.3,0.75,0.2,0.6,0.8,0.3,0.2,0.2,0.2,0.2,1.3,
Nigel Hayes-Davis,31.0,PHX,SF,27.0,0.0,7.2,0.6,1.7,0.326,0.1,0.6,0.125,0.5,1.1,0.433,0.348,0.1,0.1,0.5,0.4,0.8,1.2,0.3,0.3,0.1,0.3,0.6,1.3,
Curtis Jones,24.0,DEN,SG,7.0,0.0,4.7,0.6,2.0,0.286,0.1,1.3,0.111,0.4,0.7,0.6,0.321,0.0,0.0,,0.1,0.6,0.7,0.6,0.1,0.0,0.1,0.4,1.3,
Kyle Lowry,39.0,PHI,PG,13.0,0.0,8.7,0.3,1.5,0.2,0.3,1.5,0.2,0.0,0.0,,0.3,0.4,0.5,0.833,0.0,0.7,0.7,0.8,0.2,0.2,0.3,0.6,1.3,
David Roddy,24.0,DEN,PF,3.0,0.0,4.7,0.3,1.7,0.2,0.0,1.3,0.0,0.3,0.3,1.0,0.2,0.7,0.7,1.0,0.3,1.3,1.7,0.7,0.3,0.0,0.0,0.7,1.3,
Amari Williams,24.0,BOS,PF,21.0,2.0,6.5,0.4,0.9,0.474,0.0,0.0,,0.4,0.9,0.474,0.474,0.5,0.7,0.714,0.4,1.4,1.9,0.4,0.1,0.5,0.5,0.8,1.3,
Isaac Jones,25.0,2TM,PF,6.0,1.0,4.3,0.5,1.0,0.5,0.0,0.3,0.0,0.5,0.7,0.75,0.5,0.2,0.3,0.5,0.3,0.5,0.8,0.2,0.0,0.2,0.0,0.7,1.2,
Isaac Jones,25.0,SAC,PF,3.0,1.0,5.7,0.3,0.7,0.5,0.0,0.3,0.0,0.3,0.3,1.0,0.5,0.3,0.7,0.5,0.7,0.0,0.7,0.3,0.0,0.0,0.0,1.3,1.0,
Isaac Jones,25.0,DET,PF,3.0,0.0,3.0,0.7,1.3,0.5,0.0,0.3,0.0,0.7,1.0,0.667,0.5,0.0,0.0,,0.0,1.0,1.0,0.0,0.0,0.3,0.0,0.0,1.3,
Thanasis Antetokounmpo,33.0,MIL,SF,30.0,0.0,3.7,0.4,0.8,0.478,0.0,0.1,0.0,0.4,0.7,0.524,0.478,0.5,0.8,0.625,0.3,0.6,0.9,0.3,0.3,0.2,0.3,0.4,1.2,
Javonte Cooke,26.0,POR,SG,19.0,0.0,4.9,0.5,2.2,0.22,0.2,1.2,0.13,0.3,0.9,0.333,0.256,0.1,0.1,1.0,0.2,0.8,1.0,0.4,0.3,0.0,0.5,0.3,1.2,
Dillon Jones,24.0,NYK,SF,6.0,0.0,4.5,0.2,1.0,0.167,0.2,0.7,0.25,0.0,0.3,0.0,0.25,0.7,0.7,1.0,0.3,0.7,1.0,0.7,0.3,0.0,0.0,0.8,1.2,
Pacôme Dadiet,20.0,NYK,SG,26.0,0.0,3.7,0.3,1.2,0.3,0.2,0.8,0.238,0.2,0.3,0.444,0.383,0.2,0.2,1.0,0.1,0.7,0.8,0.4,0.1,0.0,0.1,0.2,1.1,
CJ Huntley,24.0,PHX,SF,2.0,0.0,3.5,0.5,1.0,0.5,0.0,0.0,,0.5,1.0,0.5,0.5,0.0,0.0,,0.0,0.0,0.0,0.5,0.0,0.0,0.0,0.5,1.0,
Hunter Sallis,22.0,PHI,SG,7.0,0.0,3.7,0.4,0.7,0.6,0.0,0.0,,0.4,0.7,0.6,0.6,0.1,0.3,0.5,0.0,0.1,0.1,0.6,0.0,0.1,0.7,0.3,1.0,
Dario Šarić,31.0,SAC,C,5.0,0.0,8.2,0.2,1.2,0.167,0.2,0.6,0.333,0.0,0.6,0.0,0.25,0.4,0.4,1.0,0.2,1.0,1.2,0.4,0.0,0.0,0.4,0.6,1.0,
Olivier Sarr,26.0,CLE,C,1.0,0.0,4.0,0.0,0.0,,0.0,0.0,,0.0,0.0,,,1.0,2.0,0.5,0.0,0.0,0.0,0.0,0.0,0.0,0.0,2.0,1.0,
Stanley Umude,26.0,SAS,SG,2.0,0.0,3.5,0.5,1.0,0.5,0.0,0.5,0.0,0.5,0.5,1.0,0.5,0.0,0.0,,0.0,0.0,0.0,0.5,0.5,0.0,0.0,1.0,1.0,
Bismack Biyombo,33.0,SAS,C,24.0,1.0,5.7,0.3,0.6,0.571,0.0,0.0,,0.3,0.6,0.571,0.571,0.2,0.3,0.714,0.2,0.8,1.0,0.2,0.2,0.1,0.3,1.1,0.9,
Johni Broome,23.0,PHI,C,11.0,0.0,5.0,0.4,2.2,0.167,0.0,0.5,0.0,0.4,1.7,0.211,0.167,0.2,0.5,0.333,0.6,0.8,1.5,0.4,0.3,0.2,0.3,0.6,0.9,
N'Faly Dante,24.0,ATL,C,4.0,0.0,3.8,0.3,1.0,0.25,0.0,0.0,,0.3,1.0,0.25,0.25,0.3,0.3,1.0,0.8,1.0,1.8,0.0,0.5,0.0,0.3,0.3,0.8,
Markelle Fultz,27.0,TOR,PG,5.0,0.0,7.2,0.4,2.2,0.182,0.0,0.0,,0.4,2.2,0.182,0.182,0.0,0.0,,0.0,0.2,0.2,1.6,0.4,0.0,0.8,0.4,0.8,
Vladislav Goldin,24.0,MIA,C,5.0,0.0,2.8,0.4,0.6,0.667,0.0,0.0,,0.4,0.6,0.667,0.667,0.0,0.0,,0.2,0.6,0.8,0.4,0.0,0.2,0.2,0.6,0.8,
Joe Ingles,38.0,MIN,SF,25.0,0.0,4.1,0.3,0.5,0.538,0.1,0.3,0.375,0.2,0.2,0.8,0.654,0.1,0.1,1.0,0.0,0.4,0.4,0.8,0.3,0.0,0.4,0.2,0.8,
Trey Jemison,26.0,NYK,C,11.0,0.0,5.5,0.4,0.6,0.571,0.0,0.0,,0.4,0.6,0.571,0.571,0.1,0.1,1.0,0.7,0.7,1.5,0.3,0.1,0.2,0.5,0.8,0.8,
Drew Peterson,26.0,CHA,PF,6.0,0.0,10.7,0.3,2.7,0.125,0.0,2.0,0.0,0.3,0.7,0.5,0.125,0.2,0.3,0.5,0.5,1.0,1.5,0.3,0.5,0.2,0.0,0.5,0.8,
Garrett Temple,39.0,TOR,SG,21.0,0.0,3.3,0.1,0.7,0.214,0.1,0.5,0.182,0.0,0.1,0.333,0.286,0.3,0.4,0.667,0.0,0.3,0.4,0.4,0.1,0.1,0.3,0.3,0.7,
Max Shulga,23.0,BOS,SG,9.0,0.0,1.4,0.1,0.4,0.25,0.0,0.1,0.0,0.1,0.3,0.333,0.25,0.2,0.2,1.0,0.1,0.0,0.1,0.2,0.0,0.0,0.1,0.6,0.4,
John Tonje,24.0,BOS,SG,5.0,0.0,2.4,0.0,0.4,0.0,0.0,0.4,0.0,0.0,0.0,,0.0,0.4,0.4,1.0,0.0,0.4,0.4,0.2,0.2,0.0,0.0,0.2,0.4,
Chris Mañon,24.0,LAL,SG,6.0,0.0,4.2,0.0,0.3,0.0,0.0,0.3,0.0,0.0,0.0,,0.0,0.3,0.3,1.0,0.2,0.8,1.0,0.2,0.5,0.3,0.2,0.8,0.3,
Jahmyl Telfort,24.0,LAC,PF,8.0,0.0,4.0,0.0,0.5,0.0,0.0,0.5,0.0,0.0,0.0,,0.0,0.1,0.5,0.25,0.0,0.4,0.4,0.1,0.1,0.0,0.1,0.6,0.1,
Darius Brown II,26.0,CLE,SG,1.0,0.0,3.0,0.0,1.0,0.0,0.0,0.0,,0.0,1.0,0.0,0.0,0.0,0.0,,0.0,1.0,1.0,0.0,0.0,0.0,0.0,0.0,0.0,
Noa Essengue,19.0,CHI,PF,2.0,0.0,3.0,0.0,1.5,0.0,0.0,1.0,0.0,0.0,0.5,0.0,0.0,0.0,0.0,,0.0,0.0,0.0,0.0,0.5,0.0,0.0,0.5,0.0,
Tosan Evbuomwan,24.0,NYK,SF,5.0,0.0,1.6,0.0,0.2,0.0,0.0,0.0,,0.0,0.2,0.0,0.0,0.0,0.0,,0.2,0.2,0.4,0.0,0.0,0.0,0.0,0.2,0.0,
Enrique Freeman,25.0,MIN,PF,2.0,0.0,4.0,0.0,0.0,,0.0,0.0,,0.0,0.0,,,0.0,0.0,,0.0,1.5,1.5,0.0,0.0,0.5,0.0,0.0,0.0,
Chucky Hepburn,22.0,TOR,PG,2.0,0.0,6.5,0.0,3.0,0.0,0.0,2.5,0.0,0.0,0.5,0.0,0.0,0.0,0.0,,0.0,0.5,0.5,1.0,0.5,0.0,0.5,1.0,0.0,
Trevor Keels,22.0,MIA,SG,4.0,0.0,1.3,0.0,1.0,0.0,0.0,0.8,0.0,0.0,0.3,0.0,0.0,0.0,0.0,,0.0,0.5,0.5,0.0,0.0,0.0,0.0,0.0,0.0,
League Average,,,,,,,,,0.47,,,0.359,,,0.549,0.545,,,0.783,,,,,,,,,,
