PLAYER_ID,PLAYER_NAME,TEAM_ABBREVIATION,GP,MIN,DIST_MILES,AVG_SPEED
1630639,A.J. Lawson,TOR,7,51.0,3.9,4.63
203932,Aaron Gordon,DEN,3,89.0,6.1,4.1
1628988,Aaron Holiday,HOU,6,67.0,4.4,3.97
1630598,Aaron Wiggins,OKC,13,75.0,5.7,4.52
1641737,Adem Bona,PHI,10,96.0,7.0,4.4
1642876,Adou Thiero,LAL,6,34.0,2.5,4.5
1642349,Ajay Mitchell,OKC,11,317.0,24.2,4.55
1627936,Alex Caruso,OKC,15,353.0,26.8,4.52
1630578,Alperen Sengun,HOU,6,232.0,14.6,3.78
1642873,Amari Williams,BOS,1,2.0,0.1,3.84
1641708,Amen Thompson,HOU,6,264.0,18.2,4.15
1629599,Amir Coffey,PHX,4,6.0,0.4,3.82
203083,Andre Drummond,PHI,11,142.0,9.4,3.99
1641710,Anthony Black,ORL,7,196.0,14.0,4.35
1630162,Anthony Edwards,MIN,10,324.0,22.1,3.98
1630574,Ariel Hukporti,NYK,10,76.0,5.8,4.61
1642854,Asa Newell,ATL,2,11.0,0.8,4.47
1641709,Ausar Thompson,DET,14,427.0,31.1,4.36
1630559,Austin Reaves,LAL,6,221.0,14.6,3.98
1630245,Ayo Dosunmu,MIN,10,292.0,21.2,4.27
1631248,Baylor Scheierman,BOS,7,99.0,6.7,4.06
202687,Bismack Biyombo,SAS,9,25.0,1.7,4.03
1631104,Blake Wesley,POR,4,5.0,0.3,3.91
1630538,Bones Hyland,MIN,10,116.0,8.7,4.49
1627742,Brandon Ingram,TOR,5,148.0,9.8,3.98
1642355,Bronny James,LAL,8,42.0,2.9,4.11
1628971,Bruce Brown,DEN,6,116.0,8.2,4.24
1627741,Buddy Hield,ATL,2,13.0,1.0,4.61
203468,CJ McCollum,ATL,6,192.0,14.2,4.44
1630595,Cade Cunningham,DET,14,572.0,40.2,4.2
1629661,Cameron Johnson,DEN,6,186.0,13.3,4.29
1627747,Caris LeVert,DET,13,216.0,15.8,4.31
1642868,Carter Bryant,SAS,22,187.0,14.7,4.62
1641717,Cason Wallace,OKC,15,374.0,27.6,4.41
1642404,Chaz Lanier,DET,3,8.0,0.5,4.27
1631096,Chet Holmgren,OKC,15,459.0,33.9,4.41
1631128,Christian Braun,DEN,6,187.0,13.8,4.44
203991,Clint Capela,HOU,4,22.0,1.4,3.89
1631221,Collin Gillespie,PHX,4,114.0,9.1,4.81
1642867,Collin Murray-Boyles,TOR,7,191.0,13.6,4.28
1630557,Corey Kispert,ATL,5,54.0,4.2,4.66
1641854,Craig Porter Jr.,CLE,7,21.0,1.4,3.98
1641747,DaRon Holmes II,DEN,2,4.0,0.3,4.32
1630625,Dalano Banton,BOS,2,4.0,0.3,4.41
1631207,Dalen Terry,PHI,7,39.0,3.1,4.71
1642261,Dalton Knecht,LAL,5,18.0,1.2,3.96
1642450,Daniss Jenkins,DET,14,318.0,24.5,4.6
1628368,De'Aaron Fox,SAS,21,704.0,51.5,4.33
1629731,Dean Wade,CLE,18,407.0,31.7,4.65
1629028,Deandre Ayton,LAL,10,285.0,18.4,3.89
1630166,Deni Avdija,POR,5,174.0,12.3,4.25
203471,Dennis Schröder,CLE,17,271.0,20.6,4.52
1628401,Derrick White,BOS,7,251.0,17.4,4.17
1630217,Desmond Bane,ORL,7,253.0,16.8,4.02
1626164,Devin Booker,PHX,4,153.0,10.6,4.16
1630170,Devin Vassell,SAS,23,801.0,59.8,4.39
1628415,Dillon Brooks,PHX,4,149.0,10.5,4.23
1631230,Dominick Barlow,PHI,9,96.0,7.2,4.53
1642270,Donovan Clingan,POR,5,107.0,7.3,4.1
1628378,Donovan Mitchell,CLE,18,652.0,44.5,4.06
1628978,Donte DiVincenzo,MIN,4,96.0,7.0,4.37
1627827,Dorian Finney-Smith,HOU,4,49.0,3.3,4.02
1629130,Duncan Robinson,DET,13,383.0,28.8,4.48
1642844,Dylan Harper,SAS,23,615.0,46.9,4.47
1630700,Dyson Daniels,ATL,6,166.0,12.4,4.51
1630596,Evan Mobley,CLE,18,640.0,46.0,4.29
1630532,Franz Wagner,ORL,4,122.0,8.9,4.44
1629216,Gabe Vincent,ATL,6,93.0,7.1,4.59
202066,Garrett Temple,TOR,2,2.0,0.1,2.98
1629048,Goga Bitadze,ORL,6,83.0,5.9,4.31
1641711,Gradey Dick,TOR,3,4.0,0.2,2.98
1628960,Grayson Allen,PHX,2,38.0,2.7,4.29
203084,Harrison Barnes,SAS,20,183.0,13.7,4.47
1629312,Haywood Highsmith,PHX,2,11.0,0.9,4.38
1642864,Hugo González,BOS,4,19.0,1.3,4.15
1628392,Isaiah Hartenstein,OKC,15,350.0,26.6,4.56
1630198,Isaiah Joe,OKC,13,143.0,11.2,4.7
1630191,Isaiah Stewart,DET,14,165.0,11.3,4.13
1631120,JD Davison,HOU,2,5.0,0.3,3.43
1642266,Ja'Kobe Walter,TOR,7,224.0,17.0,4.56
1631095,Jabari Smith Jr.,HOU,6,252.0,16.6,3.97
1631133,Jabari Walker,PHI,6,29.0,2.1,4.28
1630183,Jaden McDaniels,MIN,12,406.0,31.0,4.5
1630256,Jae'Sean Tate,HOU,5,30.0,2.1,4.15
1631222,Jake LaRavia,LAL,8,114.0,8.7,4.59
1627751,Jakob Poeltl,TOR,7,134.0,10.5,4.7
1628973,Jalen Brunson,NYK,19,702.0,50.6,4.32
1631105,Jalen Duren,DET,14,422.0,28.8,4.06
1630224,Jalen Green,PHX,4,151.0,11.5,4.59
1630552,Jalen Johnson,ATL,6,214.0,15.3,4.29
1629618,Jalen Pickett,DEN,2,4.0,0.3,4.32
1630591,Jalen Suggs,ORL,7,248.0,17.5,4.28
1631114,Jalen Williams,OKC,5,107.0,8.1,4.42
1631288,Jamal Cain,ORL,7,123.0,9.1,4.5
1627750,Jamal Murray,DEN,6,238.0,16.4,4.14
1642347,Jamal Shead,TOR,7,224.0,15.4,4.13
1631123,Jamaree Bouyea,PHX,4,10.0,0.6,3.76
201935,James Harden,CLE,18,672.0,41.1,3.65
1642419,Jamison Battle,TOR,6,71.0,5.5,4.65
1642272,Jared McCain,OKC,15,258.0,19.8,4.58
1629020,Jarred Vanderbilt,LAL,7,75.0,5.5,4.39
1628386,Jarrett Allen,CLE,18,529.0,35.9,4.04
1642859,Jase Richardson,ORL,1,3.0,0.2,4.21
1629750,Javonte Green,DET,11,132.0,9.4,4.26
1629637,Jaxson Hayes,LAL,10,163.0,10.6,3.92
1627759,Jaylen Brown,BOS,7,249.0,16.8,4.04
1641740,Jaylen Clark,MIN,6,57.0,4.1,4.29
1631119,Jaylin Williams,OKC,15,240.0,15.9,3.97
1642281,Jaylon Tyson,CLE,17,216.0,16.3,4.52
1628369,Jayson Tatum,BOS,6,218.0,13.7,3.78
201145,Jeff Green,HOU,2,11.0,0.7,3.98
203924,Jerami Grant,POR,5,112.0,8.1,4.36
1631110,Jeremy Sochan,NYK,7,26.0,2.0,4.57
1641724,Jett Howard,ORL,1,3.0,0.2,4.21
1628975,Jevon Carter,ORL,3,17.0,1.2,4.43
1642866,Joan Beringer,MIN,5,23.0,1.8,4.57
204060,Joe Ingles,MIN,3,14.0,0.9,3.98
203954,Joel Embiid,PHI,7,233.0,13.9,3.59
1641780,Johni Broome,PHI,2,8.0,0.6,4.66
202685,Jonas Valanciunas,DEN,4,25.0,1.7,4.1
1630228,Jonathan Kuminga,ATL,6,156.0,10.9,4.21
1642367,Jonathan Mogbo,TOR,3,4.0,0.2,2.98
203903,Jordan Clarkson,NYK,18,195.0,15.9,4.89
1630692,Jordan Goodwin,PHX,1,5.0,0.4,4.88
1629162,Jordan McLaughlin,SAS,10,46.0,3.6,4.63
1641775,Jordan Walsh,BOS,7,89.0,6.2,4.19
1630631,Jose Alvarado,NYK,18,170.0,13.2,4.65
1628404,Josh Hart,NYK,19,614.0,44.1,4.3
1629006,Josh Okogie,HOU,6,104.0,7.2,4.14
201950,Jrue Holiday,POR,5,192.0,13.7,4.3
1630577,Julian Champagnie,SAS,23,705.0,52.2,4.38
1641763,Julian Phillips,MIN,5,25.0,1.9,4.41
1631124,Julian Strawther,DEN,2,18.0,1.4,4.63
203944,Julius Randle,MIN,12,400.0,26.7,3.94
1642348,Justin Edwards,PHI,9,109.0,7.7,4.23
1626157,Karl-Anthony Towns,NYK,19,578.0,35.9,3.74
1630811,Keaton Wallace,ATL,3,15.0,1.2,4.66
1629640,Keldon Johnson,SAS,23,411.0,30.5,4.39
203482,Kelly Olynyk,SAS,9,35.0,2.6,4.39
1626162,Kelly Oubre Jr.,PHI,11,364.0,25.3,4.18
1629026,Kenrich Williams,OKC,11,72.0,4.9,4.09
1631165,Keon Ellis,CLE,12,89.0,6.7,4.51
201142,Kevin Durant,HOU,1,41.0,2.5,3.67
1628989,Kevin Huerter,DET,5,46.0,3.4,4.5
1642863,Khaman Maluach,PHX,4,45.0,3.5,4.64
1631200,Kris Murray,POR,5,25.0,1.8,4.28
203937,Kyle Anderson,MIN,8,61.0,4.2,4.11
200768,Kyle Lowry,PHI,2,3.0,0.1,2.14
1629013,Landry Shamet,NYK,19,310.0,23.7,4.6
1626204,Larry Nance Jr.,CLE,2,5.0,0.3,3.85
2544,LeBron James,LAL,10,384.0,22.8,3.58
1630322,Lindy Waters III,SAS,9,34.0,2.5,4.37
1629652,Luguentz Dort,OKC,15,335.0,23.2,4.16
1630568,Luka Garza,BOS,7,59.0,4.5,4.56
1628379,Luke Kennard,LAL,10,326.0,21.6,3.99
1628436,Luke Kornet,SAS,23,296.0,23.1,4.57
1631204,Marcus Sasser,DET,6,61.0,4.4,4.28
203935,Marcus Smart,LAL,10,345.0,22.1,3.82
203486,Mason Plumlee,SAS,6,18.0,1.4,4.45
1629680,Matisse Thybulle,POR,4,53.0,3.9,4.42
1642917,Max Shulga,BOS,2,5.0,0.3,3.82
1629622,Max Strus,CLE,18,481.0,38.3,4.75
1628467,Maxi Kleber,LAL,3,14.0,0.9,3.75
1628969,Mikal Bridges,NYK,19,608.0,47.1,4.63
201144,Mike Conley,MIN,12,168.0,12.8,4.49
1630540,Miles McBride,NYK,19,334.0,24.6,4.42
1629011,Mitchell Robinson,NYK,18,251.0,17.4,4.15
1642885,Mohamed Diawara,NYK,6,43.0,3.2,4.53
1629021,Moritz Wagner,ORL,2,13.0,0.9,4.33
1631243,Mouhamed Gueye,ATL,6,50.0,4.0,4.76
1641772,Nae'Qwan Tomlin,CLE,7,19.0,1.4,4.34
1629675,Naz Reid,MIN,12,323.0,24.2,4.38
1629674,Neemias Queta,BOS,7,152.0,10.9,4.31
1641733,Nick Smith Jr.,LAL,6,18.0,1.3,4.29
1629638,Nickeil Alexander-Walker,ATL,6,213.0,16.5,4.67
203999,Nikola Jokić,DEN,6,237.0,14.6,3.7
1642260,Nikola Topić,OKC,9,22.0,1.6,4.34
202696,Nikola Vučević,BOS,6,114.0,7.3,3.85
1642869,Noah Penda,ORL,1,3.0,0.2,4.21
1628384,OG Anunoby,NYK,17,586.0,40.2,4.1
1630168,Onyeka Okongwu,ATL,6,199.0,13.5,4.09
1642345,Oso Ighodaro,PHX,4,129.0,9.3,4.38
1642359,Pacôme Dadiet,NYK,7,40.0,3.1,4.68
1631094,Paolo Banchero,ORL,7,273.0,18.4,4.08
202331,Paul George,PHI,11,394.0,25.8,3.94
1630194,Paul Reed,DET,9,86.0,6.6,4.43
1630202,Payton Pritchard,BOS,7,231.0,15.6,4.08
1629656,Quentin Grimes,PHI,11,243.0,16.4,4.06
1629628,RJ Barrett,TOR,7,271.0,19.1,4.24
1642853,Rasheer Fleming,PHX,4,18.0,1.3,4.25
1642263,Reed Sheppard,HOU,6,192.0,13.4,4.19
1629057,Robert Williams III,POR,5,108.0,7.3,4.05
1631199,Ron Harper Jr.,BOS,6,25.0,1.7,4.03
1641842,Ronald Holland II,DET,9,58.0,4.3,4.51
1626220,Royce O'Neale,PHX,4,97.0,7.1,4.38
203497,Rudy Gobert,MIN,12,372.0,27.2,4.33
1629060,Rui Hachimura,LAL,10,386.0,26.1,4.1
1642346,Ryan Dunn,PHX,4,34.0,2.6,4.6
1630573,Sam Hauser,BOS,7,164.0,12.3,4.51
1630241,Sam Merrill,CLE,17,338.0,25.7,4.54
1630572,Sandro Mamukelashvili,TOR,7,104.0,8.0,4.63
1630703,Scoot Henderson,POR,5,145.0,10.9,4.52
1630567,Scottie Barnes,TOR,7,273.0,19.3,4.25
1631101,Shaedon Sharpe,POR,5,67.0,4.9,4.39
1628983,Shai Gilgeous-Alexander,OKC,15,544.0,35.9,3.94
1631321,Sidy Cissoko,POR,4,26.0,1.7,3.9
1642461,Spencer Jones,DEN,6,145.0,10.0,4.14
1642264,Stephon Castle,SAS,23,760.0,55.4,4.28
1631106,Tari Eason,HOU,6,195.0,12.8,3.95
1630545,Terrence Shannon Jr,MIN,9,203.0,15.1,4.32
1628418,Thomas Bryant,CLE,9,41.0,2.7,3.94
203501,Tim Hardaway Jr.,DEN,6,140.0,9.1,3.91
202699,Tobias Harris,DET,14,485.0,34.7,4.27
1642449,Tolu Smith,DET,3,7.0,0.5,4.64
1628396,Tony Bradley,ATL,4,41.0,2.9,4.29
1641739,Toumani Camara,POR,5,165.0,13.0,4.73
1631218,Trayce Jackson-Davis,TOR,3,4.0,0.2,2.98
1630570,Trendon Watford,PHI,7,40.0,2.7,4.06
1641783,Tristan da Silva,ORL,7,107.0,8.0,4.52
1642278,Tyler Kolek,NYK,8,53.0,4.1,4.63
1630178,Tyrese Maxey,PHI,11,437.0,30.3,4.17
1642878,Tyrese Proctor,CLE,4,13.0,0.9,4.22
1626145,Tyus Jones,DEN,3,30.0,2.2,4.39
1642845,VJ Edgecombe,PHI,11,407.0,28.9,4.27
1641705,Victor Wembanyama,SAS,22,750.0,52.4,4.14
1630249,Vít Krejčí,POR,4,16.0,1.2,4.38
1628976,Wendell Carter Jr.,ORL,7,237.0,15.2,3.89
1642905,Yang Hansen,POR,4,5.0,0.2,2.61
1642258,Zaccharie Risacher,ATL,3,23.0,1.7,4.49
1630192,Zeke Nnaji,DEN,2,19.0,1.4,4.43
